copy_id,topper,air,year,paper,optional,source,provenance,question_count,pdf_url
52,A R Rajah,7,2025,Essay,0,Forumias,upsckata,2,https://forumias.com/blog/wp-content/uploads/2026/03/A-R-RAJAH-MOHAIDEEN-UPSC-IAS-2025-Toppers-AIR-7-Sample-MGP-Copy-3.pdf
51,A R Rajah,7,2025,GS4,0,Forumias,upsckata,20,https://forumias.com/blog/wp-content/uploads/2026/03/A-R-RAJAH-MOHAIDEEN-UPSC-IAS-2025-Toppers-AIR-7-Sample-MGP-Copy-2.pdf
1092,Aaditi Chhaparia,97,2024,Essay,0,UnlockIAS,link,0,https://drive.google.com/file/d/1jHx4FBtdjQe9uzP3mHeMzYojELWxtTyO/view
1093,Aaditi Chhaparia,97,2024,Essay,0,UnlockIAS,link,0,https://drive.google.com/file/d/1ZTS6nSMVnCaLUB-t6_pDU4rvYagpeJo4/view
1094,Aaditi Chhaparia,97,2024,Essay,0,Vajiram & Ravi,link,0,https://vajiramias.sgp1.cdn.digitaloceanspaces.com/strapi/ESSAY_PROGRAME_AADITI_CHHAPARIA_AIR_97_61ba7ea2de.pdf
1206,Aaditi Chhaparia,97,2024,GS1,0,UnlockIAS,link,0,https://drive.google.com/file/d/17qhEdL1YgIMmIJwCclyGgydfAJCs8sIA/view
1207,Aaditi Chhaparia,97,2024,GS1,0,UnlockIAS,link,0,https://drive.google.com/file/d/1G_tlF481qqu8QkUbPaSYDE6TVeXgGTgK/view
930,Aaditya Pandey,,,GS4,0,Forumias,upsckata,24,https://drive.google.com/file/d/1F1ZcXReAolRrfqk_nRIxdDPfYcyzxtgr/view
1165,Aakash Garg,5,2024,GS1,0,UnlockIAS,link,0,https://drive.google.com/file/d/1XQqvENMV0lU0zc_ED_xUu3vONYN7Ig-D/view
1166,Aakash Garg,5,2024,GS1,0,UnlockIAS,link,0,https://drive.google.com/file/d/1Yw33CVkvFh9y5vlaNdkDfqNWGsAi0Is_/view
1272,Aakash Garg,5,2024,GS2,0,UnlockIAS,link,0,https://drive.google.com/file/d/1EpHIOY0--eiK-ISO4py2rxORLkZdF-r8/view
1344,Aakash Garg,5,2024,GS3,0,UnlockIAS,link,0,https://drive.google.com/file/d/1Hcg5SmW5VjSZXELETYAXWC6tDrR6bLgI/view
1345,Aakash Garg,5,2024,GS3,0,UnlockIAS,link,0,https://drive.google.com/file/d/16widve025iJMZ0vacLxxfE5kb8p1puzO/view
1404,Aakash Garg,5,2024,GS4,0,UnlockIAS,link,0,https://drive.google.com/file/d/1-44_L-wCws85kxGaYRA6lKRVGoS3D97u/view
53,Aakash Om Trivedi,,,Essay,0,Vision,upsckata,1,https://cdn.visionias.in/toppersanswerbooklet/3548e-1142925_4514_aakash_om_trivedi_rank_73.pdf
1650,Aakash Om Trivedi,73,2025,Essay,0,VisionIAS,link,0,https://cdn.visionias.in/toppersanswerbooklet/3548e-1142925_4514_aakash_om_trivedi_rank_73.pdf
54,Aakash Om Trivedi,,,GS1,0,Visionias,upsckata,20,https://cdn.visionias.in/toppersanswerbooklet/812a2-1142925_4510_aakash_om_trivedi_rank_73.pdf
1647,Aakash Om Trivedi,73,2025,GS1,0,VisionIAS,link,0,https://cdn.visionias.in/toppersanswerbooklet/812a2-1142925_4510_aakash_om_trivedi_rank_73.pdf
1646,Aakash Om Trivedi,73,2025,GS2,0,VisionIAS,link,0,https://cdn.visionias.in/toppersanswerbooklet/82b2e-1142925_2929_aakash_om_trivedi_rank_73.pdf
55,Aakash Om Trivedi,,,GS3,0,Vision,upsckata,20,https://cdn.visionias.in/toppersanswerbooklet/0eee2-1142925_4512_aakash_om_trivedi_rank_73.pdf
1648,Aakash Om Trivedi,73,2025,GS3,0,VisionIAS,link,0,https://cdn.visionias.in/toppersanswerbooklet/0eee2-1142925_4512_aakash_om_trivedi_rank_73.pdf
1445,Aakash Om Trivedi,73,2025,GS4,0,UnlockIAS,link,0,https://drive.google.com/file/d/1fdKtpEf32OErYxpXDKb05K38Ez7yh1gm/view
1649,Aakash Om Trivedi,73,2025,GS4,0,VisionIAS,link,0,https://cdn.visionias.in/toppersanswerbooklet/145c9-1142925_4513_aakash_om_trivedi_rank_73.pdf
2663,Aakash Om Trivedi,73,2025,Optional — Mathematics,1,VisionIAS,submission,0,https://cdn.visionias.in/toppersanswerbooklet/42072-1142925_3124_aakash_om_trivedi_rank_73.pdf
2664,Aakash Om Trivedi,73,2025,Optional — Mathematics,1,VisionIAS,submission,0,https://cdn.visionias.in/toppersanswerbooklet/96cbf-1142925_3125_aakash_om_trivedi_rank_73.pdf
57,Aakash Trivedi,,,GS2,0,Vision,upsckata,20,https://cdn.visionias.in/toppersanswerbooklet/82b2e-1142925_2929_aakash_om_trivedi_rank_73.pdf
56,Aakash Trivedi,,,GS4,0,Vision,upsckata,23,https://cdn.visionias.in/toppersanswerbooklet/145c9-1142925_4513_aakash_om_trivedi_rank_73.pdf
1197,Aakriti,93,2025,GS1,0,Sleepy Classes,link,0,https://sleepyclasses.com/wp-content/uploads/2026/04/Aakriti-RTR-HLT-1.pdf
1198,Aakriti,93,2025,GS1,0,Sleepy Classes,link,0,https://sleepyclasses.com/wp-content/uploads/2026/04/Aakriti-RTR-HLT-2.pdf
1199,Aakriti,93,2025,GS1,0,Sleepy Classes,link,0,https://sleepyclasses.com/wp-content/uploads/2026/04/Aakriti-RTR-HLT-4.pdf
1200,Aakriti,93,2025,GS1,0,Sleepy Classes,link,0,https://sleepyclasses.com/wp-content/uploads/2026/04/Aakriti-RTR-HLT-5.pdf
1201,Aakriti,93,2025,GS1,0,Sleepy Classes,link,0,https://sleepyclasses.com/wp-content/uploads/2026/04/Aakriti-RTR-HLT-6.pdf
1202,Aakriti,93,2025,GS1,0,Sleepy Classes,link,0,https://sleepyclasses.com/wp-content/uploads/2026/04/Aakriti-Geography-LAW-RTR.pdf
1203,Aakriti,93,2025,GS1,0,Sleepy Classes,link,0,https://sleepyclasses.com/wp-content/uploads/2026/04/Aakriti-History-LAW-RTR.pdf
1204,Aakriti,93,2025,GS1,0,Sleepy Classes,link,0,https://sleepyclasses.com/wp-content/uploads/2026/04/Aakriti-Social-Issues-LAW-RTR.pdf
1292,Aakriti,93,2025,GS2,0,Sleepy Classes,link,0,https://sleepyclasses.com/wp-content/uploads/2026/04/Aakriti-Polity-LAW-RTR.pdf
58,Aakriti Singla,122,2025,GS1,0,Forumias,upsckata,3,https://forumias.com/blog/wp-content/uploads/2026/03/AAKRITI-SINGLAUPSC-IAS-2025-Toppers-AIR-122-Sample-GSAP-Copy-2.pdf
59,Aakriti Singla,122,2025,GS1,0,Forumias,upsckata,1,https://forumias.com/blog/wp-content/uploads/2026/03/AAKRITI-SINGLAUPSC-IAS-2025-Toppers-AIR-122-Sample-GSAP-Copy-3.pdf
2575,Aaryan Chetiwal,928,2024,Optional — Sociology,1,Sleepy Classes,submission,0,https://sleepyclasses.com/wp-content/uploads/2025/06/Aaryan-Chetiwal-Mains-2024-FLT-1.pdf
1265,Aashvi Vaidsen,952,2025,GS1,0,Vajiram & Ravi,link,0,https://vajiramias.sgp1.cdn.digitaloceanspaces.com/strapi/AASHVI_VAIDSEN_SS_GS_1_TEST_4_AIR_952_2025_f255db9c83.pdf
1338,Aashvi Vaidsen,952,2025,GS2,0,Vajiram & Ravi,link,0,https://vajiramias.sgp1.cdn.digitaloceanspaces.com/strapi/AASHVI_VAIDSEN_SS_GS_2_AIR_952_2025_e9622167af.pdf
1339,Aashvi Vaidsen,952,2025,GS2,0,Vajiram & Ravi,link,0,https://vajiramias.sgp1.cdn.digitaloceanspaces.com/strapi/AASHVI_VAIDSEN_SS_GS_2_AIR_952_2025_ac58f0f284.pdf
2209,Aayush Saini,194,2024,Essay,0,VisionIAS,link,0,https://cdn.visionias.in/toppersanswerbooklet/712ea-1203838_3128_aayush_saini_rank_194.pdf
2211,Aayush Saini,194,2024,GS1,0,VisionIAS,link,0,https://cdn.visionias.in/toppersanswerbooklet/85975-1203838_2928_aayush_saini_rank_194.pdf
2212,Aayush Saini,194,2024,GS1,0,VisionIAS,link,0,https://cdn.visionias.in/toppersanswerbooklet/34b97-1203838_2929_aayush_saini_rank_194.pdf
2213,Aayush Saini,194,2024,GS1,0,VisionIAS,link,0,https://cdn.visionias.in/toppersanswerbooklet/bfe2d-1203838_2930_aayush_saini_rank_194.pdf
2210,Aayush Saini,194,2024,GS4,0,VisionIAS,link,0,https://cdn.visionias.in/toppersanswerbooklet/7466d-1203838_2931_aayush_saini_rank_194.pdf
60,Aayushi Bansal,,,Essay,0,Vision,upsckata,5,https://cdn.visionias.in/toppersanswerbooklet/06d03-1195934_2122_aayushi_bansal_rank_07.pdf
62,Aayushi Bansal,,,Essay,0,Vision,upsckata,4,https://cdn.visionias.in/toppersanswerbooklet/7fd51-1195934_2123_aayushi_bansal_rank_07.pdf
1888,Aayushi Bansal,7,2024,Essay,0,VisionIAS,link,0,https://cdn.visionias.in/toppersanswerbooklet/7fd51-1195934_2123_aayushi_bansal_rank_07.pdf
1889,Aayushi Bansal,7,2024,Essay,0,VisionIAS,link,0,https://cdn.visionias.in/toppersanswerbooklet/06d03-1195934_2122_aayushi_bansal_rank_07.pdf
1890,Aayushi Bansal,7,2024,Essay,0,VisionIAS,link,0,https://cdn.visionias.in/toppersanswerbooklet/85737-1195934_2121_aayushi_bansal_rank_07.pdf
63,Aayushi Bansal,,2024,GS1,0,Forumias,upsckata,21,https://forumias.com/blog/wp-content/uploads/2025/04/Aayushi-Bansal-UPSC-2024-Rank-7-MGP-Sample-Copy-1.pdf
1891,Aayushi Bansal,7,2024,GS1,0,VisionIAS,link,0,https://cdn.visionias.in/toppersanswerbooklet/625e2-1195934_2212_aayushi_bansal_rank_07.pdf
1892,Aayushi Bansal,7,2024,GS1,0,VisionIAS,link,0,https://cdn.visionias.in/toppersanswerbooklet/9cc1a-1195934_2219_aayushi_bansal_rank_07.pdf
1893,Aayushi Bansal,7,2024,GS1,0,VisionIAS,link,0,https://cdn.visionias.in/toppersanswerbooklet/ea185-1195934_2218_aayushi_bansal_rank_07.pdf
1894,Aayushi Bansal,7,2024,GS1,0,VisionIAS,link,0,https://cdn.visionias.in/toppersanswerbooklet/4cbe1-1195934_2211_aayushi_bansal_rank_07.pdf
61,Aayushi Bansal,,,GS2,0,Vision,upsckata,20,https://cdn.visionias.in/toppersanswerbooklet/625e2-1195934_2212_aayushi_bansal_rank_07.pdf
1414,Aayushi Bansal,7,2024,GS4,0,UnlockIAS,link,0,https://drive.google.com/file/d/11POO49MHlCniGEkYUFP5qiMdOnzYiOql/view
1415,Aayushi Bansal,7,2024,GS4,0,UnlockIAS,link,0,https://drive.google.com/file/d/1l5dvnlPsXGpKxSF5zgTZQ9UVshVXND1q/view
1416,Aayushi Bansal,7,2024,GS4,0,UnlockIAS,link,0,https://drive.google.com/file/d/1r0TOcJsLz94R3i4N17MKuXTVJrgBV4jv/view
1417,Aayushi Bansal,7,2024,GS4,0,UnlockIAS,link,0,https://drive.google.com/file/d/1boWs59-4pR9iWtlyr8Nve4MbK1nexAHp/view
1895,Aayushi Bansal,7,2024,GS4,0,VisionIAS,link,0,https://cdn.visionias.in/toppersanswerbooklet/dbe34-1195934_1837_aayushi_bansal_rank_07.pdf
1896,Aayushi Bansal,7,2024,GS4,0,VisionIAS,link,0,https://cdn.visionias.in/toppersanswerbooklet/aec5c-1195934_2220_aayushi_bansal_rank_07.pdf
2503,Aayushi Bansal,7,2024,Optional — Sociology,1,Sleepy Classes,submission,0,https://sleepyclasses.com/wp-content/uploads/2025/06/Aayush-Bansal-Sectional-Test-1.pdf
2504,Aayushi Bansal,7,2024,Optional — Sociology,1,Sleepy Classes,submission,0,https://sleepyclasses.com/wp-content/uploads/2025/06/Aayush-Bansal-Sectional-Test-2.pdf
2505,Aayushi Bansal,7,2024,Optional — Sociology,1,Level Up IAS,submission,0,https://drive.google.com/file/d/1dsmMQd3QQ4h_Kwh2hRfJ6yXJsaBLnnZd/view
2691,Aayushi Bansal,7,2024,Optional — Sociology,1,VisionIAS,submission,0,https://cdn.visionias.in/toppersanswerbooklet/94105-1195934_2215_aayushi_bansal_rank_07.pdf
2692,Aayushi Bansal,7,2024,Optional — Sociology,1,VisionIAS,submission,0,https://cdn.visionias.in/toppersanswerbooklet/dbdc9-1195934_2097_aayushi_bansal_rank_07.pdf
2693,Aayushi Bansal,7,2024,Optional — Sociology,1,VisionIAS,submission,0,https://cdn.visionias.in/toppersanswerbooklet/421dc-1195934_2098_aayushi_bansal_rank_07.pdf
2694,Aayushi Bansal,7,2024,Optional — Sociology,1,VisionIAS,submission,0,https://cdn.visionias.in/toppersanswerbooklet/dc065-1195934_2299_aayushi_bansal_rank_07.pdf
2695,Aayushi Bansal,7,2024,Optional — Sociology,1,VisionIAS,submission,0,https://cdn.visionias.in/toppersanswerbooklet/c13a7-1195934_2300_aayushi_bansal_rank_07.pdf
2696,Aayushi Bansal,7,2024,Optional — Sociology,1,VisionIAS,submission,0,https://cdn.visionias.in/toppersanswerbooklet/5b391-1195934_2216_aayushi_bansal_rank_07.pdf
2783,Aayushi Bansal,188,2022,Optional — Sociology,1,VisionIAS,submission,0,https://cdn.visionias.in/toppersanswerbooklet/a5b81-1195934_2216_aayushi-bansal_rank-188.pdf
2784,Aayushi Bansal,188,2022,Optional — Sociology,1,VisionIAS,submission,0,https://cdn.visionias.in/toppersanswerbooklet/121ea-1195934_2098_aayushi-bansal_rank-188.pdf
2748,AAYUSHI BANSAL,97,2023,Optional — Sociology,1,VisionIAS,submission,0,https://cdn.visionias.in/toppersanswerbooklet/1c5ca-1195934_2216_aayushi_bansal_rank_97.pdf
2749,AAYUSHI BANSAL,97,2023,Optional — Sociology,1,VisionIAS,submission,0,https://cdn.visionias.in/toppersanswerbooklet/752cc-1195934_2299_aayushi_bansal_rank_97.pdf
2750,AAYUSHI BANSAL,97,2023,Optional — Sociology,1,VisionIAS,submission,0,https://cdn.visionias.in/toppersanswerbooklet/9d742-1195934_2300_aayushi_bansal_rank_97.pdf
64,Abhi Jain,,2024,GS4,0,Forumias,upsckata,11,https://forumias.com/blog/wp-content/uploads/2025/04/ABHI-JAIN-UPSC-2024-Rank-34-MGP-Sample-Copy-1.pdf
1770,Abhigyan Khaund,187,2025,Essay,0,VisionIAS,link,0,https://cdn.visionias.in/toppersanswerbooklet/7bc70-392450_4514_abhigyan-khaund_rank_187.pdf
1211,Abhigyan Khaund,187,2025,GS1,0,UnlockIAS,link,0,https://drive.google.com/file/d/1WwAIO-2hdy7A97MlqhsuxGyoemRNvyQJ/view
1212,Abhigyan Khaund,187,2025,GS1,0,Vajiram & Ravi,link,0,https://vajiramias.sgp1.cdn.digitaloceanspaces.com/strapi/ABHIGYAN_KHAUND_SS_GS_1_AIR_187_d3bdde52b4.pdf
1766,Abhigyan Khaund,187,2025,GS1,0,VisionIAS,link,0,https://cdn.visionias.in/toppersanswerbooklet/282c2-392450_2928_abhigyan-khaund_rank_187.pdf
1297,Abhigyan Khaund,187,2025,GS2,0,UnlockIAS,link,0,https://drive.google.com/file/d/1oZmqMHCIhZAksN05VHyt3p6NW-6jBGCD/view
1298,Abhigyan Khaund,187,2025,GS2,0,Vajiram & Ravi,link,0,https://vajiramias.sgp1.cdn.digitaloceanspaces.com/strapi/ABHIGYAN_KHAUND_SS_GS_2_AIR_187_1daf7a7884.pdf
1357,Abhigyan Khaund,187,2025,GS3,0,UnlockIAS,link,0,https://drive.google.com/file/d/1CjaRomrP_1biYEns2Hm9PmgQFPXlUDws/view
1358,Abhigyan Khaund,187,2025,GS3,0,Vajiram & Ravi,link,0,https://vajiramias.sgp1.cdn.digitaloceanspaces.com/strapi/ABHIGYAN_KHAUND_SS_GS_3_AIR_187_7be84033fe.pdf
1767,Abhigyan Khaund,187,2025,GS3,0,VisionIAS,link,0,https://cdn.visionias.in/toppersanswerbooklet/6d554-392450_4512_abhigyan-khaund_rank_187.pdf
1455,Abhigyan Khaund,187,2025,GS4,0,Vajiram & Ravi,link,0,https://vajiramias.sgp1.cdn.digitaloceanspaces.com/strapi/ABHIGYAN_KHAUND_SS_GS_4_AIR_187_0abfd7c874.pdf
1768,Abhigyan Khaund,187,2025,GS4,0,VisionIAS,link,0,https://cdn.visionias.in/toppersanswerbooklet/c54fc-392450_2931_abhigyan-khaund_rank_187.pdf
1769,Abhigyan Khaund,187,2025,GS4,0,VisionIAS,link,0,https://cdn.visionias.in/toppersanswerbooklet/09023-392450_4513_abhigyan-khaund_rank_187.pdf
67,Abhijit Asokan,234,2025,GS1,0,Forumias,upsckata,20,https://forumias.com/blog/wp-content/uploads/2026/03/ABHIJIT-ASOKANUPSC-IAS-2025-Toppers-AIR-234-Sample-MGP-Copy-3.pdf
65,Abhijit Asokan,234,2025,GS4,0,Forumias,upsckata,24,https://forumias.com/blog/wp-content/uploads/2026/03/ABHIJIT-ASOKANUPSC-IAS-2025-Toppers-AIR-234-Sample-MGP-Copy-1.pdf
66,Abhijit Asokan,234,2025,GS4,0,Forumias,upsckata,25,https://forumias.com/blog/wp-content/uploads/2026/03/ABHIJIT-ASOKANUPSC-IAS-2025-Toppers-AIR-234-Sample-MGP-Copy-2.pdf
2926,Abhijit Shukla,48,2014,Optional — Philosophy,1,VisionIAS,submission,0,https://cdn.visionias.in/toppersanswerbooklet/e84fe-abhijit-shukla_48_2014_philosophy_booklet_1.pdf
2927,Abhijit Shukla,48,2014,Optional — Philosophy,1,VisionIAS,submission,0,https://cdn.visionias.in/toppersanswerbooklet/9219e-abhijit-shukla_48_2014_philosophy_booklet_2.pdf
2928,Abhijit Shukla,48,2014,Optional — Philosophy,1,VisionIAS,submission,0,https://cdn.visionias.in/toppersanswerbooklet/ec145-abhijit-shukla_48_2014_philosophy_booklet_3.pdf
2929,Abhijit Shukla,48,2014,Optional — Philosophy,1,VisionIAS,submission,0,https://cdn.visionias.in/toppersanswerbooklet/1047d-abhijit-shukla_48_2014_philosophy_booklet_4.pdf
2930,Abhijit Shukla,48,2014,Optional — Philosophy,1,VisionIAS,submission,0,https://cdn.visionias.in/toppersanswerbooklet/cfbc8-abhijit-shukla_48_2014_philosophy_booklet_5.pdf
2931,Abhijit Shukla,48,2014,Optional — Philosophy,1,VisionIAS,submission,0,https://cdn.visionias.in/toppersanswerbooklet/02ddf-abhijit-shukla_48_2014_philosophy_booklet_6.pdf
2932,Abhijit Shukla,48,2014,Optional — Philosophy,1,VisionIAS,submission,0,https://cdn.visionias.in/toppersanswerbooklet/28f8b-abhijit-shukla_48_2014_philosophy_booklet_7.pdf
2116,Abhilash Sundaram,129,2024,Essay,0,VisionIAS,link,0,https://cdn.visionias.in/toppersanswerbooklet/e434b-1190247_3128_abhilash-sundaram_rank_129.pdf
2115,Abhilash Sundaram,129,2024,GS1,0,VisionIAS,link,0,https://cdn.visionias.in/toppersanswerbooklet/42bf4-1190247_2928_abhilash-sundaram_rank_129.pdf
2117,Abhilash Sundaram,129,2024,GS1,0,VisionIAS,link,0,https://cdn.visionias.in/toppersanswerbooklet/d61f4-1190247_2930_abhilash-sundaram_rank_129.pdf
2119,Abhilash Sundaram,129,2024,GS1,0,VisionIAS,link,0,https://cdn.visionias.in/toppersanswerbooklet/9d55a-1190247_2929_abhilash-sundaram_rank_129.pdf
2118,Abhilash Sundaram,129,2024,GS4,0,VisionIAS,link,0,https://cdn.visionias.in/toppersanswerbooklet/ec877-1190247_2931_abhilash-sundaram_rank_129.pdf
2901,Abhilasha Abhinav,308,2016,Optional — Sociology,1,VisionIAS,submission,0,https://cdn.visionias.in/toppersanswerbooklet/11250_814_Abhilasha_Abhinav_Rank_308.pdf
2902,Abhilasha Abhinav,308,2016,Optional — Sociology,1,VisionIAS,submission,0,https://cdn.visionias.in/toppersanswerbooklet/11250_816_Abhilasha_Abhinav_Rank_308.pdf
2903,Abhilasha Abhinav,308,2016,Optional — Sociology,1,VisionIAS,submission,0,https://cdn.visionias.in/toppersanswerbooklet/11250_820_Abhilasha_Abhinav_Rank_308.pdf
2904,Abhilasha Abhinav,308,2016,Optional — Sociology,1,VisionIAS,submission,0,https://cdn.visionias.in/toppersanswerbooklet/11250_823_Abhilasha_Abhinav_Rank_308.pdf
70,Abhimanyu Malik,60,,GS1,0,Nextias,upsckata,21,https://next-ias-appsquadz.s3.ap-south-1.amazonaws.com/file_library/pdf/original/ee21bf4c91767f03906ea17bc7230b10/26/air-60-abhimanyu-malik_test-1_gs1.pdf
68,Abhimanyu Malik,60,,GS2,0,Nextias,upsckata,20,https://next-ias-appsquadz.s3.ap-south-1.amazonaws.com/file_library/pdf/original/ee21bf4c91767f03906ea17bc7230b10/13/air-60-abhimanyu-malik_test-2_gs2.pdf
69,Abhimanyu Malik,60,,GS4,0,Nextias,upsckata,22,https://next-ias-appsquadz.s3.ap-south-1.amazonaws.com/file_library/pdf/original/ee21bf4c91767f03906ea17bc7230b10/17/air-60-abhimanyu-malik_test-4_gs4.pdf
931,Abhinav,,,GS4,0,Forumias,upsckata,28,https://drive.google.com/file/d/1NwWnQdVwlTHN7FGntGiADsk4gaFM6SM-/view
1821,Abhinav Ashok,247,2025,Essay,0,VisionIAS,link,0,https://cdn.visionias.in/toppersanswerbooklet/2933b-1126858_2488_abhinav-ashok_rank_247.pdf
1822,Abhinav Ashok,247,2025,Essay,0,VisionIAS,link,0,https://cdn.visionias.in/toppersanswerbooklet/ac787-1126858_4514_abhinav-ashok_rank_247.pdf
1819,Abhinav Ashok,247,2025,GS2,0,VisionIAS,link,0,https://cdn.visionias.in/toppersanswerbooklet/5008e-1126858_2423_abhinav-ashok_rank_247.pdf
71,Abhinav Ashok,247,2025,GS3,0,Forumias,upsckata,2,https://forumias.com/blog/wp-content/uploads/2026/03/ABHINAV-ASHOKUPSC-IAS-2025-Toppers-AIR-247-Sample-AWFG-Copy-1.pdf
1820,Abhinav Ashok,247,2025,GS3,0,VisionIAS,link,0,https://cdn.visionias.in/toppersanswerbooklet/8c5b2-1126858_2424_abhinav-ashok_rank_247.pdf
2123,Abhinav Sharma,130,2024,Essay,0,VisionIAS,link,0,https://cdn.visionias.in/toppersanswerbooklet/8e988-959213_1752_abhinav_sharma_rank_130.pdf
2120,Abhinav Sharma,130,2024,GS1,0,VisionIAS,link,0,https://cdn.visionias.in/toppersanswerbooklet/1890c-959213_1513_abhinav_sharma_rank_130.pdf
2121,Abhinav Sharma,130,2024,GS1,0,VisionIAS,link,0,https://cdn.visionias.in/toppersanswerbooklet/e4ba0-959213_1487_abhinav_sharma_rank_130.pdf
2122,Abhinav Sharma,130,2024,GS1,0,VisionIAS,link,0,https://cdn.visionias.in/toppersanswerbooklet/1c3da-959213_1509_abhinav_sharma_rank_130.pdf
2124,Abhinav Sharma,130,2024,GS4,0,VisionIAS,link,0,https://cdn.visionias.in/toppersanswerbooklet/e1b5a-959213_1502_abhinav_sharma_rank_130.pdf
74,Abhinav Siwach,,,GS1,0,Vision,upsckata,20,https://cdn.visionias.in/toppersanswerbooklet/a1b69-305150_2217_abhinav-siwach-rank-12.pdf
72,Abhinav Siwach,,,GS2,0,Vision,upsckata,20,https://cdn.visionias.in/toppersanswerbooklet/69f34-305150_2218_abhinav-siwach-rank-12.pdf
73,Abhinav Siwach,,,GS4,0,Vision,upsckata,21,https://cdn.visionias.in/toppersanswerbooklet/93c7a-305150_2220_abhinav-siwach-rank-12.pdf
2506,Abhinav Siwach,12,2022,Optional — Sociology,1,Level Up IAS,submission,0,https://drive.google.com/file/d/1y7Ow2Fy6TuS8BdcKUoruSV-chWTpgqhM/view
2445,Abhisheel Jaiswal,538,2025,Optional — Law,1,De Facto Law,submission,0,https://www.defactolaw.in/_files/ugd/9bce74_c190a9ba6e4b407da881ebc91f72c685.pdf
2446,Abhisheel Jaiswal,538,2025,Optional — Law,1,De Facto Law,submission,0,https://www.defactolaw.in/_files/ugd/9bce74_ef2f109354ad4d5fa19268143e13bff4.pdf
2447,Abhisheel Jaiswal,538,2025,Optional — Law,1,De Facto Law,submission,0,https://www.defactolaw.in/_files/ugd/9bce74_49f63f693da548559e13eaff85abe0d4.pdf
2448,Abhisheel Jaiswal,538,2025,Optional — Law,1,De Facto Law,submission,0,https://www.defactolaw.in/_files/ugd/9bce74_4d8b9b043953474db8296dbbf382a651.pdf
2449,Abhisheel Jaiswal,538,2025,Optional — Law,1,De Facto Law,submission,0,https://www.defactolaw.in/_files/ugd/9bce74_dd564af661a6455ca249e7620870596f.pdf
2450,Abhisheel Jaiswal,538,2025,Optional — Law,1,De Facto Law,submission,0,https://www.defactolaw.in/_files/ugd/9bce74_485cb15711014f25bfe045f86a8757a8.pdf
2033,Abhishek Anjani Singh,87,2024,Essay,0,VisionIAS,link,0,https://cdn.visionias.in/toppersanswerbooklet/7f949-1101662_3128_abhishek_anjani_singh_rank_87ermark.pdf
2029,Abhishek Anjani Singh,87,2024,GS1,0,VisionIAS,link,0,https://cdn.visionias.in/toppersanswerbooklet/ce1a5-1101662_2930_abhishek_anjani_singh_rank_87.pdf
2030,Abhishek Anjani Singh,87,2024,GS1,0,VisionIAS,link,0,https://cdn.visionias.in/toppersanswerbooklet/bb464-1101662_2928_abhishek_anjani_singh_rank_87.pdf
2031,Abhishek Anjani Singh,87,2024,GS4,0,VisionIAS,link,0,https://cdn.visionias.in/toppersanswerbooklet/71429-1101662_2931_abhishek_anjani_singh_rank_87.pdf
2032,Abhishek Anjani Singh,87,2024,GS4,0,VisionIAS,link,0,https://cdn.visionias.in/toppersanswerbooklet/0f3af-1101662_2214_abhishek_anjani_singh_rank_87.pdf
2000,Abhishek Chaudhary,64,2024,Essay,0,VisionIAS,link,0,https://cdn.visionias.in/toppersanswerbooklet/34db2-1505652_3128_abhishek_chaudhary_rank_64.pdf
2001,Abhishek Chaudhary,64,2024,GS1,0,VisionIAS,link,0,https://cdn.visionias.in/toppersanswerbooklet/f2c3c-1505652_2928_abhishek_chaudhary_rank_64.pdf
2002,Abhishek Chaudhary,64,2024,GS1,0,VisionIAS,link,0,https://cdn.visionias.in/toppersanswerbooklet/ae6f9-1505652_2929_abhishek_chaudhary_rank_64.pdf
2003,Abhishek Chaudhary,64,2024,GS1,0,VisionIAS,link,0,https://cdn.visionias.in/toppersanswerbooklet/1fea6-1505652_2930_abhishek_chaudhary_rank_64.pdf
1999,Abhishek Chaudhary,64,2024,GS4,0,VisionIAS,link,0,https://cdn.visionias.in/toppersanswerbooklet/35546-1505652_2931_abhishek-chaudhary_rank_64.pdf
75,Abhishek Chauhan,102,2025,GS2,0,Forumias,upsckata,20,https://forumias.com/blog/wp-content/uploads/2026/03/ABHISHEK-CHAUHANUPSC-IAS-2025-Toppers-AIR-102-Sample-MGP-Copy-2.pdf
78,Abhishek Chauhan,,,GS3,0,Vision,upsckata,20,https://cdn.visionias.in/toppersanswerbooklet/0af4a-45845653_4512_abhishek_chauhan_rank_102.pdf
1683,Abhishek Chauhan,102,2025,GS3,0,VisionIAS,link,0,https://cdn.visionias.in/toppersanswerbooklet/0af4a-45845653_4512_abhishek_chauhan_rank_102.pdf
76,Abhishek Chauhan,102,2025,GS4,0,Forumias,upsckata,22,https://forumias.com/blog/wp-content/uploads/2026/03/ABHISHEK-CHAUHANUPSC-IAS-2025-Toppers-AIR-102-Sample-MGP-Copy-5.pdf
77,Abhishek Chauhan,,,GS4,0,Vision,upsckata,23,https://cdn.visionias.in/toppersanswerbooklet/32c5c-45845653_4513_abhishek_chauhan_rank_102.pdf
1684,Abhishek Chauhan,102,2025,GS4,0,VisionIAS,link,0,https://cdn.visionias.in/toppersanswerbooklet/32c5c-45845653_4513_abhishek_chauhan_rank_102.pdf
79,Abhishek Kumar Jha,231,2025,Essay,0,Forumias,upsckata,1,https://forumias.com/blog/wp-content/uploads/2026/03/ABHISHEK-KUMAR-JHAUPSC-IAS-2025-Toppers-AIR-231-Sample-ESSAY-2-1.pdf
80,Abhishek Kumar Jha,231,2025,Essay,0,Forumias,upsckata,1,https://forumias.com/blog/wp-content/uploads/2026/03/ABHISHEK-KUMAR-JHAUPSC-IAS-2025-Toppers-AIR-231-Sample-ESSAY-2.pdf
81,Abhishek Kumar Jha,231,2025,GS1,0,Forumias,upsckata,8,https://forumias.com/blog/wp-content/uploads/2026/03/ABHISHEK-KUMAR-JHAUPSC-IAS-2025-Toppers-AIR-231-Sample-MGP-1.pdf
82,Abhishek Kumar Jha,231,2025,GS4,0,Forumias,upsckata,5,https://forumias.com/blog/wp-content/uploads/2026/03/ABHISHEK-KUMAR-JHAUPSC-IAS-2025-Toppers-AIR-231-Sample-MGP-3.pdf
84,Abhishek O,336,2025,GS2,0,Forumias,upsckata,20,https://forumias.com/blog/wp-content/uploads/2026/03/OZARDE-ABHISHEK-ABHAY-UPSC-IAS-2025-Toppers-AIR-336-Sample-MGP-Copy-1.pdf
83,Abhishek O,336,2025,GS3,0,Forumias,upsckata,3,https://forumias.com/blog/wp-content/uploads/2026/03/OZARDE-ABHISHEK-ABHAY-UPSC-IAS-2025-Toppers-AIR-336-Sample-AWFG-Copy-1.pdf
85,Abhishek Sharma,,2024,GS1,0,Forumias,upsckata,21,https://forumias.com/blog/wp-content/uploads/2025/04/ABHISHEK-SHARMA-UPSC-2024-Rank-38-MGP-Sample-Copy-3.pdf
104,Abhishek Singh,,,Essay,0,Nextias,upsckata,2,https://www.nextias.com/newuploads/Nextias/2025/5/abhishek-singh-test-25-1747312111762.pdf
105,Abhishek Singh,,,Essay,0,Nextias,upsckata,3,https://www.nextias.com/newuploads/Nextias/2025/5/abhishek-singh-test-26-1747312157241.pdf
91,Abhishek Singh,,,GS1,0,Nextias,upsckata,10,https://www.nextias.com/newuploads/Nextias/2025/5/abhishek-singh-test-11-1747311842162.pdf
92,Abhishek Singh,,,GS1,0,Nextias,upsckata,18,https://www.nextias.com/newuploads/Nextias/2025/5/abhishek-singh-test-12-1747311868991.pdf
106,Abhishek Singh,,,GS1,0,Nextias,upsckata,9,https://www.nextias.com/newuploads/Nextias/2025/5/abhishek-singh-test-6-1746617019776.pdf
107,Abhishek Singh,,,GS1,0,Nextias,upsckata,20,https://www.nextias.com/newuploads/Nextias/2025/5/abhishek-singh-test-8-1746617069295.pdf
108,Abhishek Singh,,,GS1,0,Nextias,upsckata,10,https://www.nextias.com/newuploads/Nextias/2025/5/abhishek-singh-test-9-1746617125828.pdf
86,Abhishek Singh,,,GS2,0,Nextias,upsckata,9,https://www.nextias.com/newuploads/Nextias/2025/5/abhishek-singh-polity-1746616850993.pdf
87,Abhishek Singh,,,GS2,0,Nextias,upsckata,9,https://www.nextias.com/newuploads/Nextias/2025/5/abhishek-singh-polity-2-1746616867142.pdf
88,Abhishek Singh,,,GS2,0,Nextias,upsckata,11,https://www.nextias.com/newuploads/Nextias/2025/5/abhishek-singh-polity-3-1746616932843.pdf
89,Abhishek Singh,,,GS2,0,Nextias,upsckata,11,https://www.nextias.com/newuploads/Nextias/2025/5/abhishek-singh-polity-4-1746616971353.pdf
90,Abhishek Singh,,,GS2,0,Nextias,upsckata,18,https://www.nextias.com/newuploads/Nextias/2025/5/abhishek-singh-polity-5-1746616988811.pdf
102,Abhishek Singh,,,GS2,0,Nextias,upsckata,2,https://www.nextias.com/newuploads/Nextias/2025/5/abhishek-singh-test-22-1747312061781.pdf
93,Abhishek Singh,,,GS3,0,Nextias,upsckata,10,https://www.nextias.com/newuploads/Nextias/2025/5/abhishek-singh-test-13-1747311883788.pdf
94,Abhishek Singh,,,GS3,0,Nextias,upsckata,20,https://www.nextias.com/newuploads/Nextias/2025/5/abhishek-singh-test-14-1747311900735.pdf
95,Abhishek Singh,,,GS3,0,Nextias,upsckata,10,https://www.nextias.com/newuploads/Nextias/2025/5/abhishek-singh-test-15-1747311928012.pdf
96,Abhishek Singh,,,GS3,0,Nextias,upsckata,18,https://www.nextias.com/newuploads/Nextias/2025/5/abhishek-singh-test-16-1747311942119.pdf
97,Abhishek Singh,,,GS3,0,Nextias,upsckata,10,https://www.nextias.com/newuploads/Nextias/2025/5/abhishek-singh-test-17-1747311963903.pdf
98,Abhishek Singh,,,GS3,0,Nextias,upsckata,10,https://www.nextias.com/newuploads/Nextias/2025/5/abhishek-singh-test-18-1747311979017.pdf
99,Abhishek Singh,,,GS4,0,Nextias,upsckata,5,https://www.nextias.com/newuploads/Nextias/2025/5/abhishek-singh-test-19-1747312008450.pdf
100,Abhishek Singh,,,GS4,0,Nextias,upsckata,6,https://www.nextias.com/newuploads/Nextias/2025/5/abhishek-singh-test-20-1747312028825.pdf
101,Abhishek Singh,,,GS4,0,Nextias,upsckata,4,https://www.nextias.com/newuploads/Nextias/2025/5/abhishek-singh-test-21-1747312041888.pdf
103,Abhishek Singh,,,GS4,0,Nextias,upsckata,19,https://www.nextias.com/newuploads/Nextias/2025/5/abhishek-singh-test-23-1747312075479.pdf
2016,Abhishek Singh,78,2024,GS4,0,VisionIAS,link,0,https://cdn.visionias.in/toppersanswerbooklet/e454c-856428_1505_abhishek_singh_rank_78.pdf
2017,Abhishek Singh,78,2024,GS4,0,VisionIAS,link,0,https://cdn.visionias.in/toppersanswerbooklet/d49c3-856428_1502_abhishek_singh_rank_78.pdf
1903,Abhishek Vashishtha,14,2024,Essay,0,VisionIAS,link,0,https://cdn.visionias.in/toppersanswerbooklet/847bb-90800_3128_abhishek_vashishtha_rank_14.pdf
2830,Adarsh Kant Shukla,149,2020,Optional — Sociology,1,VisionIAS,submission,0,https://cdn.visionias.in/toppersanswerbooklet/e240f-347162_1527_adarsh-kant-shukla_rank_149.pdf
2831,Adarsh Kant Shukla,149,2020,Optional — Sociology,1,VisionIAS,submission,0,https://cdn.visionias.in/toppersanswerbooklet/d6fdb-347162_1531_adarsh-kant-shukla_rank_149.pdf
2832,Adarsh Kant Shukla,149,2020,Optional — Sociology,1,VisionIAS,submission,0,https://cdn.visionias.in/toppersanswerbooklet/95c1d-347162_1532_adarsh-kant-shukla_rank_149.pdf
2833,Adarsh Kant Shukla,149,2020,Optional — Sociology,1,VisionIAS,submission,0,https://cdn.visionias.in/toppersanswerbooklet/7c9e4-347162_1533_adarsh-kant-shukla_rank_149.pdf
1105,Adhyayan Bajpai,414,2025,Essay,0,Vajiram & Ravi,link,0,https://vajiramias.sgp1.cdn.digitaloceanspaces.com/strapi/ADHYAYAN_BAJPAI_ESSAY_RANKER_PROGRAMME_TEST_1_AIR_2cd5beca34.pdf
1106,Adhyayan Bajpai,414,2025,Essay,0,Vajiram & Ravi,link,0,https://vajiramias.sgp1.cdn.digitaloceanspaces.com/strapi/ADHYAYAN_BAJPAI_ESSAY_PROGRAMME_TEST_2_AIR_414_ca7766c664.pdf
109,Aditi Arora,351,2025,Essay,0,Forumias,upsckata,2,https://forumias.com/blog/wp-content/uploads/2026/03/ADITI-ARORAUPSC-IAS-2025-Toppers-AIR-351-Sample-ESSAY-COPY-1.pdf
110,Aditi Arora,351,2025,Essay,0,Forumias,upsckata,2,https://forumias.com/blog/wp-content/uploads/2026/03/ADITI-ARORAUPSC-IAS-2025-Toppers-AIR-351-Sample-ESSAY-COPY-2.pdf
112,Aditi Arora,351,2025,GS3,0,Forumias,upsckata,20,https://forumias.com/blog/wp-content/uploads/2026/03/ADITI-ARORAUPSC-IAS-2025-Toppers-AIR-351-Sample-MGP-COPY-2.pdf
111,Aditi Arora,351,2025,GS4,0,Forumias,upsckata,26,https://forumias.com/blog/wp-content/uploads/2026/03/ADITI-ARORAUPSC-IAS-2025-Toppers-AIR-351-Sample-MGP-COPY-1.pdf
113,Aditya Acharya,,2024,GS1,0,Forumias,upsckata,21,https://forumias.com/blog/wp-content/uploads/2025/04/ADITYA-ACHARYA-UPSC-2024-Rank-96-MGP-Sample-Copy-1.pdf
118,Aditya Agarwal,,,GS1,0,Nextias,upsckata,15,https://www.nextias.com/newuploads/Nextias/2025/4/gs-mac-test-4-aditya-agarwal-1745407364890.pdf
115,Aditya Agarwal,,,GS2,0,Nextias,upsckata,20,https://www.nextias.com/newuploads/Nextias/2025/4/gs-mac-test-1-aditya-agarwal-1745407121798.pdf
116,Aditya Agarwal,,,GS2,0,Nextias,upsckata,20,https://www.nextias.com/newuploads/Nextias/2025/4/gs-mac-test-2-aditya-agarwal-1745407232246.pdf
117,Aditya Agarwal,,,GS2,0,Nextias,upsckata,20,https://www.nextias.com/newuploads/Nextias/2025/4/gs-mac-test-3-aditya-agarwal-1745407330587.pdf
114,Aditya Agarwal,,2024,GS3,0,Forumias,upsckata,22,https://forumias.com/blog/wp-content/uploads/2025/04/ADITYA-VIKRAM-AGARWAL-UPSC-2024-Rank-9-MGP-Sample-Copy-1.pdf
119,Aditya Aggarwal,,,Essay,0,Nextias,upsckata,2,https://www.nextias.com/newuploads/Nextias/2025/4/aditya-essay-test-1-1745477977423.pdf
120,Aditya Agrawal,,,Essay,0,Nextias,upsckata,2,https://www.nextias.com/newuploads/Nextias/2025/4/aditya-essay-test-3-1745478106195.pdf
121,Aditya Hriday Upadhyay,154,2025,Essay,0,Forumias,upsckata,4,https://forumias.com/blog/wp-content/uploads/2026/03/ADITYA-HRIDAY-UPADHYAY-UPSC-IAS-2025-Toppers-AIR-154-Sample-Essay-Copy-1.pdf
122,Aditya Hriday Upadhyay,154,2025,GS1,0,Forumias,upsckata,22,https://forumias.com/blog/wp-content/uploads/2026/03/ADITYA-HRIDAY-UPADHYAY-UPSC-IAS-2025-Toppers-AIR-154-Sample-MGP-Copy-1.pdf
123,Aditya Hriday Upadhyay,154,2025,GS2,0,Forumias,upsckata,21,https://forumias.com/blog/wp-content/uploads/2026/03/ADITYA-HRIDAY-UPADHYAY-UPSC-IAS-2025-Toppers-AIR-154-Sample-MGP-Copy-2.pdf
124,Aditya Hriday Upadhyay,154,2025,GS4,0,Forumias,upsckata,31,https://forumias.com/blog/wp-content/uploads/2026/03/ADITYA-HRIDAY-UPADHYAY-UPSC-IAS-2025-Toppers-AIR-154-Sample-MGP-Copy-4.pdf
2416,Aditya Kaushik,375,2025,Optional — History,1,Level Up IAS,submission,0,https://drive.google.com/file/d/1q6XSXejrM5v0GJ_fg2HjBvYKBA36rLXg/view
2456,Aditya Mahar,867,2025,Optional — Law,1,De Facto Law,submission,0,https://www.defactolaw.in/_files/ugd/9bce74_affd4ff74e954c998f36ecf7c5a05e99.pdf
2457,Aditya Mahar,867,2025,Optional — Law,1,De Facto Law,submission,0,https://www.defactolaw.in/_files/ugd/9bce74_16eef68a660540bebb5212c62bebe2f3.pdf
2458,Aditya Mahar,867,2025,Optional — Law,1,De Facto Law,submission,0,https://www.defactolaw.in/_files/ugd/9bce74_e74dbf601c434061aa939b1326ce615f.pdf
125,Aditya Mathur,98,2025,Essay,0,Forumias,upsckata,6,https://forumias.com/blog/wp-content/uploads/2026/03/ADITYA-MATHUR-UPSC-IAS-2025-Toppers-AIR-98-Sample-ESSAY-Copy-1.pdf
127,Aditya Mathur,,,Essay,0,Vision,upsckata,2,https://cdn.visionias.in/toppersanswerbooklet/b6305-1216850_3128_aditya_mathur_rank_98.pdf
1677,Aditya Mathur,98,2025,Essay,0,VisionIAS,link,0,https://cdn.visionias.in/toppersanswerbooklet/b6305-1216850_3128_aditya_mathur_rank_98.pdf
126,Aditya Mathur,98,2025,GS1,0,Forumias,upsckata,21,https://forumias.com/blog/wp-content/uploads/2026/03/ADITYA-MATHUR-UPSC-IAS-2025-Toppers-AIR-98-Sample-MGP-Copy-2.pdf
129,Aditya Mathur,,,GS1,0,Vision,upsckata,20,https://cdn.visionias.in/toppersanswerbooklet/2d3f8-1216850_2928_aditya_mathur_rank_98.pdf
1674,Aditya Mathur,98,2025,GS1,0,VisionIAS,link,0,https://cdn.visionias.in/toppersanswerbooklet/2d3f8-1216850_2928_aditya_mathur_rank_98.pdf
130,Aditya Mathur,,,GS2,0,Vision,upsckata,20,https://cdn.visionias.in/toppersanswerbooklet/88643-1216850_2929_aditya_mathur_rank_98.pdf
1675,Aditya Mathur,98,2025,GS2,0,VisionIAS,link,0,https://cdn.visionias.in/toppersanswerbooklet/88643-1216850_2929_aditya_mathur_rank_98.pdf
131,Aditya Mathur,,,GS3,0,Vision,upsckata,20,https://cdn.visionias.in/toppersanswerbooklet/8a50e-1216850_2930_aditya_mathur_rank_98.pdf
1676,Aditya Mathur,98,2025,GS3,0,VisionIAS,link,0,https://cdn.visionias.in/toppersanswerbooklet/8a50e-1216850_2930_aditya_mathur_rank_98.pdf
128,Aditya Mathur,,,GS4,0,Vision,upsckata,23,https://cdn.visionias.in/toppersanswerbooklet/a22df-1216850_4513_aditya_mathur_rank_98.pdf
1678,Aditya Mathur,98,2025,GS4,0,VisionIAS,link,0,https://cdn.visionias.in/toppersanswerbooklet/a22df-1216850_4513_aditya_mathur_rank_98.pdf
133,Aditya Narayan H,,,GS1,0,Vision,upsckata,20,https://cdn.visionias.in/toppersanswerbooklet/4ea56-00315413_4510_aditya_narayan_h_rank_68.pdf
1640,Aditya Narayan H,68,2025,GS1,0,VisionIAS,link,0,https://cdn.visionias.in/toppersanswerbooklet/4ea56-00315413_4510_aditya_narayan_h_rank_68.pdf
134,Aditya Narayan H,,,GS2,0,Vision,upsckata,21,https://cdn.visionias.in/toppersanswerbooklet/951c6-00315413_4511_aditya_narayan_h_rank_68.pdf
1641,Aditya Narayan H,68,2025,GS2,0,VisionIAS,link,0,https://cdn.visionias.in/toppersanswerbooklet/951c6-00315413_4511_aditya_narayan_h_rank_68.pdf
135,Aditya Narayan H,,,GS3,0,Vision,upsckata,20,https://cdn.visionias.in/toppersanswerbooklet/9a854-315413_3607_aditya_narayan_h_rank_68.pdf
1643,Aditya Narayan H,68,2025,GS3,0,VisionIAS,link,0,https://cdn.visionias.in/toppersanswerbooklet/9a854-315413_3607_aditya_narayan_h_rank_68.pdf
132,Aditya Narayan H,,,GS4,0,Vision,upsckata,23,https://cdn.visionias.in/toppersanswerbooklet/506d4-00315413_4513_aditya_narayan_h_rank_68.pdf
1642,Aditya Narayan H,68,2025,GS4,0,VisionIAS,link,0,https://cdn.visionias.in/toppersanswerbooklet/506d4-00315413_4513_aditya_narayan_h_rank_68.pdf
136,Aditya Pathak,189,2025,Essay,0,Forumias,upsckata,3,https://forumias.com/blog/wp-content/uploads/2026/03/ADITYA-PATHAKUPSC-IAS-2025-Toppers-AIR-189-Sample-ESSAY-Copy-1.pdf
137,Aditya Pathak,189,2025,GS2,0,Forumias,upsckata,21,https://forumias.com/blog/wp-content/uploads/2026/03/ADITYA-PATHAKUPSC-IAS-2025-Toppers-AIR-189-Sample-MGP-Copy-1.pdf
138,Aditya Pathak,189,2025,GS3,0,Forumias,upsckata,21,https://forumias.com/blog/wp-content/uploads/2026/03/ADITYA-PATHAKUPSC-IAS-2025-Toppers-AIR-189-Sample-MGP-Copy-2.pdf
139,Aditya Pathak,189,2025,GS4,0,Forumias,upsckata,22,https://forumias.com/blog/wp-content/uploads/2026/03/ADITYA-PATHAKUPSC-IAS-2025-Toppers-AIR-189-Sample-MGP-Copy-3.pdf
140,Aditya Srivastava,,,Essay,0,Nextias,upsckata,2,https://next-ias-appsquadz.s3.ap-south-1.amazonaws.com/file_library/pdf/original/ee21bf4c91767f03906ea17bc7230b10/24/rank-1-aditya-srivatsava-essay-2.pdf
141,Aditya Srivastava,,,Essay,0,Nextias,upsckata,2,https://next-ias-appsquadz.s3.ap-south-1.amazonaws.com/file_library/pdf/original/ee21bf4c91767f03906ea17bc7230b10/33/rank-1-aditya-srivatsava-essay-3.pdf
1127,Aditya Srivastava,1,2023,GS1,0,UnlockIAS,link,0,https://drive.google.com/file/d/1G69aTQm648dSnKRDqKEoW2Edxehygm1o/view
1267,Aditya Srivastava,1,2023,GS2,0,UnlockIAS,link,0,https://drive.google.com/file/d/1r7kBY3slvIXBp48rwwfKdVLHhFWrA2UD/view
932,Aditya Srivastava,,,GS4,0,Vision,upsckata,24,https://drive.google.com/file/d/1xPLA0ZMK7qDz-4kxYQN3a-Cl5NBz3ohI/view
933,Aditya Srivastava,,,GS4,0,Vision,upsckata,20,https://drive.google.com/file/d/1ts8zxpOcIAMdHeNJs0l_QQeWCilGlsl7/view
142,Aditya Srivatsava,,,Essay,0,Nextias,upsckata,1,https://next-ias-appsquadz.s3.ap-south-1.amazonaws.com/file_library/pdf/original/ee21bf4c91767f03906ea17bc7230b10/25/rank-1-aditya-srivatsava-essay-1.pdf
143,Aditya Talwar,270,2025,GS1,0,Forumias,upsckata,3,https://forumias.com/blog/wp-content/uploads/2026/03/ADITYA-TALWARUPSC-IAS-2025-Toppers-AIR-270-Sample-MGP-Copy-1.pdf
1836,Aditya Talwar,270,2025,GS1,0,VisionIAS,link,0,https://cdn.visionias.in/toppersanswerbooklet/05832-45875268_4510_aditya-talwar_rank_270.pdf
144,Aditya Talwar,270,2025,GS2,0,Forumias,upsckata,5,https://forumias.com/blog/wp-content/uploads/2026/03/ADITYA-TALWARUPSC-IAS-2025-Toppers-AIR-270-Sample-MGP-Copy-2.pdf
145,Aditya Talwar,270,2025,GS3,0,Forumias,upsckata,4,https://forumias.com/blog/wp-content/uploads/2026/03/ADITYA-TALWARUPSC-IAS-2025-Toppers-AIR-270-Sample-MGP-Copy-3.pdf
146,Aditya Vikram Agarwal,,,Essay,0,Nextias,upsckata,2,https://www.nextias.com/newuploads/Nextias/2025/4/aditya-essay-test-2-1745478084159.pdf
2870,Adityavikram,60,2017,Optional — Geography,1,VisionIAS,submission,0,https://cdn.visionias.in/toppersanswerbooklet/14075_779_Adityavikram_Rank_60.pdf
934,Aishwarya Verma,,,GS4,0,Vision,upsckata,20,https://drive.google.com/file/d/1F5E7JTZ8teHSc3yPETDdlji2HpotF_jP/view
935,Aishwarya Verma,,,GS4,0,Vision,upsckata,20,https://drive.google.com/file/d/1rwuW2KghS3dsjhmFJhtXMHIsiSWqmYia/view
936,Aishwarya Verma,,,GS4,0,Vision,upsckata,20,https://drive.google.com/file/d/1E3f9mgwHWqZ_CTYsyyv8yBW6H3xEdUdI/view
2729,AISHWARYAM PRAJAPATI,10,2023,Optional — Sociology,1,VisionIAS,submission,0,https://cdn.visionias.in/toppersanswerbooklet/7ea32-1199106_2295_aishwaryam_prajapati_10.pdf
2730,AISHWARYAM PRAJAPATI,10,2023,Optional — Sociology,1,VisionIAS,submission,0,https://cdn.visionias.in/toppersanswerbooklet/6656e-1199106_2297_aishwaryam_prajapati_10.pdf
2731,AISHWARYAM PRAJAPATI,10,2023,Optional — Sociology,1,VisionIAS,submission,0,https://cdn.visionias.in/toppersanswerbooklet/c3071-1199106_2298_aishwaryam_prajapati_10.pdf
2284,Ajay Kumar,895,2024,GS1,0,VisionIAS,link,0,https://cdn.visionias.in/toppersanswerbooklet/b1cf4-45939667_2368__ajay_kumar_rank_895.pdf
2282,Ajay Kumar,895,2024,GS4,0,VisionIAS,link,0,https://cdn.visionias.in/toppersanswerbooklet/4ef02-45939667_2370_ajay_kumar_rank_895.pdf
2283,Ajay Kumar,895,2024,GS4,0,VisionIAS,link,0,https://cdn.visionias.in/toppersanswerbooklet/e986a-45939667_2366_ajay_kumar_rank_895.pdf
147,Ajay R Raj,109,2025,GS1,0,Forumias,upsckata,10,https://forumias.com/blog/wp-content/uploads/2026/03/AJAY-RAJ-UPSC-IAS-2025-Toppers-AIR-109-Sample-MGP-Copy-1.pdf
2348,Ajay Yadav,290,2023,Optional — Anthropology,1,Level Up IAS,submission,0,https://drive.google.com/file/d/12crpYoSiaUvzXLUWTKq392Uzh7zd08n4/view
2134,Ajink Kumar,135,2024,Essay,0,VisionIAS,link,0,https://cdn.visionias.in/toppersanswerbooklet/ce435-1562623_3128_ajink_kumar_rank_135.pdf
2135,Ajink Kumar,135,2024,GS1,0,VisionIAS,link,0,https://cdn.visionias.in/toppersanswerbooklet/c192f-1562623_2423_ajink_kumar_rank_135.pdf
2136,Ajink Kumar,135,2024,GS1,0,VisionIAS,link,0,https://cdn.visionias.in/toppersanswerbooklet/efa37-1562623_2424_ajink_kumar_rank_135.pdf
2137,Ajink Kumar,135,2024,GS1,0,VisionIAS,link,0,https://cdn.visionias.in/toppersanswerbooklet/1b6e4-1562623_2930_ajink_kumar_rank_135.pdf
1454,Ajink Kumar,135,2024,GS4,0,Vajiram & Ravi,link,0,https://vajiramias.sgp1.cdn.digitaloceanspaces.com/strapi/ETHICS_PROGRAME_AJINK_KUMAR_AIR_135_83de512f07.pdf
2582,Ajmera Sanketh Kumar,35,2022,Optional — Mathematics,1,IMS4Maths,submission,0,https://ims4maths.com/files/SANKET%20AJMERA%20Test-1.pdf
2635,Ajmera Sanketh Kumar,35,2022,Optional — Mathematics,1,SuccessClap,submission,0,https://assets.zyrosite.com/dWxxVpWEZetoMDNk/air-35-shashank-full-length-test-successclap-mjELL9ka5MSVqeVb.pdf
2636,Ajmera Sanketh Kumar,35,2022,Optional — Mathematics,1,SuccessClap,submission,0,https://assets.zyrosite.com/dWxxVpWEZetoMDNk/air-35-shashank-mechanics-successclap-A85664kyVeu7Bg1M.pdf
2637,Ajmera Sanketh Kumar,35,2022,Optional — Mathematics,1,SuccessClap,submission,0,https://assets.zyrosite.com/dWxxVpWEZetoMDNk/air-35-shashank-real-analysis-successclap-mxBxx70MElHV64pd.pdf
2638,Ajmera Sanketh Kumar,35,2022,Optional — Mathematics,1,SuccessClap,submission,0,https://assets.zyrosite.com/dWxxVpWEZetoMDNk/air-35-shashank-calculus-successclap-AGBrr47JEltDwZ65.pdf
1504,Akansh Dhull,3,2025,Essay,0,VisionIAS,link,0,https://cdn.visionias.in/toppersanswerbooklet/dbea1-661968_2121_akansh_dhull_rank_03.pdf
151,Akansh Dhull,,,GS1,0,Vision,upsckata,21,https://cdn.visionias.in/toppersanswerbooklet/2ac99-661968_4510_akansh_dhull_rank_03.pdf
1153,Akansh Dhull,3,2025,GS1,0,UnlockIAS,link,0,https://drive.google.com/file/d/17TX-h1ccDjxHKG1R3Kuz74o_RfLH3S8o/view
1154,Akansh Dhull,3,2025,GS1,0,UnlockIAS,link,0,https://drive.google.com/file/d/1VMf2H4LjvRwRm5jNZFkHvpyTpbygBzce/view
1500,Akansh Dhull,3,2025,GS1,0,VisionIAS,link,0,https://cdn.visionias.in/toppersanswerbooklet/2ac99-661968_4510_akansh_dhull_rank_03.pdf
148,Akansh Dhull,3,2025,GS2,0,Forumias,upsckata,21,https://forumias.com/blog/wp-content/uploads/2026/03/AKANSH-DHULL-UPSC-IAS-2025-Toppers-AIR-3-Sample-MGP-Copy-2.pdf
152,Akansh Dhull,,,GS2,0,Vision,upsckata,21,https://cdn.visionias.in/toppersanswerbooklet/91774-661968_2929_akansh_dhull_rank_03.pdf
1499,Akansh Dhull,3,2025,GS2,0,VisionIAS,link,0,https://cdn.visionias.in/toppersanswerbooklet/91774-661968_2929_akansh_dhull_rank_03.pdf
1501,Akansh Dhull,3,2025,GS3,0,VisionIAS,link,0,https://cdn.visionias.in/toppersanswerbooklet/77a71-661968_4512_akansh_dhull_rank_03.pdf
149,Akansh Dhull,,,GS4,0,Vision,upsckata,24,https://cdn.visionias.in/toppersanswerbooklet/9cb98-661968_2931_akansh_dhull_rank_03.pdf
150,Akansh Dhull,,,GS4,0,Vision,upsckata,26,https://cdn.visionias.in/toppersanswerbooklet/0ee89-661968_4513_akansh_dhull_rank_03.pdf
1502,Akansh Dhull,3,2025,GS4,0,VisionIAS,link,0,https://cdn.visionias.in/toppersanswerbooklet/9cb98-661968_2931_akansh_dhull_rank_03.pdf
1503,Akansh Dhull,3,2025,GS4,0,VisionIAS,link,0,https://cdn.visionias.in/toppersanswerbooklet/0ee89-661968_4513_akansh_dhull_rank_03.pdf
153,Akarsh Dhull,3,2025,GS2,0,Forumias,upsckata,20,https://forumias.com/blog/wp-content/uploads/2026/03/AKANSH-DHULL-UPSC-IAS-2025-Toppers-AIR-3-Sample-MGP-Copy-1.pdf
2397,Akash Deep,233,2025,Optional — Geography,1,LotusArise,submission,0,https://drive.google.com/file/d/10sESqr2_xk_tBJp2z2UdermuHdD91oMp/view
2398,Akash Deep,233,2025,Optional — Geography,1,LotusArise,submission,0,https://drive.google.com/file/d/1R3N1bfd9wqoU_lkLcNL1VVFdY6zcdb5f/view
2399,Akash Deep,233,2025,Optional — Geography,1,LotusArise,submission,0,https://drive.google.com/file/d/1i8-i23vW_Jn6qb4ehVezDKNmZSUnr8Rh/view
154,Akash Kumar,101,2025,GS2,0,Forumias,upsckata,11,https://forumias.com/blog/wp-content/uploads/2026/03/AKASH-KUMARUPSC-IAS-2025-Toppers-AIR-101-Sample-MGP-Copy-2.pdf
155,Akash Kumar,101,2025,GS4,0,Forumias,upsckata,24,https://forumias.com/blog/wp-content/uploads/2026/03/AKASH-KUMARUPSC-IAS-2025-Toppers-AIR-101-Sample-MGP-Copy-3.pdf
1451,Akash Kumar,101,2025,GS4,0,Vajiram & Ravi,link,0,https://vajiramias.sgp1.cdn.digitaloceanspaces.com/strapi/ETHICS_2_akash_kumar_ed15135158.pdf
1374,Akhilesh Gundu,464,2025,GS3,0,Vajiram & Ravi,link,0,https://vajiramias.sgp1.cdn.digitaloceanspaces.com/strapi/AKHILESH_GUNDU_SS_GS_3_TEST_3_AIR_464_2025_3a6d153bd7.pdf
2462,Akhilesh Kumar Singh,331,2024,Optional — PSIR,1,Level Up IAS,submission,0,https://drive.google.com/file/d/1zRlhqo4U9O2TBtuSbjDjNZT5nfhzoV_8/view
156,Akshat Bakliwal,219,2025,Essay,0,Forumias,upsckata,2,https://forumias.com/blog/wp-content/uploads/2026/03/AKSHAT-BAKLIWALAUPSC-IAS-2025-Toppers-AIR-219-Sample-ESSAY-Copy-1.pdf
157,Akshat Bakliwal,219,2025,GS2,0,Forumias,upsckata,22,https://forumias.com/blog/wp-content/uploads/2026/03/AKSHAT-BAKLIWALAUPSC-IAS-2025-Toppers-AIR-219-Sample-MGP-Copy-1.pdf
158,Akshat Bakliwal,219,2025,GS2,0,Forumias,upsckata,20,https://forumias.com/blog/wp-content/uploads/2026/03/AKSHAT-BAKLIWALAUPSC-IAS-2025-Toppers-AIR-219-Sample-MGP-Copy-2.pdf
159,Akshat Bakliwal,219,2025,GS2,0,Forumias,upsckata,22,https://forumias.com/blog/wp-content/uploads/2026/03/AKSHAT-BAKLIWALAUPSC-IAS-2025-Toppers-AIR-219-Sample-MGP-Copy-3.pdf
1753,Akshat Baldwa,173,2025,Essay,0,VisionIAS,link,0,https://cdn.visionias.in/toppersanswerbooklet/11207-46118793_4514_akshat-baldwa_rank_173.pdf
1752,Akshat Baldwa,173,2025,GS4,0,VisionIAS,link,0,https://cdn.visionias.in/toppersanswerbooklet/1c909-46118793_4513_akshat-baldwa_rank_173.pdf
1146,Akshat Jain,2,2018,GS1,0,UnlockIAS,link,0,https://drive.google.com/file/d/1QNaeGl_WrumJn6IsvXpDvHkXWUZ2Ar9c/view
1147,Akshat Jain,2,2018,GS1,0,UnlockIAS,link,0,https://drive.google.com/file/d/1rEa2PHWrWp2sF3MKf3JkfCPE3-AITR2D/view
1148,Akshat Jain,2,2018,GS1,0,UnlockIAS,link,0,https://drive.google.com/file/d/1OJdAmygVibLCRwuecDZCfCi_dl3_0G-5/view
937,Akshat Jain,,,GS4,0,Vision,upsckata,19,https://drive.google.com/file/d/1zUjtJ_vmDKsimpZvlm1GaMTT2Ci6gsjv/view
938,Akshat Jain,,,GS4,0,Vision,upsckata,19,https://drive.google.com/file/d/1yigT7rrSg-mZpD4bChOlfcnHHooac-SK/view
2375,Akshat Jain,2,2018,Optional — Geography,1,UnlockIAS,submission,0,https://drive.google.com/file/d/1ds9vq9_-iXANgIknf3TeQ87mrHHbaDmY/view
2343,Akshay Deepak,196,2023,Optional — Anthropology,1,Level Up IAS,submission,0,https://drive.google.com/file/d/1Y-kO_tAfPUusmFU-6MgjVS4wt63gDuxc/view
1526,Akshit Bhardwaj,12,2025,GS1,0,VisionIAS,link,0,https://cdn.visionias.in/toppersanswerbooklet/2e9f1-45866015_2714_akshit_bhardwaj_rank_12.pdf
162,Akshit Bhardwaj,,,GS2,0,Vision,upsckata,22,https://cdn.visionias.in/toppersanswerbooklet/2e9f1-45866015_2714_akshit_bhardwaj_rank_12.pdf
1527,Akshit Bhardwaj,12,2025,GS2,0,VisionIAS,link,0,https://cdn.visionias.in/toppersanswerbooklet/c95f3-45866015_2715_akshit_bhardwaj_rank_12.pdf
163,Akshit Bhardwaj,,,GS3,0,Vision,upsckata,24,https://cdn.visionias.in/toppersanswerbooklet/c95f3-45866015_2715_akshit_bhardwaj_rank_12.pdf
160,Akshit Bhardwaj,,,GS4,0,Vision,upsckata,26,https://cdn.visionias.in/toppersanswerbooklet/0880c-45866015_2716_akshit_bhardwaj_rank_12.pdf
161,Akshit Bhardwaj,,,GS4,0,Vision,upsckata,27,https://cdn.visionias.in/toppersanswerbooklet/b49e1-45866015_3612_akshit_bhardwaj_rank_12.pdf
1524,Akshit Bhardwaj,12,2025,GS4,0,VisionIAS,link,0,https://cdn.visionias.in/toppersanswerbooklet/0880c-45866015_2716_akshit_bhardwaj_rank_12.pdf
1525,Akshit Bhardwaj,12,2025,GS4,0,VisionIAS,link,0,https://cdn.visionias.in/toppersanswerbooklet/b49e1-45866015_3612_akshit_bhardwaj_rank_12.pdf
2910,ALANKRITA PANDEY,85,2015,Optional — Public Administration,1,VisionIAS,submission,0,https://cdn.visionias.in/toppersanswerbooklet/85_Alankrita%20Pandey_16791_662_PUB%20AD.pdf
2911,ALANKRITA PANDEY,85,2015,Optional — Public Administration,1,VisionIAS,submission,0,https://cdn.visionias.in/toppersanswerbooklet/85_Alankrita%20Pandey_16791_664_PUB%20AD.pdf
2912,ALANKRITA PANDEY,85,2015,Optional — Public Administration,1,VisionIAS,submission,0,https://cdn.visionias.in/toppersanswerbooklet/85_Alankrita%20Pandey_16791_667_PUB%20AD.pdf
2913,ALANKRITA PANDEY,85,2015,Optional — Public Administration,1,VisionIAS,submission,0,https://cdn.visionias.in/toppersanswerbooklet/85_Alankrita%20Pandey_16791_668_PUB%20AD.pdf
1616,Alase Hrishikesh Rajendra,61,2025,GS1,0,VisionIAS,link,0,https://cdn.visionias.in/toppersanswerbooklet/6770b-874484_2211_alase_hrishikesh_rajendra_rank_61.pdf
1617,Alase Hrishikesh Rajendra,61,2025,GS2,0,VisionIAS,link,0,https://cdn.visionias.in/toppersanswerbooklet/e90f0-874484_2419_alase_hrishikesh_rajendra_rank_61.pdf
1618,Alase Hrishikesh Rajendra,61,2025,GS3,0,VisionIAS,link,0,https://cdn.visionias.in/toppersanswerbooklet/4f9ff-874484_4512_alase_hrishikesh_rajendra_rank_61.pdf
1615,Alase Hrishikesh Rajendra,61,2025,GS4,0,VisionIAS,link,0,https://cdn.visionias.in/toppersanswerbooklet/82e29-874484_1512_alase_hrishikesh_rajendra_rank_61.pdf
1619,Alase Hrishikesh Rajendra,61,2025,GS4,0,VisionIAS,link,0,https://cdn.visionias.in/toppersanswerbooklet/9f6fc-874484_4513_alase_hrishikesh_rajendra_rank_61.pdf
164,Alfred Thomas,,2024,GS2,0,Forumias,upsckata,15,https://forumias.com/blog/wp-content/uploads/2025/04/ALFRED-THOMAS-UPSC-2024-Rank-33-MGP-Sample-Copy-1.pdf
1851,Aman Aloon,295,2025,Essay,0,VisionIAS,link,0,https://cdn.visionias.in/toppersanswerbooklet/d5764-51357_4514_aman-aloon_rank_295.pdf
1852,Aman Aloon,295,2025,GS3,0,VisionIAS,link,0,https://cdn.visionias.in/toppersanswerbooklet/b4687-51357_2930_aman-aloon_rank_295.pdf
1853,Aman Aloon,295,2025,GS3,0,VisionIAS,link,0,https://cdn.visionias.in/toppersanswerbooklet/d8996-51357_4511_aman-aloon_rank_295.pdf
2563,Aman Pratap Singh,402,2024,Optional — Sociology,1,Level Up IAS,submission,0,https://drive.google.com/file/d/1v5yWjjvVnibCK-MdN5eTmjEnD9hbQEX9/view
2015,Aman Tiwari,74,2024,Essay,0,VisionIAS,link,0,https://cdn.visionias.in/toppersanswerbooklet/425e7-1522550_2576_aman_tiwari_rank_74.pdf
2014,Aman Tiwari,74,2024,GS1,0,VisionIAS,link,0,https://cdn.visionias.in/toppersanswerbooklet/51231-1522550_2368_aman_tiwari_rank_74.pdf
2012,Aman Tiwari,74,2024,GS4,0,VisionIAS,link,0,https://cdn.visionias.in/toppersanswerbooklet/6169f-1522550_2370_aman_tiwari_rank_74.pdf
2013,Aman Tiwari,74,2024,GS4,0,VisionIAS,link,0,https://cdn.visionias.in/toppersanswerbooklet/7a8e5-1522550_2931_aman_tiwari_rank_74.pdf
2687,Amar Baghel,583,2025,Optional — Sociology,1,VisionIAS,submission,0,https://cdn.visionias.in/toppersanswerbooklet/e85fd-606276_3346_amar_baghel_rank_583.pdf
2688,Amar Baghel,583,2025,Optional — Sociology,1,VisionIAS,submission,0,https://cdn.visionias.in/toppersanswerbooklet/1d0a9-606276_3347_amar_baghel_rank_583.pdf
2751,AMITEJ PANGTEY,212,2023,Optional — Sociology,1,VisionIAS,submission,0,https://cdn.visionias.in/toppersanswerbooklet/aa7c2-654500_2295_amitej_pangtey_rank_212.pdf
2752,AMITEJ PANGTEY,212,2023,Optional — Sociology,1,VisionIAS,submission,0,https://cdn.visionias.in/toppersanswerbooklet/b1cd6-654500_2297_amitej_pangtey_rank_212.pdf
2753,AMITEJ PANGTEY,212,2023,Optional — Sociology,1,VisionIAS,submission,0,https://cdn.visionias.in/toppersanswerbooklet/5766c-654500_2301_amitej_pangtey_rank_212.pdf
2754,AMITEJ PANGTEY,212,2023,Optional — Sociology,1,VisionIAS,submission,0,https://cdn.visionias.in/toppersanswerbooklet/b1990-654500_2302_amitej_pangtey_rank_212.pdf
2372,Amrish Yadav,72,2024,Optional — Forest Service (IFS),1,Vajiram & Ravi,submission,0,https://vajiramias.sgp1.cdn.digitaloceanspaces.com/strapi/AMRISH_YADAV_UPSC_IFS_2024_AIR_72_GS_1_T_1_copy_c6305d570d.pdf
2373,Amrish Yadav,72,2024,Optional — Forest Service (IFS),1,Vajiram & Ravi,submission,0,https://vajiramias.sgp1.cdn.digitaloceanspaces.com/strapi/AMRISH_YADAV_UPSC_IFS_2024_AIR_72_GS_2_copy_8443db21fc.pdf
2374,Amrish Yadav,72,2024,Optional — Forest Service (IFS),1,Vajiram & Ravi,submission,0,https://vajiramias.sgp1.cdn.digitaloceanspaces.com/strapi/AMRISH_YADAV_UPSC_IFS_2024_AIR_72_GS_3_copy_ae6b46f7a7.pdf
165,Amrit Mahapatra,121,2025,Essay,0,Forumias,upsckata,3,https://forumias.com/blog/wp-content/uploads/2026/03/AMRIT-MAHHAPATRA-UPSC-IAS-2025-Toppers-AIR-121-Sample-ESSAY-Copy-2.pdf
166,Amrit Mahapatra,121,2025,GS1,0,Forumias,upsckata,3,https://forumias.com/blog/wp-content/uploads/2026/03/AMRIT-MAHHAPATRA-UPSC-IAS-2025-Toppers-AIR-121-Sample-MGP-Copy-1.pdf
167,Amrit Mahapatra,121,2025,GS2,0,Forumias,upsckata,4,https://forumias.com/blog/wp-content/uploads/2026/03/AMRIT-MAHHAPATRA-UPSC-IAS-2025-Toppers-AIR-121-Sample-MGP-Copy-3.pdf
168,Amrit Mahhapatra,121,2025,GS4,0,Forumias,upsckata,12,https://forumias.com/blog/wp-content/uploads/2026/03/AMRIT-MAHHAPATRA-UPSC-IAS-2025-Toppers-AIR-121-Sample-MGP-Copy-5.pdf
2267,Anand Kumar Meena,865,2024,GS4,0,VisionIAS,link,0,https://cdn.visionias.in/toppersanswerbooklet/aa258-6189_873_anand_kumar_meena_rank_865.pdf
2808,Anand Malhotra,67,2021,Optional — Sociology,1,VisionIAS,submission,0,https://cdn.visionias.in/toppersanswerbooklet/dfffe-1018150_1995_anand-malhotra_rank67.pdf
2809,Anand Malhotra,67,2021,Optional — Sociology,1,VisionIAS,submission,0,https://cdn.visionias.in/toppersanswerbooklet/a1232-1018150_1996_anand-malhotra_rank67.pdf
2810,Anand Malhotra,67,2021,Optional — Sociology,1,VisionIAS,submission,0,https://cdn.visionias.in/toppersanswerbooklet/94505-1018150_1997_anand-malhotra_rank67.pdf
2507,Ananya,13,2025,Optional — Sociology,1,Level Up IAS,submission,0,https://drive.google.com/file/d/127JInS9TwH61kwfbxEwvFXCdkU9c_Jnu/view
2508,Ananya,13,2025,Optional — Sociology,1,Level Up IAS,submission,0,https://drive.google.com/file/d/1uvsysxdo7ICD_uRfjyei8nRYr6CAbBfD/view
170,Ananya Rana,60,2025,Essay,0,Forumias,upsckata,5,https://forumias.com/blog/wp-content/uploads/2026/03/ANANYA-RANA-UPSC-IAS-2025-Toppers-AIR-60-Sample-Essay-Copy-2.pdf
171,Ananya Rana,,,Essay,0,Vision,upsckata,3,https://cdn.visionias.in/toppersanswerbooklet/80534-1055139_4514_ananya_rana_rank_60.pdf
1614,Ananya Rana,60,2025,Essay,0,VisionIAS,link,0,https://cdn.visionias.in/toppersanswerbooklet/80534-1055139_4514_ananya_rana_rank_60.pdf
173,Ananya Rana,,,GS1,0,Vision,upsckata,20,https://cdn.visionias.in/toppersanswerbooklet/26e96-1055139_4510_ananya_rana_rank_60.pdf
1610,Ananya Rana,60,2025,GS1,0,VisionIAS,link,0,https://cdn.visionias.in/toppersanswerbooklet/26e96-1055139_4510_ananya_rana_rank_60.pdf
174,Ananya Rana,,,GS2,0,Vision,upsckata,20,https://cdn.visionias.in/toppersanswerbooklet/3faed-1055139_4511_ananya_rana_rank_60.pdf
1611,Ananya Rana,60,2025,GS2,0,VisionIAS,link,0,https://cdn.visionias.in/toppersanswerbooklet/3faed-1055139_4511_ananya_rana_rank_60.pdf
169,Ananya Rana,60,2025,GS3,0,Forumias,upsckata,3,https://forumias.com/blog/wp-content/uploads/2026/03/ANANYA-RANA-UPSC-IAS-2025-Toppers-AIR-60-Sample-AWFG-Copy-3.pdf
175,Ananya Rana,,,GS3,0,Vision,upsckata,20,https://cdn.visionias.in/toppersanswerbooklet/6a2c5-1055139_4512_ananya_rana_rank_60.pdf
1612,Ananya Rana,60,2025,GS3,0,VisionIAS,link,0,https://cdn.visionias.in/toppersanswerbooklet/6a2c5-1055139_4512_ananya_rana_rank_60.pdf
172,Ananya Rana,,,GS4,0,Vision,upsckata,23,https://cdn.visionias.in/toppersanswerbooklet/2c91f-1055139_4513_ananya_rana_rank_60.pdf
1613,Ananya Rana,60,2025,GS4,0,VisionIAS,link,0,https://cdn.visionias.in/toppersanswerbooklet/2c91f-1055139_4513_ananya_rana_rank_60.pdf
176,Aniket Dnyaneshwar Hirde,,,GS1,0,Nextias,upsckata,21,https://next-ias-appsquadz.s3.ap-south-1.amazonaws.com/file_library/pdf/original/876453603529616100_PDF_ORIGINAL.pdf
177,Aniket Dnyaneshwar Hirde,81,,GS2,0,Nextias,upsckata,22,https://next-ias-appsquadz.s3.ap-south-1.amazonaws.com/file_library/pdf/original/93393beb2b7e996905ce7ea7f8b78443/107/air-81-aniket-dnyaneshwar-hirde_test-2_gs2.pdf
178,Aniket Dnyaneshwor Hirde,81,,GS1,0,Nextias,upsckata,21,https://next-ias-appsquadz.s3.ap-south-1.amazonaws.com/file_library/pdf/original/93393beb2b7e996905ce7ea7f8b78443/108/air-81-aniket-dnyaneshwar-hirde_test-1_gs1.pdf
181,Aniket Ranjan,,,Essay,0,Vision,upsckata,1,https://cdn.visionias.in/toppersanswerbooklet/bd315-1135849_2319_aniket-ranjan_rank_48.pdf
1581,Aniket Ranjan,48,2025,Essay,0,VisionIAS,link,0,https://cdn.visionias.in/toppersanswerbooklet/bd315-1135849_2319_aniket-ranjan_rank_48.pdf
179,Aniket Ranjan,48,2025,GS1,0,Forumias,upsckata,22,https://forumias.com/blog/wp-content/uploads/2026/03/ANIKET-RANJANUPSC-IAS-2025-Toppers-AIR-48-Sample-MGP-Copy-1.pdf
182,Aniket Ranjan,,,GS1,0,Vision,upsckata,1,https://cdn.visionias.in/toppersanswerbooklet/318a2-1135849_34899_aniket_ranjan_rank_48.pdf
1582,Aniket Ranjan,48,2025,GS1,0,VisionIAS,link,0,https://cdn.visionias.in/toppersanswerbooklet/318a2-1135849_34899_aniket_ranjan_rank_48.pdf
180,Aniket Ranjan,48,2025,GS2,0,Forumias,upsckata,22,https://forumias.com/blog/wp-content/uploads/2026/03/ANIKET-RANJANUPSC-IAS-2025-Toppers-AIR-48-Sample-MGP-Copy-2.pdf
1284,Aniket Ranjan,48,2025,GS2,0,UnlockIAS,link,0,https://drive.google.com/file/d/12i8RXlMNZCf9djIiocf3CubSzA0tW8T2/view
1351,Aniket Ranjan,48,2025,GS3,0,UnlockIAS,link,0,https://drive.google.com/file/d/16XcwhgjvYrwaG6GxBKuXzlRatfv7Rqi7/view
2308,Aniket Ranjan,48,2025,Optional — Anthropology,1,Level Up IAS,submission,0,https://drive.google.com/file/d/1g_gyhPM5GleqIFM_yRu0f0TSdFTY1qx2/view
2309,Aniket Ranjan,48,2025,Optional — Anthropology,1,Level Up IAS,submission,0,https://drive.google.com/file/d/18WDHtQ4XhLAD2ngAyEQ9bJ4t9uQWanmd/view
183,Animesh Jain,,,Essay,0,Vision,upsckata,1,https://cdn.visionias.in/toppersanswerbooklet/14e48-1305363_3280_animesh_jain_rank_63.pdf
1084,Animesh Jain,63,2025,Essay,0,UnlockIAS,link,0,https://drive.google.com/file/d/17cdkDjZZYPzV0MdXkWigHazDDfqwh5Dn/view
1085,Animesh Jain,63,2025,Essay,0,UnlockIAS,link,0,https://drive.google.com/file/d/14wBsR0I2gWaudx-aUr3ciDsTRwopKt3Q/view
1086,Animesh Jain,63,2025,Essay,0,UnlockIAS,link,0,https://drive.google.com/file/d/1XmJbC-UN1X3wv_4XwSqxdQp4joCn6x6g/view
1623,Animesh Jain,63,2025,Essay,0,VisionIAS,link,0,https://cdn.visionias.in/toppersanswerbooklet/14e48-1305363_3280_animesh_jain_rank_63.pdf
185,Animesh Jain,,,GS1,0,Vision,upsckata,20,https://cdn.visionias.in/toppersanswerbooklet/a48af-1305363_2713_animesh_jain_rank_63.pdf
1620,Animesh Jain,63,2025,GS1,0,VisionIAS,link,0,https://cdn.visionias.in/toppersanswerbooklet/a48af-1305363_2713_animesh_jain_rank_63.pdf
186,Animesh Jain,,,GS2,0,Vision,upsckata,22,https://cdn.visionias.in/toppersanswerbooklet/bc29d-1305363_2714_animesh_jain_rank_63.pdf
1621,Animesh Jain,63,2025,GS2,0,VisionIAS,link,0,https://cdn.visionias.in/toppersanswerbooklet/bc29d-1305363_2714_animesh_jain_rank_63.pdf
187,Animesh Jain,,,GS3,0,Vision,upsckata,25,https://cdn.visionias.in/toppersanswerbooklet/7492c-1305363_3611_animesh_jain_rank_63.pdf
1352,Animesh Jain,63,2025,GS3,0,UnlockIAS,link,0,https://drive.google.com/file/d/1_Qk_cxRx1pYyzL9m_8WOkUcsD9Urb9gU/view
1622,Animesh Jain,63,2025,GS3,0,VisionIAS,link,0,https://cdn.visionias.in/toppersanswerbooklet/7492c-1305363_3611_animesh_jain_rank_63.pdf
184,Animesh Jain,,,GS4,0,Vision,upsckata,26,https://cdn.visionias.in/toppersanswerbooklet/807d5-1305363_3612_animesh_jain_rank_63.pdf
1440,Animesh Jain,63,2025,GS4,0,UnlockIAS,link,0,https://drive.google.com/file/d/1j0ObZQESofwUaHGZoNH5wqd3bqyt1ZsT/view
1624,Animesh Jain,63,2025,GS4,0,VisionIAS,link,0,https://cdn.visionias.in/toppersanswerbooklet/807d5-1305363_3612_animesh_jain_rank_63.pdf
1311,Animesh Mishra,428,2025,GS2,0,Vajiram & Ravi,link,0,https://vajiramias.sgp1.cdn.digitaloceanspaces.com/strapi/ANIMESH_MISHRA_SS_GS_2_TEST_2_AIR_428_2025_08fc7c0ed3.pdf
1469,Animesh Mishra,428,2025,GS4,0,Vajiram & Ravi,link,0,https://vajiramias.sgp1.cdn.digitaloceanspaces.com/strapi/ANIMESH_SS_MISHRA_SS_GS_4_AIR_428_034dd79be6.pdf
2464,Animesh Mishra,428,2025,Optional — PSIR,1,Level Up IAS,submission,0,https://drive.google.com/file/d/1Bb4gyLc4iOhvHi5k9dRfvQDdweplQ7yh/view
939,Animesh Pradhan,,,GS4,0,Vision,upsckata,25,https://drive.google.com/file/d/1Skd0q-Fsc2jCQ9vAvOtIZ1OcmowtbPgq/view
2725,ANIMESH PRADHAN,2,2023,Optional — Sociology,1,VisionIAS,submission,0,https://cdn.visionias.in/toppersanswerbooklet/e237e-1217762_2295_animesh_pradhan_rank_02.pdf
2726,ANIMESH PRADHAN,2,2023,Optional — Sociology,1,VisionIAS,submission,0,https://cdn.visionias.in/toppersanswerbooklet/e3410-1217762_2296_animesh_pradhan_rank_02.pdf
2727,ANIMESH PRADHAN,2,2023,Optional — Sociology,1,VisionIAS,submission,0,https://cdn.visionias.in/toppersanswerbooklet/d94d6-1217762_2299_animesh_pradhan_rank_02.pdf
2728,ANIMESH PRADHAN,2,2023,Optional — Sociology,1,VisionIAS,submission,0,https://cdn.visionias.in/toppersanswerbooklet/f33f1-1217762_2300_animesh_pradhan_rank_02.pdf
1734,Anindya Pandey,158,2025,Essay,0,VisionIAS,link,0,https://cdn.visionias.in/toppersanswerbooklet/3d7b7-1174117_3128_anindya-pandey_rank_158.pdf
1735,Anindya Pandey,158,2025,Essay,0,VisionIAS,link,0,https://cdn.visionias.in/toppersanswerbooklet/ed439-1174117_4514_anindya-pandey_rank_158.pdf
1733,Anindya Pandey,158,2025,GS1,0,VisionIAS,link,0,https://cdn.visionias.in/toppersanswerbooklet/10847-1174117_4510_anindya-pandey_rank_158.pdf
188,Anindya Pandey,158,2025,GS2,0,Forumias,upsckata,24,https://forumias.com/blog/wp-content/uploads/2026/03/ANINDYA-PANDEYUPSC-IAS-2025-Toppers-AIR-158-Sample-MGP-Copy-1.pdf
1250,Anita,644,2025,GS1,0,Vajiram & Ravi,link,0,https://vajiramias.sgp1.cdn.digitaloceanspaces.com/strapi/ANITA_SS_GS_1_TEST_1_AIR_644_2025_4a8f555501.pdf
2905,Anita Yadav,350,2016,Optional — Philosophy,1,VisionIAS,submission,0,https://cdn.visionias.in/toppersanswerbooklet/16663_785_Anita_Rank_350.pdf
2906,Anita Yadav,350,2016,Optional — Philosophy,1,VisionIAS,submission,0,https://cdn.visionias.in/toppersanswerbooklet/16663_786_Anita_Rank_350.pdf
2907,Anita Yadav,350,2016,Optional — Philosophy,1,VisionIAS,submission,0,https://cdn.visionias.in/toppersanswerbooklet/16663_783_Anita_Rank_350.pdf
2789,Anjali Joy,416,2022,Optional — Sociology,1,VisionIAS,submission,0,https://cdn.visionias.in/toppersanswerbooklet/97710-1073421_2097_anjali-joy_rank-416.pdf
2790,Anjali Joy,416,2022,Optional — Sociology,1,VisionIAS,submission,0,https://cdn.visionias.in/toppersanswerbooklet/e4fac-1073421_2100_anjali-joy_rank-416.pdf
189,Anjali Thakur,43,,GS1,0,Nextias,upsckata,21,https://next-ias-appsquadz.s3.ap-south-1.amazonaws.com/file_library/pdf/original/93393beb2b7e996905ce7ea7f8b78443/2/air-43-thakur-anjali-ajay_test-5_gs1.pdf
190,Anjali Thakur,43,,GS1,0,Nextias,upsckata,20,https://next-ias-appsquadz.s3.ap-south-1.amazonaws.com/file_library/pdf/original/93393beb2b7e996905ce7ea7f8b78443/3/air-43-thakur-anjali-ajay_test-1_gs1.pdf
192,Anjali Thakur,43,,GS2,0,Nextias,upsckata,21,https://next-ias-appsquadz.s3.ap-south-1.amazonaws.com/file_library/pdf/original/ee21bf4c91767f03906ea17bc7230b10/134/air-43-thakur-anjali-ajay_test-6_gs2.pdf
191,Anjali Thakur,43,,GS3,0,Nextias,upsckata,23,https://next-ias-appsquadz.s3.ap-south-1.amazonaws.com/file_library/pdf/original/ee21bf4c91767f03906ea17bc7230b10/126/air-43-thakur-anjali-ajay_test-7_gs3.pdf
193,Anjali Thakur,43,,GS4,0,Nextias,upsckata,27,https://next-ias-appsquadz.s3.ap-south-1.amazonaws.com/file_library/pdf/original/ee21bf4c91767f03906ea17bc7230b10/139/air-43-thakur-anjali-ajay_test-8_gs4.pdf
940,Anjali Thakur,,,GS4,0,Nextias,upsckata,27,https://drive.google.com/file/d/1imZz8T2RCRDoKRxMwZ85JCVb99xNkE02/view
1995,Anju,60,2024,GS1,0,VisionIAS,link,0,https://cdn.visionias.in/toppersanswerbooklet/312d3-1188680_2349_anju_rank_60.pdf
1996,Anju,60,2024,GS1,0,VisionIAS,link,0,https://cdn.visionias.in/toppersanswerbooklet/3361a-1188680_2344_anju_rank_60.pdf
1997,Anju,60,2024,GS1,0,VisionIAS,link,0,https://cdn.visionias.in/toppersanswerbooklet/59209-1188680_2929_anju_rank_60.pdf
1998,ANJU,60,2024,GS1,0,VisionIAS,link,0,https://cdn.visionias.in/toppersanswerbooklet/37b1c-1188680_2368_anju_rank_60.pdf
1810,Ankit Agrawal,217,2025,Essay,0,VisionIAS,link,0,https://cdn.visionias.in/toppersanswerbooklet/79922-610540_4514_ankit-agrawal_rank_217.pdf
1807,Ankit Agrawal,217,2025,GS1,0,VisionIAS,link,0,https://cdn.visionias.in/toppersanswerbooklet/9d965-610540_4510_ankit-agrawal_rank_217.pdf
1808,Ankit Agrawal,217,2025,GS2,0,VisionIAS,link,0,https://cdn.visionias.in/toppersanswerbooklet/47512-610540_4511_ankit-agrawal_rank_217.pdf
1809,Ankit Agrawal,217,2025,GS2,0,VisionIAS,link,0,https://cdn.visionias.in/toppersanswerbooklet/5f0ad-610540_4512_ankit-agrawal_rank_217.pdf
2382,Ankit Agrawal,217,2025,Optional — Geography,1,LotusArise,submission,0,https://drive.google.com/file/d/1w21l883U5lG1L47jAohHnLO6_G44V8xy/view
2383,Ankit Agrawal,217,2025,Optional — Geography,1,LotusArise,submission,0,https://drive.google.com/file/d/1xByW3Wz5WIvIupnnuSvKF5sC_UzbAHwG/view
2384,Ankit Agrawal,217,2025,Optional — Geography,1,LotusArise,submission,0,https://drive.google.com/file/d/1Mc5Zq3Evn4rCLjsw_xuk0r160rQW5BMk/view
2385,Ankit Agrawal,217,2025,Optional — Geography,1,LotusArise,submission,0,https://drive.google.com/file/d/1d2j3zAcphypfHmQkRMXBF2HHPWFZI1cg/view
2386,Ankit Agrawal,217,2025,Optional — Geography,1,LotusArise,submission,0,https://drive.google.com/file/d/1yGDUJZ6qwfVkRYE0J6UmYsgl012rrD_K/view
2387,Ankit Agrawal,217,2025,Optional — Geography,1,LotusArise,submission,0,https://drive.google.com/file/d/1ZxOsi-IEm4PhHjCt6U9ZUksUXciOomKD/view
2388,Ankit Agrawal,217,2025,Optional — Geography,1,LotusArise,submission,0,https://drive.google.com/file/d/1sbDBU0P89P0UGpuw0SCOotVwSU-8We2V/view
1790,Ankit Jarwal,205,2025,Essay,0,VisionIAS,link,0,https://cdn.visionias.in/toppersanswerbooklet/39706-45884948_4514_ankit-jarwal_rank_205.pdf
197,Ankit Jarwal,205,2025,GS1,0,Forumias,upsckata,21,https://forumias.com/blog/wp-content/uploads/2026/03/ANKIT-JARWALUPSC-IAS-2025-Toppers-AIR-205-Sample-MGP-Copy-4.pdf
1787,Ankit Jarwal,205,2025,GS1,0,VisionIAS,link,0,https://cdn.visionias.in/toppersanswerbooklet/213a0-45884948_4510_ankit-jarwal_rank_205.pdf
194,Ankit Jarwal,205,2025,GS2,0,Forumias,upsckata,20,https://forumias.com/blog/wp-content/uploads/2026/03/ANKIT-JARWALUPSC-IAS-2025-Toppers-AIR-205-Sample-MGP-Copy-1.pdf
195,Ankit Jarwal,205,2025,GS2,0,Forumias,upsckata,21,https://forumias.com/blog/wp-content/uploads/2026/03/ANKIT-JARWALUPSC-IAS-2025-Toppers-AIR-205-Sample-MGP-Copy-2.pdf
196,Ankit Jarwal,205,2025,GS2,0,Forumias,upsckata,23,https://forumias.com/blog/wp-content/uploads/2026/03/ANKIT-JARWALUPSC-IAS-2025-Toppers-AIR-205-Sample-MGP-Copy-3.pdf
1788,Ankit Jarwal,205,2025,GS2,0,VisionIAS,link,0,https://cdn.visionias.in/toppersanswerbooklet/842e8-45884948_4511_ankit-jarwal_rank_205.pdf
1789,Ankit Jarwal,205,2025,GS3,0,VisionIAS,link,0,https://cdn.visionias.in/toppersanswerbooklet/31e42-45884948_4512_ankit-jarwal_rank_205.pdf
2344,Ankit Jarwal,205,2025,Optional — Anthropology,1,Level Up IAS,submission,0,https://drive.google.com/file/d/1lDvaCqSr4luANGjltp5IGALioqyp3QEm/view
198,Ankit Raushan,255,2025,Essay,0,Forumias,upsckata,3,https://forumias.com/blog/wp-content/uploads/2026/03/ANKIT-RAUSHANUPSC-IAS-2025-Toppers-AIR-255-Sample-Essay-Copy-1.pdf
199,Ankit Raushan,255,2025,Essay,0,Forumias,upsckata,3,https://forumias.com/blog/wp-content/uploads/2026/03/ANKIT-RAUSHANUPSC-IAS-2025-Toppers-AIR-255-Sample-Essay-Copy-2.pdf
1827,Ankit Raushan,255,2025,Essay,0,VisionIAS,link,0,https://cdn.visionias.in/toppersanswerbooklet/49fe7-45936806_4514_ankit-raushan_rank_255.pdf
200,Ankit Raushan,255,2025,GS1,0,Forumias,upsckata,22,https://forumias.com/blog/wp-content/uploads/2026/03/ANKIT-RAUSHANUPSC-IAS-2025-Toppers-AIR-255-Sample-MGP-Copy-2.pdf
201,Ankit Raushan,255,2025,GS3,0,Forumias,upsckata,20,https://forumias.com/blog/wp-content/uploads/2026/03/ANKIT-RAUSHANUPSC-IAS-2025-Toppers-AIR-255-Sample-MGP-Copy-3.pdf
2347,Ankit Raushan,255,2025,Optional — Anthropology,1,Level Up IAS,submission,0,https://drive.google.com/file/d/1FoqZDoh-GN8JMIJijmkmdPZdLFNTC-pm/view
941,Ankita Jain,,,GS4,0,Vision,upsckata,23,https://drive.google.com/file/d/1pLs3lYsbKQpy4MZi9yHv3e_II7fFur2v/view
942,Ankita Jain,,,GS4,0,Vision,upsckata,21,https://drive.google.com/file/d/1plfnSdKbBl4AR89lzij7xFh6rqbdiPgW/view
943,Ankita Jain,,,GS4,0,Vision,upsckata,22,https://drive.google.com/file/d/1H7Fx2c0em9EA-vWjQk7QF7rZWytdotWn/view
202,Ankita Patil,140,2025,Essay,0,Forumias,upsckata,4,https://forumias.com/blog/wp-content/uploads/2026/03/ANKITA-ANIL-PATIL-RANKUPSC-IAS-2025-Toppers-AIR-140-Sample-ESSAY-Copy-1.pdf
204,Ankita Patil,140,2025,GS1,0,Forumias,upsckata,20,https://forumias.com/blog/wp-content/uploads/2026/03/ANKITA-ANIL-PATIL-RANKUPSC-IAS-2025-Toppers-AIR-140-Sample-MGP-Copy-3.pdf
205,Ankita Patil,140,2025,GS2,0,Forumias,upsckata,20,https://forumias.com/blog/wp-content/uploads/2026/03/ANKITA-ANIL-PATIL-RANKUPSC-IAS-2025-Toppers-AIR-140-Sample-MGP-Copy-4.pdf
203,Ankita Patil,140,2025,GS3,0,Forumias,upsckata,20,https://forumias.com/blog/wp-content/uploads/2026/03/ANKITA-ANIL-PATIL-RANKUPSC-IAS-2025-Toppers-AIR-140-Sample-MGP-Copy-1.pdf
207,Ankur Tripathi,,,Essay,0,Nextias,upsckata,2,https://www.nextias.com/newuploads/Nextias/2025/4/essay-test-1-ankur-tripathi-1745478304325.pdf
208,Ankur Tripathi,,,Essay,0,Nextias,upsckata,3,https://www.nextias.com/newuploads/Nextias/2025/4/essay-test-2-ankur-tripathi-1745478370133.pdf
206,Ankur Tripathi,,2024,GS2,0,Nextias,upsckata,20,https://www.nextias.com/newuploads/Nextias/2025/4/ankur-tripathi-gs-mains-advanced-course-2024-1745409460709.pdf
209,Annaburna Singh,,,GS3,0,Nextias,upsckata,21,https://next-ias-appsquadz.s3.ap-south-1.amazonaws.com/file_library/pdf/original/022c58f3f0988adf83a584c53e9d0ac5/111/pttp220600_tc073-test-03-gs-03.pdf
210,Annapurna Singh,,,GS1,0,Nextias,upsckata,21,https://next-ias-appsquadz.s3.ap-south-1.amazonaws.com/file_library/pdf/original/022c58f3f0988adf83a584c53e9d0ac5/109/pttp220600_tc071-test-01-gs-01.pdf
211,Annapurna Singh,,,GS2,0,Nextias,upsckata,20,https://next-ias-appsquadz.s3.ap-south-1.amazonaws.com/file_library/pdf/original/022c58f3f0988adf83a584c53e9d0ac5/110/pttp220600_tc072-test-02-gs02.pdf
212,Annapurna Singh,,,GS4,0,Nextias,upsckata,23,https://next-ias-appsquadz.s3.ap-south-1.amazonaws.com/file_library/pdf/original/022c58f3f0988adf83a584c53e9d0ac5/112/pttp220600_tc074-test-04-gs-04.pdf
1213,Annu Koushik,225,2024,GS1,0,Vajiram & Ravi,link,0,https://vajiramias.sgp1.cdn.digitaloceanspaces.com/strapi/SURE_SHORT_2024_GS_PAPER_GS_1_ANNU_KOUSHIK_T_5_AIR_225_f69ecf0c38.pdf
1456,Annu Koushik,225,2024,GS4,0,Vajiram & Ravi,link,0,https://vajiramias.sgp1.cdn.digitaloceanspaces.com/strapi/SURE_SHORT_2024_GS_PAPER_GS_4_2024_ANNU_KOUSHIK_AIR_225_T_8_T_882d4f50aa.pdf
214,Anshul,22,,GS1,0,Nextias,upsckata,4,https://next-ias-appsquadz.s3.ap-south-1.amazonaws.com/file_library/pdf/original/ee21bf4c91767f03906ea17bc7230b10/20/air-22-anshul-bhatt_test-5_gs1.pdf
216,Anshul,22,,GS1,0,Nextias,upsckata,1,https://next-ias-appsquadz.s3.ap-south-1.amazonaws.com/file_library/pdf/original/ee21bf4c91767f03906ea17bc7230b10/23/air-22-anshul-bhatt_test-1_gs1.pdf
213,Anshul,22,,GS2,0,Nextias,upsckata,4,https://next-ias-appsquadz.s3.ap-south-1.amazonaws.com/file_library/pdf/original/ee21bf4c91767f03906ea17bc7230b10/19/air-22-anshul-bhatt_test-6_gs2.pdf
215,Anshul,22,,GS3,0,Nextias,upsckata,2,https://next-ias-appsquadz.s3.ap-south-1.amazonaws.com/file_library/pdf/original/ee21bf4c91767f03906ea17bc7230b10/22/air-22-anshul-bhatt_test-3_gs3.pdf
2741,ANSHUL HINDAL,48,2023,Optional — Sociology,1,VisionIAS,submission,0,https://cdn.visionias.in/toppersanswerbooklet/0c51d-364372_2298_anshul_hindal_rank_48.pdf
2742,ANSHUL HINDAL,48,2023,Optional — Sociology,1,VisionIAS,submission,0,https://cdn.visionias.in/toppersanswerbooklet/ec89f-364372_2300_anshul_hindal_rank_48.pdf
2743,ANSHUL HINDAL,48,2023,Optional — Sociology,1,VisionIAS,submission,0,https://cdn.visionias.in/toppersanswerbooklet/d3d49-364372_2301_anshul_hindal_rank_48.pdf
1262,Anshul Singh,873,2025,GS1,0,Vajiram & Ravi,link,0,https://vajiramias.sgp1.cdn.digitaloceanspaces.com/strapi/ANSHUL_SINGH_SS_GS_1_AIR_873_40e7c95f4d.pdf
1336,Anshul Singh,873,2025,GS2,0,Vajiram & Ravi,link,0,https://vajiramias.sgp1.cdn.digitaloceanspaces.com/strapi/ANSHUL_SINGH_SS_GS_2_AIR_873_5b0c98a9a2.pdf
1496,Anshul Singh,873,2025,GS4,0,Vajiram & Ravi,link,0,https://vajiramias.sgp1.cdn.digitaloceanspaces.com/strapi/ANSHUL_SINGH_SS_GS_4_AIR_873_c47492502f.pdf
2815,Antriksh Jain,130,2021,Optional — Sociology,1,VisionIAS,submission,0,https://cdn.visionias.in/toppersanswerbooklet/114bb-833625_1995_antriksh-jain_rank_130.pdf
2816,Antriksh Jain,130,2021,Optional — Sociology,1,VisionIAS,submission,0,https://cdn.visionias.in/toppersanswerbooklet/5a9e1-833625_1999_antriksh-jain_rank_130.pdf
1771,Anubhav Agrawal,188,2025,GS4,0,VisionIAS,link,0,https://cdn.visionias.in/toppersanswerbooklet/1c7c9-1051963_1819_anubhav-agrawal_rank_188.pdf
1128,Anudeep Durishetty,1,2017,GS1,0,UnlockIAS,link,0,https://drive.google.com/file/d/1W3o5Wgq9P09tpZPBXU7G5g_bflpRBvWv/view
1129,Anudeep Durishetty,1,2017,GS1,0,UnlockIAS,link,0,https://drive.google.com/file/d/1PcCaAdLCzimGTXmiFSDc1WNq_qqmJERV/view
1130,Anudeep Durishetty,1,2017,GS1,0,UnlockIAS,link,0,https://drive.google.com/file/d/1IHNxmAyYqxD6dNjqahEvs2KBGfKew1k9/view
1268,Anudeep Durishetty,1,2017,GS2,0,UnlockIAS,link,0,https://drive.google.com/file/d/1OsW1-H3oG8sY6YmD3fgf90G4cqzqDghB/view
1340,Anudeep Durishetty,1,2017,GS3,0,UnlockIAS,link,0,https://drive.google.com/file/d/1UKvr6iSjNEI1FI4W65P5aZpV1JD79QvI/view
1993,Anuj,60,2024,GS4,0,VisionIAS,link,0,https://cdn.visionias.in/toppersanswerbooklet/ecf45-1188680_2366_anju_rank_60.pdf
1994,Anuj,60,2024,GS4,0,VisionIAS,link,0,https://cdn.visionias.in/toppersanswerbooklet/8db17-1188680_2370_anju_rank_60.pdf
2522,Anuja Trivedi,80,2022,Optional — Sociology,1,Level Up IAS,submission,0,https://drive.google.com/file/d/1gORu0YEIHWl-mu69oILj9AynbR1Ade-r/view
217,Anupriya Rai,258,2025,Essay,0,Forumias,upsckata,2,https://forumias.com/blog/wp-content/uploads/2026/03/ANUPRIYA-RAIUPSC-IAS-2025-Toppers-AIR-258-Sample-Essay-Copy-1.pdf
1829,Anupriya Rai,258,2025,Essay,0,VisionIAS,link,0,https://cdn.visionias.in/toppersanswerbooklet/9203e-1232405_2121_anupriya-rai_rank_258.pdf
219,Anupriya Rai,258,2025,GS2,0,Forumias,upsckata,20,https://forumias.com/blog/wp-content/uploads/2026/03/ANUPRIYA-RAIUPSC-IAS-2025-Toppers-AIR-258-Sample-MGP-Copy-2.pdf
218,Anupriya Rai,258,2025,GS3,0,Forumias,upsckata,20,https://forumias.com/blog/wp-content/uploads/2026/03/ANUPRIYA-RAIUPSC-IAS-2025-Toppers-AIR-258-Sample-MGP-Copy-1.pdf
220,Anupriya Rai,258,2025,GS4,0,Forumias,upsckata,23,https://forumias.com/blog/wp-content/uploads/2026/03/ANUPRIYA-RAIUPSC-IAS-2025-Toppers-AIR-258-Sample-MGP-Copy-3.pdf
2721,Anupriya Rai,189,2024,Optional — Sociology,1,VisionIAS,submission,0,https://cdn.visionias.in/toppersanswerbooklet/114e9-810715_2528_anupriya_rai_rank_189.pdf
2722,Anupriya Rai,189,2024,Optional — Sociology,1,VisionIAS,submission,0,https://cdn.visionias.in/toppersanswerbooklet/66f11-810715_2529_anupriya_rai_rank_189.pdf
2723,Anupriya Rai,189,2024,Optional — Sociology,1,VisionIAS,submission,0,https://cdn.visionias.in/toppersanswerbooklet/73010-810715_2530_anupriya_rai_rank_189.pdf
2724,Anupriya Rai,189,2024,Optional — Sociology,1,VisionIAS,submission,0,https://cdn.visionias.in/toppersanswerbooklet/21b47-810715_2531_anupriya_rai_rank_189.pdf
2094,Anupriya Sakya,120,2024,Essay,0,VisionIAS,link,0,https://cdn.visionias.in/toppersanswerbooklet/005e5-1297803_2488_anupriya_sakya_rank_120.pdf
2091,Anupriya Sakya,120,2024,GS1,0,VisionIAS,link,0,https://cdn.visionias.in/toppersanswerbooklet/c1ba9-1297803_2930_anupriya_sakya_rank_120.pdf
2092,Anupriya Sakya,120,2024,GS1,0,VisionIAS,link,0,https://cdn.visionias.in/toppersanswerbooklet/dfd0c-1297803_2424_anupriya_sakya_rank_120.pdf
2093,Anupriya Sakya,120,2024,GS1,0,VisionIAS,link,0,https://cdn.visionias.in/toppersanswerbooklet/c1827-1297803_2219_anupriya_sakya_rank_120.pdf
2090,Anupriya Sakya,120,2024,GS4,0,VisionIAS,link,0,https://cdn.visionias.in/toppersanswerbooklet/ee3e7-1297803_2931_anupriya_sakya_rank_120.pdf
2252,Anurag Ranjan Vatas,651,2024,Essay,0,VisionIAS,link,0,https://cdn.visionias.in/toppersanswerbooklet/d3a4c-516283_3128_anurag_ranjan_vatas_rank_651.pdf
2250,Anurag ranjan Vats,651,2024,GS4,0,VisionIAS,link,0,https://cdn.visionias.in/toppersanswerbooklet/d1013-516283_2931_anurag-_ranjan_vats_rank_651.pdf
2251,Anurag Ranjan Vats,651,2024,GS1,0,VisionIAS,link,0,https://cdn.visionias.in/toppersanswerbooklet/46ba2-516283_2929_anurag-_ranjan_vats_rank_651.pdf
1826,Anusha Jain,251,2025,Essay,0,VisionIAS,link,0,https://cdn.visionias.in/toppersanswerbooklet/3fce6-146775_3128_anusha-jain_rank_251.pdf
1823,Anusha Jain,251,2025,GS1,0,VisionIAS,link,0,https://cdn.visionias.in/toppersanswerbooklet/a4016-146775_2928_anusha-jain_rank_251.pdf
1825,Anusha Jain,251,2025,GS2,0,VisionIAS,link,0,https://cdn.visionias.in/toppersanswerbooklet/54eb4-146775_2929_anusha-jain_rank_251.pdf
1824,Anusha Jain,251,2025,GS3,0,VisionIAS,link,0,https://cdn.visionias.in/toppersanswerbooklet/4a810-146775_2930_anusha-jain_rank_251.pdf
221,Anushtha Kalia,228,2025,Essay,0,Forumias,upsckata,4,https://forumias.com/blog/wp-content/uploads/2026/03/ANUSHTHA-KALIAUPSC-IAS-2025-Toppers-AIR-228-Sample-ESSAY-1.pdf
944,Apala Mishra,,,GS4,0,Forumias,upsckata,19,https://drive.google.com/file/d/188aYtJtZ4OuIEHs3R5pi7SKIjguCZfZF/view
2856,Aparna Gupta,38,2017,Optional — Sociology,1,VisionIAS,submission,0,https://cdn.visionias.in/toppersanswerbooklet/2071_647_Aparna_Rank_38.pdf
1256,Apeksh Jakhar,782,2023,GS1,0,UnlockIAS,link,0,https://drive.google.com/file/d/1nowPOMaoLPMFaLEaCH1Ga7sperm4pBdr/view
1299,Apsara N,192,2024,GS2,0,UnlockIAS,link,0,https://drive.google.com/file/d/1km8XA96qDN9vhENkr0zX3TKmMeKUbC4u/view
1359,Apsara N,192,2024,GS3,0,UnlockIAS,link,0,https://drive.google.com/file/d/1sZb0DSZrxGK-0VByX4Utl5Q2rIbYIGo5/view
1360,Apsara N,192,2024,GS3,0,UnlockIAS,link,0,https://drive.google.com/file/d/1UpSShPHU5W3hqKXcxyeyXnVlLPE0_vuJ/view
223,Apurva Verma,,,GS3,0,Vision,upsckata,20,https://cdn.visionias.in/toppersanswerbooklet/327fc-623655_4512_apurva-verma_rank_42.pdf
1572,Apurva Verma,42,2025,GS3,0,VisionIAS,link,0,https://cdn.visionias.in/toppersanswerbooklet/327fc-623655_4512_apurva-verma_rank_42.pdf
222,Apurva Verma,,,GS4,0,Vision,upsckata,24,https://cdn.visionias.in/toppersanswerbooklet/d70d5-623655_4513_apurva-verma_rank_42.pdf
1573,Apurva Verma,42,2025,GS4,0,VisionIAS,link,0,https://cdn.visionias.in/toppersanswerbooklet/d70d5-623655_4513_apurva-verma_rank_42.pdf
2552,Aradhana Chouhan,251,2023,Optional — Sociology,1,Level Up IAS,submission,0,https://drive.google.com/file/d/1mOL-GEvlYKao3NyYGOU5e7W9xga1tBF4/view
224,Archit Dongre,,,GS4,0,Vision,upsckata,19,https://cdn.visionias.in/toppersanswerbooklet/48cd5-1138117_2070_dongre_archit_parag_rank_03.pdf
225,Archit Dongre,,,GS4,0,Vision,upsckata,24,https://cdn.visionias.in/toppersanswerbooklet/cfdc4-1138117_2425_dongre_archit_parag_rank_03.pdf
226,Arfa Usmani,,,GS4,0,Vision,upsckata,19,https://cdn.visionias.in/toppersanswerbooklet/6ccf8-719762_2220_arfa-usmani_rank_124.pdf
1705,Arfa Usmani,124,2025,GS4,0,VisionIAS,link,0,https://cdn.visionias.in/toppersanswerbooklet/6ccf8-719762_2220_arfa-usmani_rank_124.pdf
2451,Arijit Kumar,735,2025,Optional — Law,1,De Facto Law,submission,0,https://www.defactolaw.in/_files/ugd/9bce74_e8dd29e6f3674affbd05802b17d05699.pdf
2452,Arijit Kumar,735,2025,Optional — Law,1,De Facto Law,submission,0,https://www.defactolaw.in/_files/ugd/9bce74_c63ca1db3a604af08d3ac3624e845023.pdf
2453,Arijit Kumar,735,2025,Optional — Law,1,De Facto Law,submission,0,https://www.defactolaw.in/_files/ugd/9bce74_557ada3b3ca84efab22c1043c9eea7bd.pdf
2454,Arijit Kumar,735,2025,Optional — Law,1,De Facto Law,submission,0,https://www.defactolaw.in/_files/ugd/9bce74_3325eb39ba5a4b2a8a788502ee4d60fb.pdf
2455,Arijit Kumar,735,2025,Optional — Law,1,De Facto Law,submission,0,https://www.defactolaw.in/_files/ugd/9bce74_26d93893dab242f8b89a781fda6e3346.pdf
1107,Arpit Kumar,421,2024,Essay,0,UnlockIAS,link,0,https://drive.google.com/file/d/1wNdlUvaPRNP_NvY26qpI68tYtXFxAQDh/view
2463,Arpit Kumar,421,2024,Optional — PSIR,1,Level Up IAS,submission,0,https://drive.google.com/file/d/1b3EK-LCUYG8C2UcVmX4g_O4zoW1qpSi2/view
1308,Arpit Singh,386,2025,GS2,0,Vajiram & Ravi,link,0,https://vajiramias.sgp1.cdn.digitaloceanspaces.com/strapi/ARPIT_SINGH_SS_GS_2_AIR_386_2025_3721300f28.pdf
1466,Arpit Singh,386,2025,GS4,0,Vajiram & Ravi,link,0,https://vajiramias.sgp1.cdn.digitaloceanspaces.com/strapi/ARPIT_SINGH_SS_GS_4_AIR_386_2025_cad376447e.pdf
2459,Arshad Qureshi,993,2025,Optional — Law,1,De Facto Law,submission,0,https://www.defactolaw.in/_files/ugd/9bce74_1045946168e047109552f828a477eb07.pdf
945,Artika Shukla,,,GS4,0,Vision,upsckata,19,https://drive.google.com/file/d/1iKN6fVbJxMHEcJq9ohCRKCAs7n-q1BfV/view
2286,Arun Kumar,911,2024,GS1,0,VisionIAS,link,0,https://cdn.visionias.in/toppersanswerbooklet/065ce-1445517_2365_arun_kumar_rank_911.pdf
2287,Arun Kumar,911,2024,GS1,0,VisionIAS,link,0,https://cdn.visionias.in/toppersanswerbooklet/1545b-1445517_2364_arun_kumar_rank_911.pdf
2285,Arun Kumar,911,2024,GS4,0,VisionIAS,link,0,https://cdn.visionias.in/toppersanswerbooklet/e2bd8-1445517_2366_arun_kumar_rank_911.pdf
2279,Arun malviya,893,2024,GS4,0,VisionIAS,link,0,https://cdn.visionias.in/toppersanswerbooklet/b3909-1206849_2070_arun_malviya_rank_893.pdf
2280,Arun Malviya,893,2024,GS1,0,VisionIAS,link,0,https://cdn.visionias.in/toppersanswerbooklet/8cc2e-1206849_2063_arun_malviya_rank_893.pdf
2281,Arun Malviya,893,2024,GS1,0,VisionIAS,link,0,https://cdn.visionias.in/toppersanswerbooklet/cc384-1206849_2069_arun_malviya_rank_893.pdf
2683,Arusha Sharad Patil,553,2025,Optional — Sociology,1,VisionIAS,submission,0,https://cdn.visionias.in/toppersanswerbooklet/ceff8-1090050_2527_arusha_sharad_patil_rank_553.pdf
2684,Arusha Sharad Patil,553,2025,Optional — Sociology,1,VisionIAS,submission,0,https://cdn.visionias.in/toppersanswerbooklet/9222c-1090050_2528_arusha_sharad_patil_rank_553.pdf
2685,Arusha Sharad Patil,553,2025,Optional — Sociology,1,VisionIAS,submission,0,https://cdn.visionias.in/toppersanswerbooklet/b0207-1090050_2530_arusha_sharad_patil_rank_553.pdf
2686,Arusha Sharad Patil,553,2025,Optional — Sociology,1,VisionIAS,submission,0,https://cdn.visionias.in/toppersanswerbooklet/4229e-1090050_2531_arusha_sharad_patil_rank_553.pdf
2916,Arvind Singh,10,2014,Optional — Sociology,1,VisionIAS,submission,0,https://cdn.visionias.in/toppersanswerbooklet/9dcf4-arvind-singh_10_2014_sociology_booklet_1.pdf
2917,Arvind Singh,10,2014,Optional — Sociology,1,VisionIAS,submission,0,https://cdn.visionias.in/toppersanswerbooklet/dc4d1-arvind-singh_10_2014_sociology_booklet_2.pdf
1689,Aryan Kumar Singh,104,2025,Essay,0,VisionIAS,link,0,https://cdn.visionias.in/toppersanswerbooklet/b8a3b-45815385_3128_aryan-kumar-singh_rank_104.pdf
1690,Aryan Kumar Singh,104,2025,GS1,0,VisionIAS,link,0,https://cdn.visionias.in/toppersanswerbooklet/5b6f4-45815385_2928_aryan-kumar-singh_rank_104.pdf
227,Aryan Kumar Singh,,,GS2,0,Vision,upsckata,20,https://cdn.visionias.in/toppersanswerbooklet/2627e-45815385_2929_aryan-kumar-singh_rank_104.pdf
1691,Aryan Kumar Singh,104,2025,GS2,0,VisionIAS,link,0,https://cdn.visionias.in/toppersanswerbooklet/2627e-45815385_2929_aryan-kumar-singh_rank_104.pdf
228,Aryan Kumar Singh,,,GS3,0,Vision,upsckata,20,https://cdn.visionias.in/toppersanswerbooklet/e40de-45815385_2930_aryan-kumar-singh_rank_104.pdf
1692,Aryan Kumar Singh,104,2025,GS3,0,VisionIAS,link,0,https://cdn.visionias.in/toppersanswerbooklet/e40de-45815385_2930_aryan-kumar-singh_rank_104.pdf
1693,Aryan Kumar Singh,104,2025,GS4,0,VisionIAS,link,0,https://cdn.visionias.in/toppersanswerbooklet/5d102-45815385_2931_aryan-kumar-singh_rank_104.pdf
229,Aryan Sirsikar,175,2025,Essay,0,Forumias,upsckata,7,https://forumias.com/blog/wp-content/uploads/2026/03/ARYAN-SIRSIKAR-UPSC-IAS-2025-Toppers-AIR-175-Sample-Essay-Copy-1.pdf
230,Aryan Sirsikar,175,2025,GS2,0,Forumias,upsckata,22,https://forumias.com/blog/wp-content/uploads/2026/03/ARYAN-SIRSIKAR-UPSC-IAS-2025-Toppers-AIR-175-Sample-MGP-Copy-1.pdf
231,Aryan Sirsikar,175,2025,GS2,0,Forumias,upsckata,20,https://forumias.com/blog/wp-content/uploads/2026/03/ARYAN-SIRSIKAR-UPSC-IAS-2025-Toppers-AIR-175-Sample-MGP-Copy-2.pdf
233,Aryan Sirsikar,175,2025,GS2,0,Forumias,upsckata,22,https://forumias.com/blog/wp-content/uploads/2026/03/ARYAN-SIRSIKAR-UPSC-IAS-2025-Toppers-AIR-175-Sample-MGP-Copy-4.pdf
232,Aryan Sirsikar,175,2025,GS3,0,Forumias,upsckata,21,https://forumias.com/blog/wp-content/uploads/2026/03/ARYAN-SIRSIKAR-UPSC-IAS-2025-Toppers-AIR-175-Sample-MGP-Copy-3.pdf
2342,Aryan Sirsikar,175,2025,Optional — Anthropology,1,Level Up IAS,submission,0,https://drive.google.com/file/d/1FadWBNZQwfQR76nMKOWt4U0FzsR-9QKw/view
235,Aryan Yadav,,,Essay,0,Visionias,upsckata,2,https://cdn.visionias.in/toppersanswerbooklet/c86d7-1537720_4514_aryan_yadav_rank_31.pdf
1561,Aryan Yadav,31,2025,Essay,0,VisionIAS,link,0,https://cdn.visionias.in/toppersanswerbooklet/c86d7-1537720_4514_aryan_yadav_rank_31.pdf
234,Aryan Yadav,31,2025,GS1,0,Forumias,upsckata,21,https://forumias.com/blog/wp-content/uploads/2026/03/ARYAN-YADAVUPSC-IAS-2025-Toppers-AIR-31-Sample-MGP-Copy-2.pdf
237,Aryan Yadav,,,GS1,0,Vision,upsckata,21,https://cdn.visionias.in/toppersanswerbooklet/11d9d-1537720_4510_aryan_yadav_rank_31.pdf
1558,Aryan Yadav,31,2025,GS1,0,VisionIAS,link,0,https://cdn.visionias.in/toppersanswerbooklet/11d9d-1537720_4510_aryan_yadav_rank_31.pdf
238,Aryan Yadav,,,GS2,0,Vision,upsckata,20,https://cdn.visionias.in/toppersanswerbooklet/64531-1537720_4511_aryan_yadav_rank_31.pdf
1559,Aryan Yadav,31,2025,GS2,0,VisionIAS,link,0,https://cdn.visionias.in/toppersanswerbooklet/64531-1537720_4511_aryan_yadav_rank_31.pdf
239,Aryan Yadav,,,GS3,0,Vision,upsckata,20,https://cdn.visionias.in/toppersanswerbooklet/4d1bd-1537720_4512_aryan_yadav_rank_31.pdf
1560,Aryan Yadav,31,2025,GS3,0,VisionIAS,link,0,https://cdn.visionias.in/toppersanswerbooklet/4d1bd-1537720_4512_aryan_yadav_rank_31.pdf
236,Aryan Yadav,,,GS4,0,Vision,upsckata,23,https://cdn.visionias.in/toppersanswerbooklet/872d7-1537720_4513_aryan_yadav_rank_31.pdf
1562,Aryan Yadav,31,2025,GS4,0,VisionIAS,link,0,https://cdn.visionias.in/toppersanswerbooklet/872d7-1537720_4513_aryan_yadav_rank_31.pdf
240,Asad Aqeel,321,2025,Essay,0,Forumias,upsckata,1,https://forumias.com/blog/wp-content/uploads/2026/03/ASAD-AQEELUPSC-IAS-2025-Toppers-AIR-321-Sample-ESSAY-COPY-1.pdf
241,Asad Aqeel,321,2025,Essay,0,Forumias,upsckata,2,https://forumias.com/blog/wp-content/uploads/2026/03/ASAD-AQEELUPSC-IAS-2025-Toppers-AIR-321-Sample-ESSAY-COPY-2.pdf
243,Asad Aqeel,321,2025,GS2,0,Forumias,upsckata,20,https://forumias.com/blog/wp-content/uploads/2026/03/ASAD-AQEELUPSC-IAS-2025-Toppers-AIR-321-Sample-MGP-COPY-2.pdf
242,Asad Aqeel,321,2025,GS4,0,Forumias,upsckata,24,https://forumias.com/blog/wp-content/uploads/2026/03/ASAD-AQEELUPSC-IAS-2025-Toppers-AIR-321-Sample-MGP-COPY-1.pdf
946,Asad Zuberi,,,GS4,0,Vision,upsckata,19,https://drive.google.com/file/d/1doaLAYQZeJtfeOoaXG4v50XT3dwFghPT/view
947,Asad Zuberi,,,GS4,0,Vision,upsckata,22,https://drive.google.com/file/d/1QtAj4dJhAQhwvQH3dx7rRTm2vMGGXfcA/view
948,Asad Zuberi,,,GS4,0,Nextias,upsckata,19,https://drive.google.com/file/d/1DRveh0RRNbf6zb52YjZTekEKYi6ykeYR/view
2324,Asad Zuberi,86,2022,Optional — Anthropology,1,Level Up IAS,submission,0,https://drive.google.com/file/d/1b5RTE8kmVTQfqT3XRL3Y6_wnTdCKM59J/view
1225,Aseem Mahajan,408,2025,GS1,0,Vajiram & Ravi,link,0,https://vajiramias.sgp1.cdn.digitaloceanspaces.com/strapi/ASEEM_MAHAJAN_SS_MAINS_CAMP_GS_1_AIR_408_02710fd45e.pdf
1310,Aseem Mahajan,408,2025,GS2,0,Vajiram & Ravi,link,0,https://vajiramias.sgp1.cdn.digitaloceanspaces.com/strapi/ASEEM_MAHAJAN_SS_MAINS_CAMP_GS_2_AIR_408_0a45dd44f0.pdf
1370,Aseem Mahajan,408,2025,GS3,0,Vajiram & Ravi,link,0,https://vajiramias.sgp1.cdn.digitaloceanspaces.com/strapi/ASEEM_MAHAJAN_SS_MAINS_CAMP_GS_3_AIR_408_a7261b4c89.pdf
244,Ashi,,,Essay,0,Unknown,upsckata,1,https://www.nextias.com/newuploads/Nextias/2025/4/ashi-essay-test-2-1745478478186.pdf
245,Ashi,,,Essay,0,Iasprepkit,upsckata,4,https://www.nextias.com/newuploads/Nextias/2025/4/ashi-essay-test-3-1745478494924.pdf
246,Ashi,,,Essay,0,Nextias,upsckata,2,https://www.nextias.com/newuploads/Nextias/2025/4/ashi-essay-test-4-1745478511649.pdf
1902,Ashi Sharma,12,2024,Essay,0,VisionIAS,link,0,https://cdn.visionias.in/toppersanswerbooklet/2e57b-1248985_3128_ashi_sharma_rank_12.pdf
251,Ashi Sharma,,,GS1,0,Nextias,upsckata,7,https://www.nextias.com/newuploads/Nextias/2025/4/test-2-ashi-sharma-1745407636142.pdf
1897,Ashi Sharma,12,2024,GS1,0,VisionIAS,link,0,https://cdn.visionias.in/toppersanswerbooklet/cd513-1248985_2424_ashi_sharma_rank_12.pdf
1899,Ashi Sharma,12,2024,GS1,0,VisionIAS,link,0,https://cdn.visionias.in/toppersanswerbooklet/59076-1248985_2928_ashi_sharma_rank_12.pdf
1900,Ashi Sharma,12,2024,GS1,0,VisionIAS,link,0,https://cdn.visionias.in/toppersanswerbooklet/3832c-1248985_2929_ashi_sharma_rank_12.pdf
1901,Ashi Sharma,12,2024,GS1,0,VisionIAS,link,0,https://cdn.visionias.in/toppersanswerbooklet/9d505-1248985_2930_ashi_sharma_rank_12.pdf
249,Ashi Sharma,,,GS2,0,Nextias,upsckata,20,https://www.nextias.com/newuploads/Nextias/2025/4/gs-mac-test-6-ashi-sharma-1745408061832.pdf
248,Ashi Sharma,,,GS3,0,Nextias,upsckata,20,https://www.nextias.com/newuploads/Nextias/2025/4/gs-mac-test-5-ashi-sharma-1745407968767.pdf
250,Ashi Sharma,,,GS3,0,Nextias,upsckata,1,https://www.nextias.com/newuploads/Nextias/2025/4/gs-test-3-ashi-sharma-1745407770302.pdf
247,Ashi Sharma,,,GS4,0,Nextias,upsckata,23,https://www.nextias.com/newuploads/Nextias/2025/4/ethics-enhancer-test-1-ashi-sharma-1745407520398.pdf
1898,Ashi Sharma,12,2024,GS4,0,VisionIAS,link,0,https://cdn.visionias.in/toppersanswerbooklet/d0a28-1248985_2425_ashi_sharma_rank_12.pdf
949,Ashish Kumar,,,GS4,0,Forumias,upsckata,22,https://drive.google.com/file/d/1D6Gm6CxQcEkoQq20sZ49GR1f9v3XBOv0/view
252,Ashmil,,,Essay,0,Forumias,upsckata,2,https://forumias.com/blog/wp-content/uploads/2026/04/MOHAMMED-ASHMIL-SHAHUPSC_IAS_2025_Toppers_AIR_382_Sample_ESSAY_2.pdf
253,Ashmil,,,GS2,0,Forumias,upsckata,20,https://forumias.com/blog/wp-content/uploads/2026/04/MOHAMMED-ASHMIL-SHAHUPSC_IAS_2025_Toppers_AIR_382_Sample_MGP_2.pdf
254,Ashmil Shah,,,GS2,0,Forumias,upsckata,25,https://forumias.com/blog/wp-content/uploads/2026/04/MOHAMMED-ASHMIL-SHAHUPSC_IAS_2025_Toppers_AIR_382_Sample_MGP_3.pdf
2219,Ashutosh Mishra,198,2024,Essay,0,VisionIAS,link,0,https://cdn.visionias.in/toppersanswerbooklet/8022e-277076_3128_ashutosh_mishra_rank_195.pdf
2221,Ashutosh Mishra,198,2024,GS1,0,VisionIAS,link,0,https://cdn.visionias.in/toppersanswerbooklet/55c73-277076_2928_ashutosh_mishra_rank_198.pdf
2222,Ashutosh Mishra,198,2024,GS1,0,VisionIAS,link,0,https://cdn.visionias.in/toppersanswerbooklet/43094-277076_1842_ashutosh_mishra_rank_198.pdf
2223,Ashutosh Mishra,198,2024,GS1,0,VisionIAS,link,0,https://cdn.visionias.in/toppersanswerbooklet/c03b3-277076_2930_ashutosh_mishra_rank_198.pdf
2220,Ashutosh Mishra,198,2024,GS4,0,VisionIAS,link,0,https://cdn.visionias.in/toppersanswerbooklet/d1c5a-277076_2931_ashutosh_mishra_rank_198.pdf
255,Astha,9,2025,GS4,0,Forumias,upsckata,20,https://forumias.com/blog/wp-content/uploads/2026/03/ASTHA-JAIN-UPSC-IAS-2025-Toppers-AIR-9-Sample-MGP-Copy-5.pdf
256,Astha Jain,9,2025,Essay,0,Forumias,upsckata,3,https://forumias.com/blog/wp-content/uploads/2026/03/ASTHA-JAIN-UPSC-IAS-2025-Toppers-AIR-9-Sample-Essay-Copy-1-1.pdf
1070,Astha Jain,9,2025,Essay,0,UnlockIAS,link,0,https://drive.google.com/file/d/1Ow3PI9K3TQEs5N8Iayr_2WZb-MWz8vmF/view
258,Astha Jain,9,2025,GS2,0,Forumias,upsckata,20,https://forumias.com/blog/wp-content/uploads/2026/03/ASTHA-JAIN-UPSC-IAS-2025-Toppers-AIR-9-Sample-MGP-Copy-2.pdf
259,Astha Jain,9,2025,GS3,0,Forumias,upsckata,20,https://forumias.com/blog/wp-content/uploads/2026/03/ASTHA-JAIN-UPSC-IAS-2025-Toppers-AIR-9-Sample-MGP-Copy-3.pdf
257,Astha Jain,9,2025,GS4,0,Forumias,upsckata,20,https://forumias.com/blog/wp-content/uploads/2026/03/ASTHA-JAIN-UPSC-IAS-2025-Toppers-AIR-9-Sample-MGP-Copy-1-1.pdf
260,Astha Jain,9,2025,GS4,0,Forumias,upsckata,22,https://forumias.com/blog/wp-content/uploads/2026/03/ASTHA-JAIN-UPSC-IAS-2025-Toppers-AIR-9-Sample-MGP-Copy-4.pdf
2540,Aswini G,229,2022,Optional — Sociology,1,Level Up IAS,submission,0,https://drive.google.com/file/d/1feH07l-GkY69bJZAEnQJye-wk3hE96KB/view
2591,Atul Prakash,4,2017,Optional — Mathematics,1,IMS4Maths,submission,0,https://ims4maths.com/files/ATUL-PRAKASH-TEST-8-2018.pdf
2592,Atul Prakash,4,2017,Optional — Mathematics,1,IMS4Maths,submission,0,https://ims4maths.com/files/ATUL-PRAKASH-TEST-9-2018.pdf
2817,Atulesh Jha,131,2021,Optional — Sociology,1,VisionIAS,submission,0,https://cdn.visionias.in/toppersanswerbooklet/112e4-77867_1995_atulesh-jha_rank131.pdf
2818,Atulesh Jha,131,2021,Optional — Sociology,1,VisionIAS,submission,0,https://cdn.visionias.in/toppersanswerbooklet/19ca7-77867_1996_atulesh-jha_rank131.pdf
2819,Atulesh Jha,131,2021,Optional — Sociology,1,VisionIAS,submission,0,https://cdn.visionias.in/toppersanswerbooklet/0a681-77867_1997_atulesh-jha_rank131.pdf
2820,Atulesh Jha,131,2021,Optional — Sociology,1,VisionIAS,submission,0,https://cdn.visionias.in/toppersanswerbooklet/03778-77867_1998_atulesh-jha_rank131.pdf
2821,Atulesh Jha,131,2021,Optional — Sociology,1,VisionIAS,submission,0,https://cdn.visionias.in/toppersanswerbooklet/63fde-77867_1999_atulesh-jha_rank131.pdf
2822,Atulesh Jha,131,2021,Optional — Sociology,1,VisionIAS,submission,0,https://cdn.visionias.in/toppersanswerbooklet/cf518-77867_2000_atulesh-jha_rank131.pdf
261,Avani Lekhara,,,Essay,0,Nextias,upsckata,4,https://next-ias-appsquadz.s3.ap-south-1.amazonaws.com/file_library/pdf/original/844233c60d0563afaf56a5f899c17647/6/pttp220996_tc062.pdf
1968,Avdhija Gupta,43,2024,Essay,0,VisionIAS,link,0,https://cdn.visionias.in/toppersanswerbooklet/69728-864958_1752_avdhija_gupta_rank_43.pdf
1969,Avdhija Gupta,43,2024,GS1,0,VisionIAS,link,0,https://cdn.visionias.in/toppersanswerbooklet/50b32-864958_1502_avdhija_gupta_rank_43.pdf
262,Avdhija Gupta,,2024,GS4,0,Forumias,upsckata,25,https://forumias.com/blog/wp-content/uploads/2025/04/AVDHIJA-GUPTA-UPSC-2024-Rank-43-MGP-Sample-Copy-1.pdf
1967,Avdhija Gupta,43,2024,GS4,0,VisionIAS,link,0,https://cdn.visionias.in/toppersanswerbooklet/07b5d-864958_1502_avdhija-gupta_43_watermark.pdf
2628,Avinash Chaudary,540,2023,Optional — Mathematics,1,SuccessClap,submission,0,http://successclap.in/wp-content/uploads/Avinash-AIR-540-FLT1-SuccessClap.pdf
2629,Avinash Chaudary,540,2023,Optional — Mathematics,1,SuccessClap,submission,0,http://successclap.in/wp-content/uploads/Avinash-AIR-540-FLT3-SuccessClap.pdf
2630,Avinash Chaudary,540,2023,Optional — Mathematics,1,SuccessClap,submission,0,http://successclap.in/wp-content/uploads/Avinash-AIR-540-FLT4-SuccessClap.pdf
2420,Avinash V,31,2024,Optional — Law,1,De Facto Law,submission,0,https://www.defactolaw.in/_files/ugd/f721f3_ca50621479d2497284794ab0fd448655.pdf
2631,Ayan Jain,16,2023,Optional — Mathematics,1,SuccessClap,submission,0,https://assets.zyrosite.com/dWxxVpWEZetoMDNk/air-87-mr-ayan-complex-successclap-m6L4j1Ql58cy5N6M.pdf
2632,Ayan Jain,16,2023,Optional — Mathematics,1,SuccessClap,submission,0,https://assets.zyrosite.com/dWxxVpWEZetoMDNk/air-87-mr-ayan-real-analysis-successclap-Yg21qPMbVXCKar9K.pdf
2633,Ayan Jain,16,2023,Optional — Mathematics,1,SuccessClap,submission,0,https://assets.zyrosite.com/dWxxVpWEZetoMDNk/air-87-mr-ayan-flt-successclap-AR0lMz8BWyfwJrxe.pdf
2634,Ayan Jain,16,2023,Optional — Mathematics,1,SuccessClap,submission,0,http://successclap.in/wp-content/uploads/Ayan-Jain-AIR-16-FLT1-SuccessClap.pdf
263,Ayush Pathak,215,2025,GS3,0,Forumias,upsckata,20,https://forumias.com/blog/wp-content/uploads/2026/03/AYUSH-PATHAKUPSC-IAS-2025-Toppers-AIR-215-Sample-MGP-Copy-2.pdf
264,Ayush Pathak,215,2025,GS3,0,Forumias,upsckata,20,https://forumias.com/blog/wp-content/uploads/2026/03/AYUSH-PATHAKUPSC-IAS-2025-Toppers-AIR-215-Sample-MGP-Copy-3.pdf
265,Ayush Pathak,215,2025,GS4,0,Forumias,upsckata,22,https://forumias.com/blog/wp-content/uploads/2026/03/AYUSH-PATHAKUPSC-IAS-2025-Toppers-AIR-215-Sample-MGP-Copy-4.pdf
266,Ayush Pathak,215,2025,GS4,0,Forumias,upsckata,21,https://forumias.com/blog/wp-content/uploads/2026/03/AYUSH-PATHAKUPSC-IAS-2025-Toppers-AIR-215-Sample-MGP-Copy-5.pdf
1258,Ayush Semwal,851,2025,GS1,0,Vajiram & Ravi,link,0,https://vajiramias.sgp1.cdn.digitaloceanspaces.com/strapi/AYUSH_SEMWAL_SS_GS_1_AIR_851_2025_26f2ebf0cc.pdf
1334,Ayush Semwal,851,2025,GS2,0,Vajiram & Ravi,link,0,https://vajiramias.sgp1.cdn.digitaloceanspaces.com/strapi/AYUSH_SEMWAL_SS_GS_2_AIR_851_2025_a5d74ee54e.pdf
1392,Ayush Semwal,851,2025,GS3,0,Vajiram & Ravi,link,0,https://vajiramias.sgp1.cdn.digitaloceanspaces.com/strapi/AYUSH_SEMWAL_SS_GS_3_AIR_851_2025_bcff3d115b.pdf
2305,Ayushi Pradhan,36,2023,Optional — Anthropology,1,Level Up IAS,submission,0,https://drive.google.com/file/d/1G6A-MYd1fPUs5ciAkEwtnlQzMCtobLn3/view
1245,Azeem Ahmad,588,2025,GS1,0,Vajiram & Ravi,link,0,https://vajiramias.sgp1.cdn.digitaloceanspaces.com/strapi/AZEEM_AHMAD_SST_GS_1_Test_1_AIR_588_2025_b057be6d3b.pdf
1323,Azeem Ahmad,588,2025,GS2,0,Vajiram & Ravi,link,0,https://vajiramias.sgp1.cdn.digitaloceanspaces.com/strapi/Azeem_Ahmad_SST_GS_2_Test_2_AIR_588_2025_a1a870482f.pdf
1382,Azeem Ahmad,588,2025,GS3,0,Vajiram & Ravi,link,0,https://vajiramias.sgp1.cdn.digitaloceanspaces.com/strapi/Azeem_Ahmad_SST_GS_3_Test_3_AIR_588_2025_25db28f066.pdf
1383,Azeem Ahmad,588,2025,GS3,0,Vajiram & Ravi,link,0,https://vajiramias.sgp1.cdn.digitaloceanspaces.com/strapi/Azeem_Ahmad_SST_GS_3_Test_7_AIR_588_2025_1_4c05fc917b.pdf
1483,Azeem Ahmad,588,2025,GS4,0,Vajiram & Ravi,link,0,https://vajiramias.sgp1.cdn.digitaloceanspaces.com/strapi/AZEEM_AHMAD_SS_GS_4_AIR_588_2025_719f6f9abb.pdf
1484,Azeem Ahmad,588,2025,GS4,0,Vajiram & Ravi,link,0,https://vajiramias.sgp1.cdn.digitaloceanspaces.com/strapi/AZEEM_AHMAD_SS_GS_4_AIR_588_2025_1c1ccf90de.pdf
1485,Azeem Ahmad,588,2025,GS4,0,Vajiram & Ravi,link,0,https://vajiramias.sgp1.cdn.digitaloceanspaces.com/strapi/AZEEM_AHMAD_SS_GS_4_AIR_588_2025_667ed84e52.pdf
1905,Banna Venkatesh,15,2024,Essay,0,VisionIAS,link,0,https://cdn.visionias.in/toppersanswerbooklet/23797-780881_3128_banna_venkatesh_rank_15.pdf
1904,Banna Venkatesh,15,2024,GS1,0,VisionIAS,link,0,https://cdn.visionias.in/toppersanswerbooklet/f3fd8-0780881_2424_banna_venkatesh_rank_15.pdf
1906,Banna Venkatesh,15,2024,GS1,0,VisionIAS,link,0,https://cdn.visionias.in/toppersanswerbooklet/7e8b2-780881_2928_banna_venkatesh_rank_15.pdf
1907,Banna Venkatesh,15,2024,GS1,0,VisionIAS,link,0,https://cdn.visionias.in/toppersanswerbooklet/7b153-780881_2929_banna_venkatesh_rank_15.pdf
1908,Banna Venkatesh,15,2024,GS1,0,VisionIAS,link,0,https://cdn.visionias.in/toppersanswerbooklet/237af-780881_2930_banna_venkatesh_rank_15.pdf
2299,Banna Venkatesh,2423,2024,GS1,0,VisionIAS,link,0,https://cdn.visionias.in/toppersanswerbooklet/24f74-0780881_2423_banna_venkatesh_rank_15.pdf
267,Banna Venkatesh,,2024,GS2,0,Forumias,upsckata,20,https://forumias.com/blog/wp-content/uploads/2025/04/BANNA-VENKATESH-UPSC-2024-Rank-15-MGP-Sample-Copy-1-2.pdf
1909,Banna Venkatesh,15,2024,GS4,0,VisionIAS,link,0,https://cdn.visionias.in/toppersanswerbooklet/8de9a-780881_2931_banna_venkatesh_rank_15.pdf
1756,Banoth Laxmi Rachana,178,2025,Essay,0,VisionIAS,link,0,https://cdn.visionias.in/toppersanswerbooklet/be145-1381417_3128_banoth-laxmi-rachana_rank_178.pdf
1328,Basavaraj Jawali,664,2025,GS2,0,Vajiram & Ravi,link,0,https://vajiramias.sgp1.cdn.digitaloceanspaces.com/strapi/BASAVARAJ_JAWALI_SS_GS_2_TEST_2_AIR_664_2025_c9a573e862.pdf
1329,Basavaraj Jawali,664,2025,GS2,0,Vajiram & Ravi,link,0,https://vajiramias.sgp1.cdn.digitaloceanspaces.com/strapi/BASAVARAJ_JAWALI_SS_GS_2_TEST_6_AIR_664_2025_5700e7f77c.pdf
1389,Basavaraj Jawali,664,2025,GS3,0,Vajiram & Ravi,link,0,https://vajiramias.sgp1.cdn.digitaloceanspaces.com/strapi/BASAVARAJ_JAWALI_SS_GS_3_AIR_664_2025_428ea5598f.pdf
1390,Basavaraj Jawali,664,2025,GS3,0,Vajiram & Ravi,link,0,https://vajiramias.sgp1.cdn.digitaloceanspaces.com/strapi/BASAVARAJ_JAWALI_SS_GS_3_TEST_3_AIR_664_2025_e6fc0996fb.pdf
1489,Basavaraj Jawali,664,2025,GS4,0,Vajiram & Ravi,link,0,https://vajiramias.sgp1.cdn.digitaloceanspaces.com/strapi/BASAVARAJ_JAWALI_SS_GS_4_TEST_4_AIR_664_2025_a1347e9d21.pdf
1490,Basavaraj Jawali,664,2025,GS4,0,Vajiram & Ravi,link,0,https://vajiramias.sgp1.cdn.digitaloceanspaces.com/strapi/BASAVARAJ_JAWALI_SS_GS_4_TEST_4_AIR_664_2025_1_bf4787056d.pdf
1254,Basavaraj M Patil,739,2025,GS1,0,Vajiram & Ravi,link,0,https://vajiramias.sgp1.cdn.digitaloceanspaces.com/strapi/BASAVARAJ_M_PATIL_SS_GS_1_AIR_739_2025_47f210c006.pdf
1331,Basavaraj M Patil,739,2025,GS2,0,Vajiram & Ravi,link,0,https://vajiramias.sgp1.cdn.digitaloceanspaces.com/strapi/BASAVARAJ_M_PATIL_SS_GS_2_TEST_2_AIR_739_2025_bf0334a042.pdf
1332,Basavaraj M Patil,739,2025,GS2,0,Vajiram & Ravi,link,0,https://vajiramias.sgp1.cdn.digitaloceanspaces.com/strapi/BASAVARAJ_M_PATIL_SS_GS_2_AIR_739_2025_207d865a39.pdf
1491,Basavaraj M Patil,739,2025,GS4,0,Vajiram & Ravi,link,0,https://vajiramias.sgp1.cdn.digitaloceanspaces.com/strapi/BASAVARAJ_M_PATIL_SS_GS_4_TEST_8_AIR_739_2025_406b5d134e.pdf
2874,Benson,90,2017,Optional — Sociology,1,VisionIAS,submission,0,https://cdn.visionias.in/toppersanswerbooklet/11995_820_Benson_Rank_90.pdf
2422,Bhagat Raj,245,2024,Optional — Law,1,De Facto Law,submission,0,https://www.defactolaw.in/_files/ugd/f721f3_deb8dcce73e946ddad3442a1b9476d88.pdf
268,Bhavesh Jaglan,128,2025,Essay,0,Forumias,upsckata,2,https://forumias.com/blog/wp-content/uploads/2026/03/BHAVESH-JAGLANUPSC-IAS-2025-Toppers-AIR-128-Sample-ESSAY-Copy-1.pdf
269,Bhavesh Jaglan,128,2025,GS1,0,Forumias,upsckata,20,https://forumias.com/blog/wp-content/uploads/2026/03/BHAVESH-JAGLANUPSC-IAS-2025-Toppers-AIR-128-Sample-MGP-Copy-1.pdf
271,Bhavesh Jaglan,128,2025,GS2,0,Forumias,upsckata,20,https://forumias.com/blog/wp-content/uploads/2026/03/BHAVESH-JAGLANUPSC-IAS-2025-Toppers-AIR-128-Sample-MGP-Copy-4.pdf
270,Bhavesh Jaglan,128,2025,GS3,0,Forumias,upsckata,20,https://forumias.com/blog/wp-content/uploads/2026/03/BHAVESH-JAGLANUPSC-IAS-2025-Toppers-AIR-128-Sample-MGP-Copy-3.pdf
2513,Bhavika,25,2025,Optional — Sociology,1,Level Up IAS,submission,0,https://drive.google.com/file/d/125O5lGEVuuMZ5vwkRD-qvlqItQAsSJg5/view
2514,Bhavika,25,2025,Optional — Sociology,1,Level Up IAS,submission,0,https://drive.google.com/file/d/1iux8KNRK9-vB_dtT0sd72DgdM3Tzd-ms/view
274,Bhavika Chopra,,,Essay,0,Vision,upsckata,1,https://cdn.visionias.in/toppersanswerbooklet/416d4-1217831_4514_bhavika_chopra_rank_25.pdf
1552,Bhavika Chopra,25,2025,Essay,0,VisionIAS,link,0,https://cdn.visionias.in/toppersanswerbooklet/416d4-1217831_4514_bhavika_chopra_rank_25.pdf
277,Bhavika Chopra,,,GS1,0,Vision,upsckata,20,https://cdn.visionias.in/toppersanswerbooklet/20e28-1217831_2422_bhavika_chopra_rank_25.pdf
1547,Bhavika Chopra,25,2025,GS1,0,VisionIAS,link,0,https://cdn.visionias.in/toppersanswerbooklet/20e28-1217831_2422_bhavika_chopra_rank_25.pdf
272,Bhavika Chopra,25,2025,GS2,0,Forumias,upsckata,4,https://forumias.com/blog/wp-content/uploads/2026/03/BHAVIKA-CHOPRA-UPSC-IAS-2025-Toppers-AIR-25-Sample-AWFG-Copy-1-1.pdf
278,Bhavika Chopra,,,GS2,0,Vision,upsckata,20,https://cdn.visionias.in/toppersanswerbooklet/28194-1217831_4511_bhavika_chopra_rank_25.pdf
1548,Bhavika Chopra,25,2025,GS2,0,VisionIAS,link,0,https://cdn.visionias.in/toppersanswerbooklet/28194-1217831_4511_bhavika_chopra_rank_25.pdf
279,Bhavika Chopra,,,GS3,0,Vision,upsckata,20,https://cdn.visionias.in/toppersanswerbooklet/c8dfb-1217831_4512_bhavika_chopra_rank_25.pdf
1549,Bhavika Chopra,25,2025,GS3,0,VisionIAS,link,0,https://cdn.visionias.in/toppersanswerbooklet/c8dfb-1217831_4512_bhavika_chopra_rank_25.pdf
273,Bhavika Chopra,25,2025,GS4,0,Forumias,upsckata,27,https://forumias.com/blog/wp-content/uploads/2026/03/BHAVIKA-CHOPRA-UPSC-IAS-2025-Toppers-AIR-25-Sample-MGP-Copy-1.pdf
275,Bhavika Chopra,,,GS4,0,Visionias,upsckata,24,https://cdn.visionias.in/toppersanswerbooklet/c9647-1217831_2425_bhavika_chopra_rank_25.pdf
276,Bhavika Chopra,,,GS4,0,Visionias,upsckata,23,https://cdn.visionias.in/toppersanswerbooklet/36644-1217831_4513_bhavika_chopra_rank_25.pdf
1550,Bhavika Chopra,25,2025,GS4,0,VisionIAS,link,0,https://cdn.visionias.in/toppersanswerbooklet/c9647-1217831_2425_bhavika_chopra_rank_25.pdf
1551,Bhavika Chopra,25,2025,GS4,0,VisionIAS,link,0,https://cdn.visionias.in/toppersanswerbooklet/36644-1217831_4513_bhavika_chopra_rank_25.pdf
2651,Bhavika Chopra,25,2025,Optional — Sociology,1,VisionIAS,submission,0,https://cdn.visionias.in/toppersanswerbooklet/eacc9-1217831_4527_bhavika_chopra_rank_25.pdf
2652,Bhavika Chopra,25,2025,Optional — Sociology,1,VisionIAS,submission,0,https://cdn.visionias.in/toppersanswerbooklet/a5bd5-1217831_4528_bhavika_chopra_rank_25.pdf
280,Bhoomika Jain,,,Essay,0,Forumias,upsckata,3,https://forumias.com/blog/wp-content/uploads/2026/03/BHOOMIKA_JAINUPSC_IAS_2025_Toppers_AIR_331_Sample_ESSAY_COPY_2.pdf
281,Bhoomika Jain,,,GS2,0,Forumias,upsckata,20,https://forumias.com/blog/wp-content/uploads/2026/03/BHOOMIKA_JAINUPSC_IAS_2025_Toppers_AIR_331_Sample_MGP_COPY_1.pdf
282,Bhoomika Jain,,,GS2,0,Forumias,upsckata,20,https://forumias.com/blog/wp-content/uploads/2026/03/BHOOMIKA_JAINUPSC_IAS_2025_Toppers_AIR_331_Sample_MGP_COPY_2.pdf
283,Bhoomika Jain,,,GS4,0,Forumias,upsckata,24,https://forumias.com/blog/wp-content/uploads/2026/03/BHOOMIKA_JAINUPSC_IAS_2025_Toppers_AIR_331_Sample_MGP_COPY_3.pdf
2791,Bhuvana Pranith Pappula,510,2022,Optional — Sociology,1,VisionIAS,submission,0,https://cdn.visionias.in/toppersanswerbooklet/6e8a9-931031_2097_bhuvana-pranith-pappula_rank-510.pdf
2792,Bhuvana Pranith Pappula,510,2022,Optional — Sociology,1,VisionIAS,submission,0,https://cdn.visionias.in/toppersanswerbooklet/cc386-931031_2098_bhuvana-pranith-pappula_rank-510.pdf
286,Bipul Gupta,,,Essay,0,Vision,upsckata,1,https://cdn.visionias.in/toppersanswerbooklet/0e96d-1343696_3128_bipul_gupta_rank_103.pdf
1685,Bipul Gupta,103,2025,Essay,0,VisionIAS,link,0,https://cdn.visionias.in/toppersanswerbooklet/0e96d-1343696_3128_bipul_gupta_rank_103.pdf
288,Bipul Gupta,,,GS1,0,Vision,upsckata,4,https://cdn.visionias.in/toppersanswerbooklet/10abf-1343696_2089_bipul-gupta_rank_103.pdf
1686,Bipul Gupta,103,2025,GS1,0,VisionIAS,link,0,https://cdn.visionias.in/toppersanswerbooklet/10abf-1343696_2089_bipul-gupta_rank_103.pdf
284,Bipul Gupta,103,2025,GS2,0,Forumias,upsckata,22,https://forumias.com/blog/wp-content/uploads/2026/03/BIPUL-GUPTA-UPSC-IAS-2025-Toppers-AIR-103-Sample-MGP-Copy-1.pdf
1687,Bipul Gupta,103,2025,GS2,0,VisionIAS,link,0,https://cdn.visionias.in/toppersanswerbooklet/0ccf0-1343696_2930_bipul-gupta_rank_103.pdf
285,Bipul Gupta,103,2025,GS4,0,Forumias,upsckata,22,https://forumias.com/blog/wp-content/uploads/2026/03/BIPUL-GUPTA-UPSC-IAS-2025-Toppers-AIR-103-Sample-MGP-Copy-4.pdf
287,Bipul Gupta,,,GS4,0,Vision,upsckata,24,https://cdn.visionias.in/toppersanswerbooklet/8ef5d-1343696_2931_bipul-gupta_rank_103.pdf
1688,Bipul Gupta,103,2025,GS4,0,VisionIAS,link,0,https://cdn.visionias.in/toppersanswerbooklet/8ef5d-1343696_2931_bipul-gupta_rank_103.pdf
2354,Birdev Done,551,2024,Optional — Anthropology,1,Level Up IAS,submission,0,https://drive.google.com/file/d/1r9E6dnOqI5_7yfZOiHsqAhTukGgErQ7J/view
2419,C S Jeydev,5,2019,Optional — Law,1,LawXperts MV,submission,0,https://www.lawxpertsmv.com/post/c-s-jeydev-air-5-upsc-law-optional-mains-mock-test-answer-sheets
2834,CATHERINE SARANYA A,157,2020,Optional — Sociology,1,VisionIAS,submission,0,https://cdn.visionias.in/toppersanswerbooklet/4938e-357350_1530_catherine-saranya-a_rank_157.pdf
2835,CATHERINE SARANYA A,157,2020,Optional — Sociology,1,VisionIAS,submission,0,https://cdn.visionias.in/toppersanswerbooklet/0764c-357350_1531_catherine-saranya-a_rank_157.pdf
2836,CATHERINE SARANYA A,157,2020,Optional — Sociology,1,VisionIAS,submission,0,https://cdn.visionias.in/toppersanswerbooklet/3ac6c-357350_1532_catherine-saranya-a_rank_157.pdf
2837,CATHERINE SARANYA A,157,2020,Optional — Sociology,1,VisionIAS,submission,0,https://cdn.visionias.in/toppersanswerbooklet/81a59-357350_1533_catherine-saranya-a_rank_157.pdf
290,Ch Aswani Kumar,256,2025,GS3,0,Forumias,upsckata,22,https://forumias.com/blog/wp-content/uploads/2026/03/CHEJARLA-ASWANI-KUMARUPSC-IAS-2025-Toppers-AIR-256-Sample-MGP-COPY-2.pdf
289,Ch Aswani Kumar,256,2025,GS4,0,Forumias,upsckata,27,https://forumias.com/blog/wp-content/uploads/2026/03/CHEJARLA-ASWANI-KUMARUPSC-IAS-2025-Toppers-AIR-256-Sample-MGP-COPY-1.pdf
2361,Chada Nikhil Reddy,11,2024,Optional — Forest Service (IFS),1,Vajiram & Ravi,submission,0,https://vajiramias.sgp1.cdn.digitaloceanspaces.com/strapi/CHADA_NIKHIL_REDDY_UPSC_IFS_2024_AIR_11_GS_1_T_1_b0106f0b66.pdf
2044,Chakka Snehith,94,2024,GS1,0,VisionIAS,link,0,https://cdn.visionias.in/toppersanswerbooklet/2ae68-1370255_1840_chakka_snehith_rank_94.pdf
1327,Chandravahini Chaudhary,662,2025,GS2,0,Vajiram & Ravi,link,0,https://vajiramias.sgp1.cdn.digitaloceanspaces.com/strapi/CHANDRAVAHINI_CHAUDHARY_SS_GS_2_TEST_2_AIR_662_2025_f294cdc00e.pdf
1387,Chandravahini Chaudhary,662,2025,GS3,0,Vajiram & Ravi,link,0,https://vajiramias.sgp1.cdn.digitaloceanspaces.com/strapi/CHANDRAVAHINI_CHAUDHARY_SS_GS_3_TEST_3_AIR_662_2025_bb316c18c9.pdf
1388,Chandravahini Chaudhary,662,2025,GS3,0,Vajiram & Ravi,link,0,https://vajiramias.sgp1.cdn.digitaloceanspaces.com/strapi/CHANDRAVAHINI_CHAUDHARY_SS_GS_3_TEST_8_AIR_662_2025_07a492940f.pdf
1828,Chejarla Aswani Kumar,256,2025,Essay,0,VisionIAS,link,0,https://cdn.visionias.in/toppersanswerbooklet/48188-247897_1253_chejarla-aswani-kumar_rank_256.pdf
2085,Chennam Reddy Shiva Ganesh Reddy,119,2024,GS4,0,VisionIAS,link,0,https://cdn.visionias.in/toppersanswerbooklet/000f3-1278500_2425_chennamreddy_shiva_ganesh_reddy_rank_119.pdf
2089,ChennamReddy Shiva Ganesh Reddy,119,2024,Essay,0,VisionIAS,link,0,https://cdn.visionias.in/toppersanswerbooklet/3ea4f-1278500_2573_chennamreddy_shiva_ganesh_reddy_rank_119.pdf
2086,ChennamReddy Shiva Ganesh Reddy,119,2024,GS1,0,VisionIAS,link,0,https://cdn.visionias.in/toppersanswerbooklet/7ba76-1278500_2422_chennamreddy_shiva_ganesh_reddy_rank_119.pdf
2087,ChennamReddy Shiva Ganesh Reddy,119,2024,GS1,0,VisionIAS,link,0,https://cdn.visionias.in/toppersanswerbooklet/74f1c-1278500_2929_chennamreddy_shiva_ganesh_reddy_rank_119.pdf
2088,ChennamReddy Shiva Ganesh Reddy,119,2024,GS1,0,VisionIAS,link,0,https://cdn.visionias.in/toppersanswerbooklet/863aa-1278500_2930_chennamreddy_shiva_ganesh_reddy_rank_119.pdf
2364,Cheruku Avinash Reddy,40,2024,Optional — Forest Service (IFS),1,Vajiram & Ravi,submission,0,https://vajiramias.sgp1.cdn.digitaloceanspaces.com/strapi/CHERUKU_AVINASH_REDDY_UPSC_IFS_2024_AIR_40_GS_1_ab2b12b34b.pdf
2365,Cheruku Avinash Reddy,40,2024,Optional — Forest Service (IFS),1,Vajiram & Ravi,submission,0,https://vajiramias.sgp1.cdn.digitaloceanspaces.com/strapi/CHERUKU_AVINASH_REDDY_UPSC_IFS_2024_AIR_40_GS_2_c908d55222.pdf
2366,Cheruku Avinash Reddy,40,2024,Optional — Forest Service (IFS),1,Vajiram & Ravi,submission,0,https://vajiramias.sgp1.cdn.digitaloceanspaces.com/strapi/CHERUKU_AVINASH_REDDY_UPSC_IFS_2024_AIR_40_GS_3_c07dd1a5e1.pdf
291,Chinmaiee P,310,2025,Essay,0,Forumias,upsckata,2,https://forumias.com/blog/wp-content/uploads/2026/03/CHINMAIEE-PUPSC-IAS-2025-Toppers-AIR-310-Sample-Essay-Copy-1.pdf
292,Chitwan Jain,17,2025,Essay,0,Forumias,upsckata,2,https://forumias.com/blog/wp-content/uploads/2026/03/CHITWAN-JAIN-UPSC-IAS-2025-Toppers-AIR-17-Sample-ESSAY-Copy-1.pdf
293,Chitwan Jain,17,2025,GS4,0,Forumias,upsckata,20,https://forumias.com/blog/wp-content/uploads/2026/03/CHITWAN-JAIN-UPSC-IAS-2025-Toppers-AIR-17-Sample-MGP-Copy-1.pdf
294,Chitwan Jain,17,2025,GS4,0,Forumias,upsckata,19,https://forumias.com/blog/wp-content/uploads/2026/03/CHITWAN-JAIN-UPSC-IAS-2025-Toppers-AIR-17-Sample-MGP-Copy-2.pdf
950,D Anudeep,,,GS4,0,Forumias,upsckata,16,https://drive.google.com/file/d/1tKM1QPvjBdJqGbqPreVy2CTmnySyeqJ4/view
1333,Dainampelly Praveen,793,2025,GS2,0,Vajiram & Ravi,link,0,https://vajiramias.sgp1.cdn.digitaloceanspaces.com/strapi/DAINAMPELLY_PRAVEEN_SS_GS_2_AIR_793_48b89e7060.pdf
1391,Dainampelly Praveen,793,2025,GS3,0,Vajiram & Ravi,link,0,https://vajiramias.sgp1.cdn.digitaloceanspaces.com/strapi/DAINAMPELLY_PRAVEEN_SS_GS_3_AIR_793_c5f4cf7ce1.pdf
1494,Dainampelly Praveen,793,2025,GS4,0,Vajiram & Ravi,link,0,https://vajiramias.sgp1.cdn.digitaloceanspaces.com/strapi/DAINAMPELLY_PRAVEEN_SS_GS_4_AIR_793_be3c0255c5.pdf
2058,Damanpreet Arora,103,2024,Essay,0,VisionIAS,link,0,https://cdn.visionias.in/toppersanswerbooklet/c91f3-181996_3128_damanpreet_arora_rank_103.pdf
2054,Damanpreet Arora,103,2024,GS1,0,VisionIAS,link,0,https://cdn.visionias.in/toppersanswerbooklet/00e15-181996_2930_damanpreet_arora_rank_103.pdf
2055,Damanpreet Arora,103,2024,GS1,0,VisionIAS,link,0,https://cdn.visionias.in/toppersanswerbooklet/9e71f-181996_2929_damanpreet_arora_rank_103.pdf
2056,Damanpreet Arora,103,2024,GS1,0,VisionIAS,link,0,https://cdn.visionias.in/toppersanswerbooklet/a1f23-181996_2367_damanpreet_arora_rank_103.pdf
2057,Damanpreet Arora,103,2024,GS4,0,VisionIAS,link,0,https://cdn.visionias.in/toppersanswerbooklet/c3f1a-181996_2370_damanpreet_arora_rank_103.pdf
295,Darshana Singh Baghel,,,GS3,0,Forumias,upsckata,20,https://forumias.com/blog/wp-content/uploads/2026/04/DARSHANA-SINGH-BAGHELUPSC_IAS_2025_Toppers_AIR_383_Sample_MGP_2.pdf
298,Deeksha Chourasiya,,,Essay,0,Vision,upsckata,3,https://cdn.visionias.in/toppersanswerbooklet/4087f-365537_2488_deeksha_chourasiya_rank_44.pdf
1576,Deeksha Chourasiya,44,2025,Essay,0,VisionIAS,link,0,https://cdn.visionias.in/toppersanswerbooklet/4087f-365537_2488_deeksha_chourasiya_rank_44.pdf
296,Deeksha Chourasiya,44,2025,GS2,0,Forumias,upsckata,20,https://forumias.com/blog/wp-content/uploads/2026/03/DEEKSHA-CHOURASIYAUPSC-IAS-2025-Toppers-AIR-44-Sample-MGP-Copy-1-1.pdf
297,Deeksha Chourasiya,44,2025,GS2,0,Forumias,upsckata,23,https://forumias.com/blog/wp-content/uploads/2026/03/DEEKSHA-CHOURASIYAUPSC-IAS-2025-Toppers-AIR-44-Sample-MGP-Copy-2.pdf
301,Deeksha Chourasiya,,,GS2,0,Vision,upsckata,21,https://cdn.visionias.in/toppersanswerbooklet/41c5f-365537_4511_deeksha_chourasiya_rank_44.pdf
1577,Deeksha Chourasiya,44,2025,GS2,0,VisionIAS,link,0,https://cdn.visionias.in/toppersanswerbooklet/41c5f-365537_4511_deeksha_chourasiya_rank_44.pdf
302,Deeksha Chourasiya,,,GS3,0,Vision,upsckata,20,https://cdn.visionias.in/toppersanswerbooklet/1da64-365537_4512_deeksha_chourasiya_rank_44.pdf
1578,Deeksha Chourasiya,44,2025,GS3,0,VisionIAS,link,0,https://cdn.visionias.in/toppersanswerbooklet/1da64-365537_4512_deeksha_chourasiya_rank_44.pdf
299,Deeksha Chourasiya,,,GS4,0,Vision,upsckata,22,https://cdn.visionias.in/toppersanswerbooklet/8e72b-365537_2421_deeksha_chourasiya_rank_44.pdf
300,Deeksha Chourasiya,,,GS4,0,Vision,upsckata,24,https://cdn.visionias.in/toppersanswerbooklet/ca565-365537_2425_deeksha_chourasiya_rank_44.pdf
1579,Deeksha Chourasiya,44,2025,GS4,0,VisionIAS,link,0,https://cdn.visionias.in/toppersanswerbooklet/8e72b-365537_2421_deeksha_chourasiya_rank_44.pdf
1580,Deeksha Chourasiya,44,2025,GS4,0,VisionIAS,link,0,https://cdn.visionias.in/toppersanswerbooklet/ca565-365537_2425_deeksha_chourasiya_rank_44.pdf
2406,Deeksha Chourasiya,44,2025,Optional — History,1,Level Up IAS,submission,0,https://drive.google.com/file/d/1vXftQ0kJ-x3AHLBRLjNWprWhKrNn7TxG/view
2407,Deeksha Chourasiya,44,2025,Optional — History,1,Level Up IAS,submission,0,https://drive.google.com/file/d/1v57pCsTiKoBfbe_TGajVFJ6JIeN4FUHA/view
2408,Deeksha Chourasiya,44,2025,Optional — History,1,Level Up IAS,submission,0,https://drive.google.com/file/d/1Po39sBX9KJEJ2cn-Hsnegw1nWuheGP8m/view
303,Deeksha Patkar,88,2025,Essay,0,Forumias,upsckata,1,https://forumias.com/blog/wp-content/uploads/2026/03/DEEKSHA-PATKARUPSC-IAS-2025-Toppers-AIR-88-Sample-ESSAY-Copy-2.pdf
304,Deeksha Patkar,88,2025,GS2,0,Forumias,upsckata,20,https://forumias.com/blog/wp-content/uploads/2026/03/DEEKSHA-PATKARUPSC-IAS-2025-Toppers-AIR-88-Sample-MGP-Copy-1.pdf
305,Deeksha Patkar,,,GS4,0,Vision,upsckata,23,https://cdn.visionias.in/toppersanswerbooklet/96994-1467775_4513_deeksha_patkar_rank_88.pdf
1666,Deeksha Patkar,88,2025,GS4,0,VisionIAS,link,0,https://cdn.visionias.in/toppersanswerbooklet/96994-1467775_4513_deeksha_patkar_rank_88.pdf
2041,Deepak Godara,92,2024,GS1,0,VisionIAS,link,0,https://cdn.visionias.in/toppersanswerbooklet/66aec-493973_2218_deepak_godara_rank_92.pdf
2042,Deepak Godara,92,2024,GS1,0,VisionIAS,link,0,https://cdn.visionias.in/toppersanswerbooklet/ce4da-493973_2219_deepak_godara_rank_92.pdf
306,Deepak Godara,,2024,GS3,0,Forumias,upsckata,21,https://forumias.com/blog/wp-content/uploads/2025/04/DEEPAK-GODARA-UPSC-2024-Rank-92-MGP-Sample-Copy-1.pdf
2040,Deepak Godara,92,2024,GS4,0,VisionIAS,link,0,https://cdn.visionias.in/toppersanswerbooklet/50e2d-493973_2220_deepak_godara_rank_92.pdf
2079,Deepak Gupta,113,2024,GS1,0,VisionIAS,link,0,https://cdn.visionias.in/toppersanswerbooklet/94de9-720807_2420_deepak_gupta_rank_113.pdf
1075,Deepali Mahto,36,2025,Essay,0,UnlockIAS,link,0,https://drive.google.com/file/d/1Lj8IQfckTPPg_4BCTzyXYQZZiWS83oVw/view
1076,Deepali Mahto,36,2025,Essay,0,UnlockIAS,link,0,https://drive.google.com/file/d/1t40OwX4ce_CoJ5nqkGKkTh4edo_lQOcO/view
1077,Deepali Mahto,36,2025,Essay,0,UnlockIAS,link,0,https://drive.google.com/file/d/1wVuO63LJbjUgWqLyBcWtCcu3OsEk3QOC/view
1078,Deepali Mahto,36,2025,Essay,0,UnlockIAS,link,0,https://drive.google.com/file/d/1kqYJPEz7kLsFtXkM8fSDjjgkWF-asVo3/view
1177,Deepali Mahto,36,2025,GS1,0,UnlockIAS,link,0,https://drive.google.com/file/d/1jwOda_ZfL4QO2WqPkRYW0a2lmqPq2lf9/view
1178,Deepali Mahto,36,2025,GS1,0,UnlockIAS,link,0,https://drive.google.com/file/d/1F9bqrk3J_nbAU20iJomTo3lQprxHtA0g/view
1282,Deepali Mahto,36,2025,GS2,0,UnlockIAS,link,0,https://drive.google.com/file/d/1P9odpfoh0dP0tv9HDooX9IPwUJHuPaqi/view
1283,Deepali Mahto,36,2025,GS2,0,UnlockIAS,link,0,https://drive.google.com/file/d/1Z2_iTX3w5cB0V0frTBOdtvq0CcBKuTCX/view
307,Deepali Mahto,36,2025,GS3,0,Forumias,upsckata,4,https://forumias.com/blog/wp-content/uploads/2026/03/DEEPALI-MAHTO-UPSC-IAS-2025-Toppers-AIR-36-Sample-MGP-Copy-1.pdf
1349,Deepali Mahto,36,2025,GS3,0,UnlockIAS,link,0,https://drive.google.com/file/d/1xZysIAm3xV44KXDX-_B28ZFnGEaLjCZp/view
308,Deepali Mahto,36,2025,GS4,0,Forumias,upsckata,11,https://forumias.com/blog/wp-content/uploads/2026/03/DEEPALI-MAHTO-UPSC-IAS-2025-Toppers-AIR-36-Sample-MGP-Copy-2.pdf
1431,Deepali Mahto,36,2025,GS4,0,UnlockIAS,link,0,https://drive.google.com/file/d/1OC83qYNK-rRF404fy3H1d8UUXEtRN0Lo/view
1432,Deepali Mahto,36,2025,GS4,0,UnlockIAS,link,0,https://drive.google.com/file/d/12ytBcDFzpgXdktIGr9y0oA4l9g5-wiBl/view
2306,Deepali Mahto,36,2025,Optional — Anthropology,1,Level Up IAS,submission,0,https://drive.google.com/file/d/1aTW6LZzSC5P5q9lVOLpqNLLWHJgdSj96/view
309,Deepanshu Jindal,38,2025,GS4,0,Forumias,upsckata,12,https://forumias.com/blog/wp-content/uploads/2026/03/DEEPANSHU-JINDAL-UPSC-IAS-2025-Toppers-AIR-38-Sample-MGP-Copy-1.pdf
310,Deepanshu Jindal,38,2025,GS4,0,Forumias,upsckata,11,https://forumias.com/blog/wp-content/uploads/2026/03/DEEPANSHU-JINDAL-UPSC-IAS-2025-Toppers-AIR-38-Sample-MGP-Copy-2.pdf
311,Dev Dudeja,152,2025,GS1,0,Forumias,upsckata,20,https://forumias.com/blog/wp-content/uploads/2026/03/DEV-DUDEJAUPSC-IAS-2025-Toppers-AIR-152-Sample-MGP-Copy-1.pdf
312,Dev Dudeja,152,2025,GS2,0,Forumias,upsckata,20,https://forumias.com/blog/wp-content/uploads/2026/03/DEV-DUDEJAUPSC-IAS-2025-Toppers-AIR-152-Sample-MGP-Copy-2.pdf
314,Dev Dudeja,152,2025,GS3,0,Forumias,upsckata,21,https://forumias.com/blog/wp-content/uploads/2026/03/DEV-DUDEJAUPSC-IAS-2025-Toppers-AIR-152-Sample-MGP-Copy-4.pdf
313,Dev Dudeja,152,2025,GS4,0,Forumias,upsckata,22,https://forumias.com/blog/wp-content/uploads/2026/03/DEV-DUDEJAUPSC-IAS-2025-Toppers-AIR-152-Sample-MGP-Copy-3.pdf
1464,Dev Dudeja,327,2025,GS4,0,Vajiram & Ravi,link,0,https://vajiramias.sgp1.cdn.digitaloceanspaces.com/strapi/SURE_SHORT_GS_PAPER_GS_4_AIR_327_T_4_DEV_DUDEJA_pdf_17053fe618.pdf
2153,Dev Vrat Joshi,144,2024,Essay,0,VisionIAS,link,0,https://cdn.visionias.in/toppersanswerbooklet/47c4c-505389_2323_dev_vrat_joshi_rank_144.pdf
2154,Dev Vrat Joshi,144,2024,GS1,0,VisionIAS,link,0,https://cdn.visionias.in/toppersanswerbooklet/bc98d-505389_2071_dev_vrat_joshi_rank_144.pdf
2155,Dev Vrat Joshi,144,2024,GS1,0,VisionIAS,link,0,https://cdn.visionias.in/toppersanswerbooklet/58517-505389_1839_dev_vrat_joshi_rank_144.pdf
2156,Dev Vrat Joshi,144,2024,GS1,0,VisionIAS,link,0,https://cdn.visionias.in/toppersanswerbooklet/cae2e-505389_1814_dev_vrat_joshi_rank_144.pdf
1817,Devangi Meena,236,2025,Essay,0,VisionIAS,link,0,https://cdn.visionias.in/toppersanswerbooklet/60c78-488023_3128_devangi-meena_rank_236.pdf
315,Devansh Gupta,,,Essay,0,Vision,upsckata,2,https://cdn.visionias.in/toppersanswerbooklet/671aa-859046_1852_devansh_gupta_rank_77.pdf
316,Devansh Gupta,,,Essay,0,Vision,upsckata,1,https://cdn.visionias.in/toppersanswerbooklet/54500-859046_2234_devansh_gupta_rank_77.pdf
1657,Devansh Gupta,77,2025,Essay,0,VisionIAS,link,0,https://cdn.visionias.in/toppersanswerbooklet/671aa-859046_1852_devansh_gupta_rank_77.pdf
1658,Devansh Gupta,77,2025,Essay,0,VisionIAS,link,0,https://cdn.visionias.in/toppersanswerbooklet/44659-859046_2233_devansh_gupta_rank_77.pdf
1659,Devansh Gupta,77,2025,Essay,0,VisionIAS,link,0,https://cdn.visionias.in/toppersanswerbooklet/54500-859046_2234_devansh_gupta_rank_77.pdf
317,Devansh Gupta,,,GS4,0,Vision,upsckata,20,https://cdn.visionias.in/toppersanswerbooklet/e9f5b-859046_1830_devansh_gupta_rank_77.pdf
1656,Devansh Gupta,77,2025,GS4,0,VisionIAS,link,0,https://cdn.visionias.in/toppersanswerbooklet/e9f5b-859046_1830_devansh_gupta_rank_77.pdf
318,Devansh Saraswat,221,2025,GS3,0,Forumias,upsckata,21,https://forumias.com/blog/wp-content/uploads/2026/03/DEVANSH-SARSWATUPSC-IAS-2025-Toppers-AIR-221-Sample-MGPCopy-2.pdf
319,Devansh Saraswat,221,2025,GS4,0,Forumias,upsckata,25,https://forumias.com/blog/wp-content/uploads/2026/03/DEVANSH-SARSWATUPSC-IAS-2025-Toppers-AIR-221-Sample-MGPCopy-3.pdf
2427,Devansh Saraswat,374,2025,Optional — Law,1,De Facto Law,submission,0,https://www.defactolaw.in/_files/ugd/9bce74_2ed7e09fc0a94e2fb68f6cd61569bd0f.pdf
2428,Devansh Saraswat,374,2025,Optional — Law,1,De Facto Law,submission,0,https://www.defactolaw.in/_files/ugd/9bce74_4c78b5765985486ba2392d321d4ee730.pdf
2429,Devansh Saraswat,374,2025,Optional — Law,1,De Facto Law,submission,0,https://www.defactolaw.in/_files/ugd/9bce74_97bc75200dbe422fbe51fa6aeb59efb0.pdf
2430,Devansh Saraswat,374,2025,Optional — Law,1,De Facto Law,submission,0,https://www.defactolaw.in/_files/ugd/9bce74_ae107f62007b471eb7dede363f630e47.pdf
2431,Devansh Saraswat,374,2025,Optional — Law,1,De Facto Law,submission,0,https://www.defactolaw.in/_files/ugd/9bce74_6c52ff29cc2c4ccb88db9abefd126d69.pdf
2432,Devansh Saraswat,374,2025,Optional — Law,1,De Facto Law,submission,0,https://www.defactolaw.in/_files/ugd/9bce74_70406d0d18a4492ca1314e55d9eaa032.pdf
320,Devansh Sarswat,221,2025,Essay,0,Forumias,upsckata,2,https://forumias.com/blog/wp-content/uploads/2026/03/DEVANSH-SARSWATUPSC-IAS-2025-Toppers-AIR-221-Sample-ESSAY-Copy-1.pdf
321,Devansh Sarswat,221,2025,GS2,0,Forumias,upsckata,20,https://forumias.com/blog/wp-content/uploads/2026/03/DEVANSH-SARSWATUPSC-IAS-2025-Toppers-AIR-221-Sample-MGP-Copy-1.pdf
1812,Devansh Sarswat,221,2025,GS2,0,VisionIAS,link,0,https://cdn.visionias.in/toppersanswerbooklet/26c58-1010697_2423_devansh-sarswat_rank_221.pdf
1811,Devansh Sarswat,221,2025,GS3,0,VisionIAS,link,0,https://cdn.visionias.in/toppersanswerbooklet/338da-1010697_2219_devansh-sarswat_rank_221.pdf
2106,Devanshi Saxena,124,2024,GS1,0,VisionIAS,link,0,https://cdn.visionias.in/toppersanswerbooklet/dc8fe-1017909_2074_devanshi_saxena_rank_124.pdf
2107,Devanshi Saxena,124,2024,GS1,0,VisionIAS,link,0,https://cdn.visionias.in/toppersanswerbooklet/a0a6c-1017909_2079_devanshi_saxena_rank_124.pdf
2108,Devanshi Saxena,124,2024,GS1,0,VisionIAS,link,0,https://cdn.visionias.in/toppersanswerbooklet/a5833-1017909_2076_devanshi_saxena_rank_124.pdf
2109,Devanshi Saxena,124,2024,GS1,0,VisionIAS,link,0,https://cdn.visionias.in/toppersanswerbooklet/731e1-1017909_2080_devanshi_saxena_rank_124.pdf
2105,Devanshi Saxena,124,2024,GS4,0,VisionIAS,link,0,https://cdn.visionias.in/toppersanswerbooklet/842a0-1017909_2070_devanshi_saxena_rank_124.pdf
2762,DEVASHISH BINDAL,301,2023,Optional — Sociology,1,VisionIAS,submission,0,https://cdn.visionias.in/toppersanswerbooklet/33125-1015773_2296_devashish_bindal_rank_301.pdf
2763,DEVASHISH BINDAL,301,2023,Optional — Sociology,1,VisionIAS,submission,0,https://cdn.visionias.in/toppersanswerbooklet/46d00-1015773_2298_devashish_bindal_rank_301.pdf
1221,Devdarshdeep Singh,340,2023,GS1,0,UnlockIAS,link,0,https://drive.google.com/file/d/1xWnTsjoKS-4BYiTioEpRW6LuDT8hNAcg/view
322,Devyanshi Kaura,71,2025,GS3,0,Forumias,upsckata,11,https://forumias.com/blog/wp-content/uploads/2026/03/DEVYANSHI-KAURAUPSC-IAS-2025-Toppers-AIR-71-Sample-MGP-Copy-1.pdf
323,Devyanshi Kaura,71,2025,GS3,0,Forumias,upsckata,10,https://forumias.com/blog/wp-content/uploads/2026/03/DEVYANSHI-KAURAUPSC-IAS-2025-Toppers-AIR-71-Sample-MGP-Copy-2.pdf
324,Devyanshi Kaura,,,GS4,0,Vision,upsckata,21,https://cdn.visionias.in/toppersanswerbooklet/76e25-45883336_3612_devyanshi_kaura_rank_71.pdf
1644,Devyanshi Kaura,71,2025,GS4,0,VisionIAS,link,0,https://cdn.visionias.in/toppersanswerbooklet/76e25-45883336_3612_devyanshi_kaura_rank_71.pdf
2527,Devyanshi Verma,99,2025,Optional — Sociology,1,Sleepy Classes,submission,0,https://sleepyclasses.com/wp-content/uploads/2026/04/Socio-HLT-1-devyanshi_lyst1750697639861-compressed.pdf
2528,Devyanshi Verma,99,2025,Optional — Sociology,1,Sleepy Classes,submission,0,https://sleepyclasses.com/wp-content/uploads/2026/04/socio-hlt-2-devyanshi_lyst1751897953468-compressed.pdf
2529,Devyanshi Verma,99,2025,Optional — Sociology,1,Sleepy Classes,submission,0,https://sleepyclasses.com/wp-content/uploads/2026/04/hlt-3-a1-b6_lyst1753372115321-compressed.pdf
2530,Devyanshi Verma,99,2025,Optional — Sociology,1,Sleepy Classes,submission,0,https://sleepyclasses.com/wp-content/uploads/2026/04/socio-t-1-devyanshi-verma_lyst1750045309970.pdf
2531,Devyanshi Verma,99,2025,Optional — Sociology,1,Sleepy Classes,submission,0,https://sleepyclasses.com/wp-content/uploads/2026/04/socio-test-2-devyanshi_lyst1750489372423.pdf
2532,Devyanshi Verma,99,2025,Optional — Sociology,1,Sleepy Classes,submission,0,https://sleepyclasses.com/wp-content/uploads/2026/04/socio-test-3-devyanshi_lyst1751160536706.pdf
2533,Devyanshi Verma,99,2025,Optional — Sociology,1,Sleepy Classes,submission,0,https://sleepyclasses.com/wp-content/uploads/2026/04/socio-test-4-devyanshi_lyst1751461291367.pdf
2534,Devyanshi Verma,99,2025,Optional — Sociology,1,Sleepy Classes,submission,0,https://sleepyclasses.com/wp-content/uploads/2026/04/socio-test-5-devyanshi_lyst1752418986681.pdf
2535,Devyanshi Verma,99,2025,Optional — Sociology,1,Sleepy Classes,submission,0,https://sleepyclasses.com/wp-content/uploads/2026/04/Socio-test-6-devyanshi_lyst1752741334742.pdf
1244,Dheeraj Choudhary,579,2025,GS1,0,Vajiram & Ravi,link,0,https://vajiramias.sgp1.cdn.digitaloceanspaces.com/strapi/DHEERAJ_CHOUDHARY_SS_GS_1_AIR_579_770452fe21.pdf
1322,Dheeraj Choudhary,579,2025,GS2,0,Vajiram & Ravi,link,0,https://vajiramias.sgp1.cdn.digitaloceanspaces.com/strapi/DHEERAJ_CHOUDHARY_SS_GS_2_AIR_579_a31dbbea88.pdf
1482,Dheeraj Choudhary,579,2025,GS4,0,Vajiram & Ravi,link,0,https://vajiramias.sgp1.cdn.digitaloceanspaces.com/strapi/DHEERAJ_CHOUDHARY_SS_GS_4_AIR_579_aa15e8c146.pdf
954,Diksha Joshi,,,GS2,0,Forumias,upsckata,22,https://drive.google.com/file/d/11Lbt5MmFMgEq6gyCPDre-Mongg3LcdWa/view
951,Diksha Joshi,,,GS4,0,Vision,upsckata,22,https://drive.google.com/file/d/1Z1cnZgUxt9h3KnQHZo3asgCoZWfiVjiu/view
952,Diksha Joshi,,,GS4,0,Vision,upsckata,19,https://drive.google.com/file/d/1USUmo9-dz4n3yt72Igzds3ivS3I-fhZ7/view
953,Diksha Joshi,,,GS4,0,Vision,upsckata,20,https://drive.google.com/file/d/1zvzTesrlAYzdqii_9sfRhejRgopJX_1e/view
1080,Diksha Rai,40,2025,Essay,0,UnlockIAS,link,0,https://drive.google.com/file/d/1spfRLbd0Rrf6J89V_tP6jvSTOonED_n2/view
1350,Diksha Rai,40,2025,GS3,0,UnlockIAS,link,0,https://drive.google.com/file/d/1ogDxv4YcEq4SeWjjo4n_pKFGne2aULhN/view
1433,Diksha Rai,40,2025,GS4,0,UnlockIAS,link,0,https://drive.google.com/file/d/1qR3qbfj2Bp-2Cxc5DKl9Rj5hW6VaDcY4/view
1434,Diksha Rai,40,2025,GS4,0,UnlockIAS,link,0,https://drive.google.com/file/d/1bKBLpn3utf2uWqVVwb2tzP7bR9UvWK_6/view
1435,Diksha Rai,40,2025,GS4,0,UnlockIAS,link,0,https://drive.google.com/file/d/1DLYcjnIod0q24ky5eAEfZr6NIZpwP2G3/view
2357,Dimple Kaushik,789,2023,Optional — Anthropology,1,Level Up IAS,submission,0,https://drive.google.com/file/d/1S7UO36ltQXaFDh7UqwfyWE3H1WqajiiS/view
2179,Dipti Ranjan Pati,164,2024,Essay,0,VisionIAS,link,0,https://cdn.visionias.in/toppersanswerbooklet/121b6-563381_3128_dipti_.ranjan_pati_rank_164.pdf
2180,Dipti Ranjan Pati,164,2024,GS1,0,VisionIAS,link,0,https://cdn.visionias.in/toppersanswerbooklet/077d5-563381_2928_dipti_ranjan_pati_rank_164.pdf
2181,Dipti Ranjan Pati,164,2024,GS1,0,VisionIAS,link,0,https://cdn.visionias.in/toppersanswerbooklet/2feb8-563381_2930_dipti_ranjan_pati_rank_164.pdf
2182,Dipti Ranjan Pati,164,2024,GS4,0,VisionIAS,link,0,https://cdn.visionias.in/toppersanswerbooklet/960ff-563381_2931_dipti_ranjan_pati_rank_164.pdf
325,Disha Dhankhar,235,2025,GS2,0,Forumias,upsckata,3,https://forumias.com/blog/wp-content/uploads/2026/03/DISHA-DHANKHARUPSC-IAS-2025-Toppers-AIR-235-Sample-MGP-Copy-1.pdf
326,Disha Dhankhar,235,2025,GS2,0,Forumias,upsckata,4,https://forumias.com/blog/wp-content/uploads/2026/03/DISHA-DHANKHARUPSC-IAS-2025-Toppers-AIR-235-Sample-MGP-Copy-2.pdf
327,Disha Dhankhar,235,2025,GS4,0,Forumias,upsckata,12,https://forumias.com/blog/wp-content/uploads/2026/03/DISHA-DHANKHARUPSC-IAS-2025-Toppers-AIR-235-Sample-MGP-Copy-3.pdf
2675,Disha Dhankhar,235,2025,Optional — Sociology,1,VisionIAS,submission,0,https://cdn.visionias.in/toppersanswerbooklet/a84fb-1159416_3344_disha_dhankhar_rank_235.pdf
2570,Disha Dwivedi,672,2024,Optional — Sociology,1,Level Up IAS,submission,0,https://drive.google.com/file/d/1uscUqA7eW-gw6Pg4JqhrvFS1z8f5P9B0/view
330,Dishant A Nisar,,,Essay,0,Vision,upsckata,1,https://cdn.visionias.in/toppersanswerbooklet/6a40e-1138476_3128_nisar_dishant_amrutlal_rank_19.pdf
332,Dishant A Nisar,,,GS2,0,Vision,upsckata,20,https://cdn.visionias.in/toppersanswerbooklet/1ad38-1138476_2929_nisar_dishant_amrutlal_rank_19.pdf
329,Dishant A Nisar,19,2025,GS3,0,Forumias,upsckata,20,https://forumias.com/blog/wp-content/uploads/2026/03/NISAR-DISHANT-AMRUTLAL-UPSC-IAS-2025-Toppers-AIR-19-Sample-MGP-Copy-2.pdf
333,Dishant A Nisar,,,GS3,0,Vision,upsckata,22,https://cdn.visionias.in/toppersanswerbooklet/95296-1138476_2930_nisar_dishant_amrutlal_rank_19.pdf
328,Dishant A Nisar,19,2025,GS4,0,Forumias,upsckata,22,https://forumias.com/blog/wp-content/uploads/2026/03/NISAR-DISHANT-AMRUTLAL-UPSC-IAS-2025-Toppers-AIR-19-Sample-MGP-Copy-1.pdf
331,Dishant A Nisar,,,GS4,0,Vision,upsckata,23,https://cdn.visionias.in/toppersanswerbooklet/04dd5-1138476_2931_nisar_dishant_amrutlal_rank_19.pdf
334,Divya,182,2025,GS2,0,Forumias,upsckata,20,https://forumias.com/blog/wp-content/uploads/2026/03/DIVYA-UPSC-IAS-2025-Toppers-AIR-182-Sample-MGP-Copy-1.pdf
335,Divya,182,2025,GS2,0,Forumias,upsckata,20,https://forumias.com/blog/wp-content/uploads/2026/03/DIVYA-UPSC-IAS-2025-Toppers-AIR-182-Sample-MGP-Copy-2.pdf
336,Divya,182,2025,GS3,0,Forumias,upsckata,1,https://forumias.com/blog/wp-content/uploads/2026/03/DIVYA-UPSC-IAS-2025-Toppers-AIR-182-Sample-MGP-Copy-3.pdf
337,Divya,182,2025,GS4,0,Forumias,upsckata,3,https://forumias.com/blog/wp-content/uploads/2026/03/DIVYA-UPSC-IAS-2025-Toppers-AIR-182-Sample-MGP-Copy-4.pdf
955,Divya Mishra,,,GS4,0,Vision,upsckata,21,https://drive.google.com/file/d/1tqo4OdrJzJvJoFVgUjpkbkflAWwQhkir/view
956,Divya Mishra,,,GS4,0,Forumias,upsckata,19,https://drive.google.com/file/d/1cDv2EkznXtV5IBohBGvFpU22IRVQmx_n/view
957,Divya Mishra,,,GS4,0,Forumias,upsckata,20,https://drive.google.com/file/d/11IsVlUy_gsqBZywEnkBjmGmRRPDDHiaR/view
958,Divya Shakti,,,GS4,0,Forumias,upsckata,9,https://drive.google.com/file/d/1jXtUw7wAnaY-A_SBazcY0i_OuaJW9M9K/view
338,Divyank Gupta,,2024,Essay,0,Forumias,upsckata,2,https://forumias.com/blog/wp-content/uploads/2025/04/DIVYANK-GUPTA-UPSC-2024-Rank-21-MGP-Sample-Copy-4.pdf
339,Divyank Gupta,,,Essay,0,Nextias,upsckata,3,https://www.nextias.com/newuploads/Nextias/2025/4/divyank-essay-test-1-1745478639996.pdf
340,Divyank Gupta,,,Essay,0,Nextias,upsckata,5,https://www.nextias.com/newuploads/Nextias/2025/4/divyank-essay-test-2-1745478676959.pdf
1930,Divyank Gupta,21,2024,Essay,0,VisionIAS,link,0,https://cdn.visionias.in/toppersanswerbooklet/eb6f4-339922_3128_divyank_gupta_rank_21.pdf
1927,Divyank Gupta,21,2024,GS1,0,VisionIAS,link,0,https://cdn.visionias.in/toppersanswerbooklet/d12eb-339922_2929_divyank_gupta_rank_21.pdf
1928,Divyank Gupta,21,2024,GS1,0,VisionIAS,link,0,https://cdn.visionias.in/toppersanswerbooklet/9d94e-339922_2930_divyank_gupta_rank_21.pdf
342,Divyank Gupta,,,GS2,0,Nextias,upsckata,20,https://www.nextias.com/newuploads/Nextias/2025/4/gs-mac-test-1-divyank-gupta-1745408764371.pdf
343,Divyank Gupta,,,GS3,0,Nextias,upsckata,17,https://www.nextias.com/newuploads/Nextias/2025/4/gs-mac-test-4-divyank-gupta-1745408784251.pdf
341,Divyank Gupta,,,GS4,0,Nextias,upsckata,25,https://www.nextias.com/newuploads/Nextias/2025/4/ethics-enhancer-test-1-divyank-gupta-1745408736043.pdf
1929,Divyank Gupta,21,2024,GS4,0,VisionIAS,link,0,https://cdn.visionias.in/toppersanswerbooklet/b3559-339922_2931_divyank_gupta_rank_21.pdf
2526,Divyanshi Singla,95,2022,Optional — Sociology,1,Level Up IAS,submission,0,https://drive.google.com/file/d/1j2qcK7sonVASX5e2P-Ez2cetKpv_HB3n/view
2537,Divyanshi Singla,108,2023,Optional — Sociology,1,Level Up IAS,submission,0,https://drive.google.com/file/d/1VdjwUyBliNiXRWCI5Kopg3mwiJ9Gk64A/view
959,Divyanshu Nigam,,,Essay,0,Vision,upsckata,5,https://drive.google.com/file/d/18yTxjOXulTOt8xshhoR-okuLT5R22h9_/view
960,Divyanshu Nigam,,,GS4,0,Vision,upsckata,22,https://drive.google.com/file/d/1zInSnjn0mfhgqRfOta_4NBp2_05KlHrs/view
961,Divyanshu Nigam,,,GS4,0,Vision,upsckata,21,https://drive.google.com/file/d/1V1GP7zbWwVYIvkofq-0WTcNgRXAYzh0u/view
2362,Divyanshu Pal Nagar,18,2024,Optional — Forest Service (IFS),1,Vajiram & Ravi,submission,0,https://vajiramias.sgp1.cdn.digitaloceanspaces.com/strapi/DIVYANSHU_PAL_NAGAR_UPSC_IFS_2024_AIR_18_GS_2_15799a45c7.pdf
2363,Divyanshu Pal Nagar,18,2024,Optional — Forest Service (IFS),1,Vajiram & Ravi,submission,0,https://vajiramias.sgp1.cdn.digitaloceanspaces.com/strapi/DIVYANSHU_PAL_NAGAR_UPSC_IFS_2024_AIR_18_GS_3_a4f75e6dbf.pdf
1873,Dongre Archit Parag,3,2024,Essay,0,VisionIAS,link,0,https://cdn.visionias.in/toppersanswerbooklet/a3e5c-1138117_2488_dongre_archit_parag_rank_03.pdf
1876,Dongre Archit Parag,3,2024,GS1,0,VisionIAS,link,0,https://cdn.visionias.in/toppersanswerbooklet/e6f10-1138117_2423_dongre_archit_parag_rank_03.pdf
1877,Dongre Archit Parag,3,2024,GS1,0,VisionIAS,link,0,https://cdn.visionias.in/toppersanswerbooklet/18016-1138117_2424_dongre-archit-parag_rank_3.pdf
1874,Dongre Archit Parag,3,2024,GS4,0,VisionIAS,link,0,https://cdn.visionias.in/toppersanswerbooklet/48cd5-1138117_2070_dongre_archit_parag_rank_03.pdf
1875,Dongre Archit Parag,3,2024,GS4,0,VisionIAS,link,0,https://cdn.visionias.in/toppersanswerbooklet/cfdc4-1138117_2425_dongre_archit_parag_rank_03.pdf
2785,Drishti Jaiswal,255,2022,Optional — Sociology,1,VisionIAS,submission,0,https://cdn.visionias.in/toppersanswerbooklet/0b45f-929243_2095_drishti-jaiswal_rank-255.pdf
2786,Drishti Jaiswal,255,2022,Optional — Sociology,1,VisionIAS,submission,0,https://cdn.visionias.in/toppersanswerbooklet/d05f9-929243_2098_drishti-jaiswal_rank-255.pdf
344,Dsk Prachet,193,2025,GS2,0,Forumias,upsckata,20,https://forumias.com/blog/wp-content/uploads/2026/03/D-S-K-PRACHET-UPSC-IAS-2025-Toppers-AIR-193-Sample-MGP-Copy-1.pdf
345,Dsk Prachet,193,2025,GS2,0,Forumias,upsckata,20,https://forumias.com/blog/wp-content/uploads/2026/03/D-S-K-PRACHET-UPSC-IAS-2025-Toppers-AIR-193-Sample-MGP-Copy-2.pdf
346,Dsk Prachet,193,2025,GS2,0,Forumias,upsckata,20,https://forumias.com/blog/wp-content/uploads/2026/03/D-S-K-PRACHET-UPSC-IAS-2025-Toppers-AIR-193-Sample-MGP-Copy-3.pdf
347,Dsk Prachet,193,2025,GS3,0,Forumias,upsckata,21,https://forumias.com/blog/wp-content/uploads/2026/03/D-S-K-PRACHET-UPSC-IAS-2025-Toppers-AIR-193-Sample-MGP-Copy-4.pdf
2316,Dwij Goel,71,2022,Optional — Anthropology,1,Level Up IAS,submission,0,https://drive.google.com/file/d/1qJ1hhyEsgzgzBr5qunODsgjuLigUZKPB/view
2066,Eshani Anand,106,2024,Essay,0,VisionIAS,link,0,https://cdn.visionias.in/toppersanswerbooklet/891bc-45836376_3128_eshani-_anand_rank_106.pdf
2064,Eshani Anand,106,2024,GS1,0,VisionIAS,link,0,https://cdn.visionias.in/toppersanswerbooklet/3c338-45836376_2928_eshani-_anand_rank_106.pdf
350,Eshani Anand,79,,GS2,0,Nextias,upsckata,20,https://next-ias-appsquadz.s3.ap-south-1.amazonaws.com/file_library/pdf/original/93393beb2b7e996905ce7ea7f8b78443/74/air-79-eshani-anand_test-2_gs2.pdf
349,Eshani Anand,79,,GS3,0,Nextias,upsckata,22,https://next-ias-appsquadz.s3.ap-south-1.amazonaws.com/file_library/pdf/original/93393beb2b7e996905ce7ea7f8b78443/67/air-79-eshani-anand_test-3_gs3.pdf
348,Eshani Anand,79,,GS4,0,Nextias,upsckata,22,https://next-ias-appsquadz.s3.ap-south-1.amazonaws.com/file_library/pdf/original/93393beb2b7e996905ce7ea7f8b78443/66/air-79-eshani-anand_test-4_gs4.pdf
2065,Eshani Anand,106,2024,GS4,0,VisionIAS,link,0,https://cdn.visionias.in/toppersanswerbooklet/e6569-45836376_2931_eshani_anand_rank_106.pdf
2322,Eshani Anand,79,2023,Optional — Anthropology,1,Level Up IAS,submission,0,https://drive.google.com/file/d/1h7BIIIHU1m5oc1N9gJdNsTO2A-db1opb/view
2323,Eshani Anand,79,2023,Optional — Anthropology,1,Level Up IAS,submission,0,https://drive.google.com/file/d/166SFk8Jze006hrRXEWfQF2sOkpJDZXfp/view
2539,Farhaan Irfan,191,2023,Optional — Sociology,1,Level Up IAS,submission,0,https://drive.google.com/file/d/1vzgJWynmIUl3fM-BgZoPo0uTfA87D_hy/view
351,Farkhanda Qureshi,,2024,GS4,0,Forumias,upsckata,27,https://forumias.com/blog/wp-content/uploads/2025/04/FARKHANDA-QURESHI-UPSC-2024-Rank-67-MGP-Sample-Copy-3.pdf
2871,Fatima,62,2017,Optional — Sociology,1,VisionIAS,submission,0,https://cdn.visionias.in/toppersanswerbooklet/18610_938_Fatima_Rank_62.pdf
2872,Fatima,62,2017,Optional — Sociology,1,VisionIAS,submission,0,https://cdn.visionias.in/toppersanswerbooklet/18610_940_Fatima_Rank_62.pdf
2873,Fatima,62,2017,Optional — Sociology,1,VisionIAS,submission,0,https://cdn.visionias.in/toppersanswerbooklet/18610_943_Fatima_Rank_62.pdf
2337,G Sahi Darsini,112,2023,Optional — Anthropology,1,Level Up IAS,submission,0,https://drive.google.com/file/d/1Q6NrBwjBE1tTRO-Hfq6qjioO6afZ0TJK/view
352,G Sanjana,55,2025,GS4,0,Forumias,upsckata,27,https://forumias.com/blog/wp-content/uploads/2026/03/GUDELLI-SRUJANAUPSC-IAS-2025-Toppers-AIR-55-Sample-MGP-Copy-2.pdf
355,G Srujana,,,GS1,0,Vision,upsckata,20,https://cdn.visionias.in/toppersanswerbooklet/0d55d-346699_2363_gudelli_srujana_rank_55.pdf
356,G Srujana,,,GS2,0,Vision,upsckata,21,https://cdn.visionias.in/toppersanswerbooklet/549c6-346699_2368_gudelli_srujana_rank_55.pdf
353,G Srujana,55,2025,GS3,0,Forumias,upsckata,20,https://forumias.com/blog/wp-content/uploads/2026/03/GUDELLI-SRUJANAUPSC-IAS-2025-Toppers-AIR-55-Sample-MGP-Copy-1.pdf
357,G Srujana,,,GS3,0,Vision,upsckata,19,https://cdn.visionias.in/toppersanswerbooklet/96964-346699_2369_gudelli_srujana_rank_55.pdf
354,G Srujana,,,GS4,0,Vision,upsckata,22,https://cdn.visionias.in/toppersanswerbooklet/35119-346699_2370_gudelli_srujana_rank_55.pdf
358,G T Srujana,,,GS4,0,Vision,upsckata,24,https://cdn.visionias.in/toppersanswerbooklet/5d8e4-346699_2366_gudelli_srujana_rank_55.pdf
962,Gamini Singla,,,GS2,0,Vision,upsckata,19,https://drive.google.com/file/d/1_vZz68bpIiLACc8kDlCl4YOH4D-DGWnL/view
964,Gamini Singla,,,GS2,0,Vision,upsckata,19,https://drive.google.com/file/d/1Mn2pLt0g5fgjhUWudO1aYRVjOcowY0Gv/view
963,Gamini Singla,,,GS4,0,Vision,upsckata,20,https://drive.google.com/file/d/1gvYazaJIRhsmCD8C638I1ajVGqObgYZQ/view
965,Gamini Singla,,,GS4,0,Vision,upsckata,20,https://drive.google.com/file/d/1JYIjRo1NFCnsPPoxcE6fWuzQVE-RTbHA/view
966,Gamini Singla,,,GS4,0,Vision,upsckata,165,https://drive.google.com/file/d/1rk_SdHGYcF5tmy2lgqFvKalQLv6UKTaK/view
1123,Gargee Londhe,939,2024,Essay,0,Sleepy Classes,link,0,https://sleepyclasses.com/wp-content/uploads/2025/06/Gargee-Londhe-Essay-1.pdf
1124,Gargee Londhe,939,2024,Essay,0,Sleepy Classes,link,0,https://sleepyclasses.com/wp-content/uploads/2025/06/Gargee-Londhe-Essay-2.pdf
1125,Gargee Londhe,939,2024,Essay,0,Sleepy Classes,link,0,https://sleepyclasses.com/wp-content/uploads/2025/06/Gargee-Londhe-Essay-3.pdf
1126,Gargee Londhe,939,2024,Essay,0,Sleepy Classes,link,0,https://sleepyclasses.com/wp-content/uploads/2025/06/Gargee-Londhe-Thesis-3.pdf
2924,Gargi Jain,45,2014,Optional — Philosophy,1,VisionIAS,submission,0,https://cdn.visionias.in/toppersanswerbooklet/18036-gargi-jain_45-2014_philosophy_booklet_1.pdf
2925,Gargi Jain,45,2014,Optional — Philosophy,1,VisionIAS,submission,0,https://cdn.visionias.in/toppersanswerbooklet/bd5a8-gargi-jain_45-2014_philosophy_booklet_2.pdf
2881,Garima Lekhwani,136,2016,Optional — Sociology,1,VisionIAS,submission,0,https://cdn.visionias.in/toppersanswerbooklet/25649_814_Garima_Lekhwani_Rank_136.pdf
2882,Garima Lekhwani,136,2016,Optional — Sociology,1,VisionIAS,submission,0,https://cdn.visionias.in/toppersanswerbooklet/25649_815_Garima_Lekhwani_Rank_136.pdf
2883,Garima Lekhwani,136,2016,Optional — Sociology,1,VisionIAS,submission,0,https://cdn.visionias.in/toppersanswerbooklet/25649_816_Garima_Lekhwani_Rank_136.pdf
2884,Garima Lekhwani,136,2016,Optional — Sociology,1,VisionIAS,submission,0,https://cdn.visionias.in/toppersanswerbooklet/25649_817_Garima_Lekhwani_Rank_136.pdf
2885,Garima Lekhwani,136,2016,Optional — Sociology,1,VisionIAS,submission,0,https://cdn.visionias.in/toppersanswerbooklet/25649_821_Garima_Lekhwani_Rank_136.pdf
967,Garima Lohia,,,GS4,0,Forumias,upsckata,8,https://drive.google.com/file/d/1WfVCmP3K4kfuFPL7dDKVAuurK3buL8I4/view
968,Garima Lohia,,,GS4,0,Forumias,upsckata,24,https://drive.google.com/file/d/1_kAWpxWTECh9gQbjH3BJHun-No1TTx7G/view
361,Garima Singh,,,Essay,0,Visionias,upsckata,2,https://cdn.visionias.in/toppersanswerbooklet/72e59-1505668_4514_garima_singh_rank_92.pdf
1668,Garima Singh,92,2025,Essay,0,VisionIAS,link,0,https://cdn.visionias.in/toppersanswerbooklet/72e59-1505668_4514_garima_singh_rank_92.pdf
360,Garima Singh,92,2025,GS3,0,Forumias,upsckata,3,https://forumias.com/blog/wp-content/uploads/2026/03/GARIMA-SINGHUPSC-IAS-2025-Toppers-AIR-92-Sample-MGP-Copy-2.pdf
359,Garima Singh,92,2025,GS4,0,Forumias,upsckata,12,https://forumias.com/blog/wp-content/uploads/2026/03/GARIMA-SINGHUPSC-IAS-2025-Toppers-AIR-92-Sample-MGP-Copy-1.pdf
1777,Garv Garg,192,2025,Essay,0,VisionIAS,link,0,https://cdn.visionias.in/toppersanswerbooklet/a805d-1344595_2488_garv-garg_rank_192.pdf
362,Garv Garg,192,2025,GS2,0,Forumias,upsckata,20,https://forumias.com/blog/wp-content/uploads/2026/03/GARV-GARG-UPSC-IAS-2025-Toppers-AIR-192-Sample-MGP-Copy-1.pdf
363,Garv Garg,192,2025,GS2,0,Forumias,upsckata,23,https://forumias.com/blog/wp-content/uploads/2026/03/GARV-GARG-UPSC-IAS-2025-Toppers-AIR-192-Sample-MGP-Copy-2.pdf
1774,Garv Garg,192,2025,GS2,0,VisionIAS,link,0,https://cdn.visionias.in/toppersanswerbooklet/143d8-1344595_2423_garv-garg_rank_192.pdf
1775,Garv Garg,192,2025,GS3,0,VisionIAS,link,0,https://cdn.visionias.in/toppersanswerbooklet/9b7fd-1344595_2424_garv-garg_rank_192.pdf
364,Garv Garg,192,2025,GS4,0,Forumias,upsckata,23,https://forumias.com/blog/wp-content/uploads/2026/03/GARV-GARG-UPSC-IAS-2025-Toppers-AIR-192-Sample-MGP-Copy-3.pdf
365,Garv Garg,192,2025,GS4,0,Forumias,upsckata,26,https://forumias.com/blog/wp-content/uploads/2026/03/GARV-GARG-UPSC-IAS-2025-Toppers-AIR-192-Sample-MGP-Copy-4.pdf
1776,Garv Garg,192,2025,GS4,0,VisionIAS,link,0,https://cdn.visionias.in/toppersanswerbooklet/968d3-1344595_2425_garv-garg_rank_192.pdf
366,Gaurav Chopra,83,2025,Essay,0,Forumias,upsckata,2,https://forumias.com/blog/wp-content/uploads/2026/03/GAURAV-CHOPRAUPSC-IAS-2025-Toppers-AIR-83-Sample-ESSAY-Copy-1.pdf
369,Gaurav Chopra,,2025,GS1,0,Forumias,upsckata,20,https://forumias.com/blog/wp-content/uploads/2026/03/GAURAV-CHOPRAUPSC-IAS-2025-Toppers-AIR-83Sample-MGP-Copy-3.pdf
370,Gaurav Chopra,,2025,GS2,0,Forumias,upsckata,21,https://forumias.com/blog/wp-content/uploads/2026/03/GAURAV-CHOPRAUPSC-IAS-2025-Toppers-AIR-83Sample-MGP-Copy-4.pdf
367,Gaurav Chopra,,2025,GS3,0,Forumias,upsckata,20,https://forumias.com/blog/wp-content/uploads/2026/03/GAURAV-CHOPRAUPSC-IAS-2025-Toppers-AIR-83Sample-MGP-Copy-1-1.pdf
368,Gaurav Chopra,,2025,GS4,0,Forumias,upsckata,21,https://forumias.com/blog/wp-content/uploads/2026/03/GAURAV-CHOPRAUPSC-IAS-2025-Toppers-AIR-83Sample-MGP-Copy-2.pdf
371,Gaurav Kumar,,,Essay,0,Forumias,upsckata,4,https://forumias.com/blog/wp-content/uploads/2026/03/GAURAV-KUMAR-UPSC_IAS_2025_Toppers_AIR_377_Sample_ESSAY_1.pdf
373,Gaurav Kumar,,,GS2,0,Forumias,upsckata,23,https://forumias.com/blog/wp-content/uploads/2026/03/GAURAV-KUMARUPSC_IAS_2025_Toppers_AIR_377_Sample_MGP-_3.pdf
374,Gaurav Kumar,,,GS2,0,Forumias,upsckata,21,https://forumias.com/blog/wp-content/uploads/2026/03/GAURAV-KUMARUPSC_IAS_2025_Toppers_AIR_377_Sample_MGP-_4.pdf
372,Gaurav Kumar,,,GS3,0,Forumias,upsckata,21,https://forumias.com/blog/wp-content/uploads/2026/03/GAURAV-KUMAR-UPSC_IAS_2025_Toppers_AIR_377_Sample_MGP-_2.pdf
2852,Gaurav Kumar,34,2017,Optional — Sociology,1,VisionIAS,submission,0,https://cdn.visionias.in/toppersanswerbooklet/14207_814_Gaurav_Kumar_Rank_34.pdf
2853,Gaurav Kumar,34,2017,Optional — Sociology,1,VisionIAS,submission,0,https://cdn.visionias.in/toppersanswerbooklet/14207_938_Gaurav_Kumar_Rank_34.pdf
2854,Gaurav Kumar,34,2017,Optional — Sociology,1,VisionIAS,submission,0,https://cdn.visionias.in/toppersanswerbooklet/14207_939_Gaurav_Kumar_Rank_34.pdf
2855,Gaurav Kumar,34,2017,Optional — Sociology,1,VisionIAS,submission,0,https://cdn.visionias.in/toppersanswerbooklet/14207_941_Gaurav_Kumar_Rank_34.pdf
375,Gaurav Ojha,204,2025,GS2,0,Forumias,upsckata,20,https://forumias.com/blog/wp-content/uploads/2026/03/GAURAV-OJHA-UPSC-IAS-2025-Toppers-AIR-204-Sample-MGP-Copy-1.pdf
376,Gaurav Ojha,204,2025,GS2,0,Forumias,upsckata,21,https://forumias.com/blog/wp-content/uploads/2026/03/GAURAV-OJHA-UPSC-IAS-2025-Toppers-AIR-204-Sample-MGP-Copy-2.pdf
378,Gaurav Pratap Singh,317,2025,Essay,0,Forumias,upsckata,2,https://forumias.com/blog/wp-content/uploads/2026/03/GAURAV-PRATAP-SINGH-UPSC-IAS-2025-Toppers-AIR-317-Sample-Essay-Copy-1.pdf
377,Gaurav Pratap Singh,317,2025,GS2,0,Forumias,upsckata,20,https://forumias.com/blog/wp-content/uploads/2026/03/GAURAV-PRATAP-SINGH-UPSC-IAS-2025-Toppers-AIR-317-Sample-ATS-Copy-1.pdf
2510,Geetika,22,2025,Optional — Sociology,1,Level Up IAS,submission,0,https://drive.google.com/file/d/1TQvXx4vN6QT-lJbegHb1hWHurZQQ-0gE/view
2511,Geetika,22,2025,Optional — Sociology,1,Level Up IAS,submission,0,https://drive.google.com/file/d/1tHCpBlvvAuVT89j87l7ypi421ifZXpYE/view
380,Geetika Arora,22,2025,GS1,0,Forumias,upsckata,22,https://forumias.com/blog/wp-content/uploads/2026/03/GEETIKA-ARORA-UPSC-IAS-2025-Toppers-AIR-22-Sample-MGP-Copy-1.pdf
379,Geetika Arora,22,2025,GS3,0,Forumias,upsckata,4,https://forumias.com/blog/wp-content/uploads/2026/03/GEETIKA-ARORA-UPSC-IAS-2025-Toppers-AIR-22-Sample-AWFG-Copy-1-1.pdf
2793,Ghazalpreet Kaur,529,2022,Optional — Sociology,1,VisionIAS,submission,0,https://cdn.visionias.in/toppersanswerbooklet/3f8a1-226463_2095_ghazalpreet-kaur-rank-529.pdf
2794,Ghazalpreet Kaur,529,2022,Optional — Sociology,1,VisionIAS,submission,0,https://cdn.visionias.in/toppersanswerbooklet/40e33-226463_2097_ghazalpreet-kaur-rank-529.pdf
969,Goldi Gupta,,,GS4,0,Vision,upsckata,23,https://drive.google.com/file/d/1LuZsW1ElBr-mWbTtSsTLpmokam8xNhhC/view
1113,Gore Akash,500,2024,Essay,0,UnlockIAS,link,0,https://drive.google.com/file/d/1EP4mQRvHVt0zRxe1XvVPEYj5nvL1Kb6a/view
1114,Gore Akash,500,2024,Essay,0,UnlockIAS,link,0,https://drive.google.com/file/d/1bWTOEFJtKt7y7oy4aiIFA5uhp4A81g-P/view
1115,Gore Akash,500,2024,Essay,0,UnlockIAS,link,0,https://drive.google.com/file/d/1P8RburEgQBBAR0vvdnXu_u_7BAN4xH5S/view
1378,Gore Akash,500,2024,GS3,0,UnlockIAS,link,0,https://drive.google.com/file/d/1e_pAS2exTU5X3m6rLgdYLTVO-HMmeaKq/view
1477,Gore Akash,500,2024,GS4,0,UnlockIAS,link,0,https://drive.google.com/file/d/1OOiZLn1ZkWCq6K2jpudDEb7UCGUr946f/view
2341,Gourav Uppal,174,2023,Optional — Anthropology,1,Level Up IAS,submission,0,https://drive.google.com/file/d/1vUvnJ2av0oGZIGFaFc7ayeE9AXL-Q2bw/view
2607,Gowtham Potru,30,2014,Optional — Mathematics,1,IMS4Maths,submission,0,https://ims4maths.com/coaching/files/Gowtham-Potru-Test-5.pdf
2608,Gowtham Potru,30,2014,Optional — Mathematics,1,IMS4Maths,submission,0,https://ims4maths.com/coaching/files/IMS-Test-8-Topmarks-Copy-of-Gowtham-Potru.pdf
1599,Gudelli Srujana,55,2025,GS1,0,VisionIAS,link,0,https://cdn.visionias.in/toppersanswerbooklet/0d55d-346699_2363_gudelli_srujana_rank_55.pdf
1601,Gudelli Srujana,55,2025,GS2,0,VisionIAS,link,0,https://cdn.visionias.in/toppersanswerbooklet/549c6-346699_2368_gudelli_srujana_rank_55.pdf
1602,Gudelli Srujana,55,2025,GS3,0,VisionIAS,link,0,https://cdn.visionias.in/toppersanswerbooklet/96964-346699_2369_gudelli_srujana_rank_55.pdf
1600,Gudelli Srujana,55,2025,GS4,0,VisionIAS,link,0,https://cdn.visionias.in/toppersanswerbooklet/5d8e4-346699_2366_gudelli_srujana_rank_55.pdf
1603,Gudelli Srujana,55,2025,GS4,0,VisionIAS,link,0,https://cdn.visionias.in/toppersanswerbooklet/35119-346699_2370_gudelli_srujana_rank_55.pdf
970,Gunjan Dwivedi,,,GS4,0,Vision,upsckata,21,https://drive.google.com/file/d/1JsxOFPwTYxPm1EP6AduFxeJjzw6WGqMz/view
971,Gunjan Dwivedi,,,GS4,0,Vision,upsckata,21,https://drive.google.com/file/d/1UIfEnYFkUMPl44FjW1RETJuB7KuKqAap/view
1116,Gyanendra Bharti,537,2023,Essay,0,UnlockIAS,link,0,https://drive.google.com/file/d/1DhNihDWGoHa0rgfSrspMPaSqexybL7Co/view
1117,Gyanendra Bharti,537,2023,Essay,0,UnlockIAS,link,0,https://drive.google.com/file/d/1-CEoKJSPWO0a_4xYxCODbRDys6D3WWeg/view
1118,Gyanendra Bharti,537,2023,Essay,0,UnlockIAS,link,0,https://drive.google.com/file/d/1apdgpgn6SSXC28CrVofgoF7NJzsFgUlt/view
1119,Gyanendra Bharti,537,2023,Essay,0,UnlockIAS,link,0,https://drive.google.com/file/d/1wfDdSvLgkdnrznKvNYH2ADd9zKRGL3h8/view
1120,Gyanendra Bharti,537,2023,Essay,0,UnlockIAS,link,0,https://drive.google.com/file/d/1bZ-zCpsS5nR7S6a1TgoWt92sas4uZqHs/view
1121,Gyanendra Bharti,537,2023,Essay,0,UnlockIAS,link,0,https://drive.google.com/file/d/1EwS6q3094uixap30mAnL2AwhObpCaVIK/view
1236,Gyanendra Bharti,537,2023,GS1,0,UnlockIAS,link,0,https://drive.google.com/file/d/1-Wc01EeCbbXkDREOT44XoYvnXXaC-e58/view
1237,Gyanendra Bharti,537,2023,GS1,0,UnlockIAS,link,0,https://drive.google.com/file/d/1w8RWi7z8DDYJzW7z7zvHBBEoriJglrAe/view
1238,Gyanendra Bharti,537,2023,GS1,0,UnlockIAS,link,0,https://drive.google.com/file/d/1fil_Y1hHIyHHAmnv9XPvt4LPQ9nfTRvQ/view
1239,Gyanendra Bharti,537,2023,GS1,0,UnlockIAS,link,0,https://drive.google.com/file/d/1eEdhnXwGnyIFt8JFKp6k1z5YMJQymCcX/view
1240,Gyanendra Bharti,537,2023,GS1,0,UnlockIAS,link,0,https://drive.google.com/file/d/1iIUg8S9yv3xGTmCEYTnyzPSVlgtzMdkk/view
1241,Gyanendra Bharti,537,2023,GS1,0,UnlockIAS,link,0,https://drive.google.com/file/d/1uQFQhImMPwOTMT7aDIONt6w0XmQOIBBr/view
1242,Gyanendra Bharti,537,2023,GS1,0,UnlockIAS,link,0,https://drive.google.com/file/d/13BouZMHgdSjl3kiF6clyrED_rkDYOgus/view
1380,Gyanendra Bharti,537,2023,GS3,0,UnlockIAS,link,0,https://drive.google.com/file/d/19aknS9roY__rCH9gvDhmeVlaGcDZvdCe/view
1479,Gyanendra Bharti,537,2023,GS4,0,UnlockIAS,link,0,https://drive.google.com/file/d/1aQKfHzrAV-X2G3fgBNVn0vPCaW8Xt5T3/view
381,Hardik Garg,,,Essay,0,Vision,upsckata,1,https://cdn.visionias.in/toppersanswerbooklet/cbe89-1271707_2121_hardik_garg_rank_81.pdf
1664,Hardik Garg,81,2025,Essay,0,VisionIAS,link,0,https://cdn.visionias.in/toppersanswerbooklet/cbe89-1271707_2121_hardik_garg_rank_81.pdf
2194,Hardik Garg,181,2024,Essay,0,VisionIAS,link,0,https://cdn.visionias.in/toppersanswerbooklet/0e71e-1271707_2122_hardik_garg_rank_181.pdf
382,Haresh Lodha,261,2025,GS2,0,Forumias,upsckata,21,https://forumias.com/blog/wp-content/uploads/2026/03/HARSH-SANTOSH-LODHAUPSC-IAS-2025-Toppers-AIR-261-Sample-MGP-COPY-3-1.pdf
1122,Harish K,736,2025,Essay,0,Vajiram & Ravi,link,0,https://vajiramias.sgp1.cdn.digitaloceanspaces.com/strapi/HARISH_K_ESSAY_PROGRAMME_TEST_1_AIR_736_9b5e42f0d3.pdf
384,Harsh Lodha,261,2025,GS1,0,Forumias,upsckata,21,https://forumias.com/blog/wp-content/uploads/2026/03/HARSH-SANTOSH-LODHAUPSC-IAS-2025-Toppers-AIR-261-Sample-MGP-COPY-2-1.pdf
383,Harsh Lodha,261,2025,GS3,0,Forumias,upsckata,21,https://forumias.com/blog/wp-content/uploads/2026/03/HARSH-SANTOSH-LODHAUPSC-IAS-2025-Toppers-AIR-261-Sample-MGP-COPY-1-1.pdf
385,Harsh Lodha,261,2025,GS4,0,Forumias,upsckata,23,https://forumias.com/blog/wp-content/uploads/2026/03/HARSH-SANTOSH-LODHAUPSC-IAS-2025-Toppers-AIR-261-Sample-MGP-COPY-4-1.pdf
2787,Harsh Mandlik,310,2022,Optional — Sociology,1,VisionIAS,submission,0,https://cdn.visionias.in/toppersanswerbooklet/944e1-959882_2098_harsh-mandlik_rank-310.pdf
2788,Harsh Mandlik,310,2022,Optional — Sociology,1,VisionIAS,submission,0,https://cdn.visionias.in/toppersanswerbooklet/d85aa-959882_2100_harsh-mandlik_rank-310.pdf
388,Harsh Nehara,,,Essay,0,Vision,upsckata,3,https://cdn.visionias.in/toppersanswerbooklet/6549f-1387488_4514_harsh_nehara_rank_74.pdf
1655,Harsh Nehara,74,2025,Essay,0,VisionIAS,link,0,https://cdn.visionias.in/toppersanswerbooklet/6549f-1387488_4514_harsh_nehara_rank_74.pdf
390,Harsh Nehara,,,GS1,0,Vision,upsckata,20,https://cdn.visionias.in/toppersanswerbooklet/69fcc-1387488_4510_harsh_nehara_rank_74.pdf
1651,Harsh Nehara,74,2025,GS1,0,VisionIAS,link,0,https://cdn.visionias.in/toppersanswerbooklet/69fcc-1387488_4510_harsh_nehara_rank_74.pdf
391,Harsh Nehara,,,GS2,0,Visionias,upsckata,21,https://cdn.visionias.in/toppersanswerbooklet/11fb5-1387488_4511_harsh_nehara_rank_74.pdf
1652,Harsh Nehara,74,2025,GS2,0,VisionIAS,link,0,https://cdn.visionias.in/toppersanswerbooklet/11fb5-1387488_4511_harsh_nehara_rank_74.pdf
387,Harsh Nehara,74,2025,GS3,0,Forumias,upsckata,21,https://forumias.com/blog/wp-content/uploads/2026/03/HARSH-NEHARAUPSC-IAS-2025-Toppers-AIR-74-Sample-MGP-Copy-1.pdf
392,Harsh Nehara,,,GS3,0,Vision,upsckata,20,https://cdn.visionias.in/toppersanswerbooklet/b2292-1387488_4512_harsh_nehara_rank_74.pdf
1653,Harsh Nehara,74,2025,GS3,0,VisionIAS,link,0,https://cdn.visionias.in/toppersanswerbooklet/b2292-1387488_4512_harsh_nehara_rank_74.pdf
386,Harsh Nehara,74,2025,GS4,0,Forumias,upsckata,4,https://forumias.com/blog/wp-content/uploads/2026/03/HARSH-NEHARAUPSC-IAS-2025-Toppers-AIR-74-Sample-AWFG-Copy-1-1.pdf
389,Harsh Nehara,,,GS4,0,Vision,upsckata,24,https://cdn.visionias.in/toppersanswerbooklet/6d76b-1387488_4513_harsh_nehara_rank_74.pdf
1654,Harsh Nehara,74,2025,GS4,0,VisionIAS,link,0,https://cdn.visionias.in/toppersanswerbooklet/6d76b-1387488_4513_harsh_nehara_rank_74.pdf
2318,Harsh Nehara,74,2025,Optional — Anthropology,1,Level Up IAS,submission,0,https://drive.google.com/file/d/1P1RyiQSS1NVpkSzcUQhRpsNIh_Efes9-/view
2319,Harsh Nehara,74,2025,Optional — Anthropology,1,Level Up IAS,submission,0,https://drive.google.com/file/d/1xUc6Bc8lgyGjKLTljo9D02bTfT6OIP_D/view
2320,Harsh Nehara,74,2025,Optional — Anthropology,1,Level Up IAS,submission,0,https://drive.google.com/file/d/1nipWmyFxU1_hsPFXQQQRaZAo6HAhr9Ld/view
2321,Harsh Nehara,74,2025,Optional — Anthropology,1,Level Up IAS,submission,0,https://drive.google.com/file/d/19urocAjBkORcvfyOkYM3m8PDuKzLMTi3/view
2665,Harsh Nehara,74,2025,Optional — Anthropology,1,VisionIAS,submission,0,https://cdn.visionias.in/toppersanswerbooklet/30c0a-1387488_4521_harsh_nehara_rank_74.pdf
2666,Harsh Nehara,74,2025,Optional — Anthropology,1,VisionIAS,submission,0,https://cdn.visionias.in/toppersanswerbooklet/a2bd9-1387488_4522_harsh_nehara_rank_74.pdf
2562,Harsh Patel,392,2023,Optional — Sociology,1,Level Up IAS,submission,0,https://drive.google.com/file/d/1_XXvw-ZU-8kjNduuBeYhdZKRo9pqYxu-/view
393,Harsh S,299,2025,Essay,0,Forumias,upsckata,2,https://forumias.com/blog/wp-content/uploads/2026/03/HARSHDEEP-SAGARUPSC-IAS-2025-Toppers-AIR-299-Sample-ESSAY-COPY-1.pdf
394,Harsh S,299,2025,Essay,0,Forumias,upsckata,3,https://forumias.com/blog/wp-content/uploads/2026/03/HARSHDEEP-SAGARUPSC-IAS-2025-Toppers-AIR-299-Sample-ESSAY-COPY-2.pdf
395,Harsh S,299,2025,GS2,0,Forumias,upsckata,4,https://forumias.com/blog/wp-content/uploads/2026/03/HARSHDEEP-SAGARUPSC-IAS-2025-Toppers-AIR-299-Sample-MGP-COPY-2.pdf
2768,HARSHAL BHAGWAN GHOGARE,308,2023,Optional — Sociology,1,VisionIAS,submission,0,https://cdn.visionias.in/toppersanswerbooklet/4db17-263793_1996_harshal_bhagwan_ghogare_rank_308.pdf
2769,HARSHAL BHAGWAN GHOGARE,308,2023,Optional — Sociology,1,VisionIAS,submission,0,https://cdn.visionias.in/toppersanswerbooklet/b773e-263793_1997_harshal_bhagwan_ghogare_rank_308.pdf
396,Harshdeep Sagar,299,2025,GS1,0,Forumias,upsckata,3,https://forumias.com/blog/wp-content/uploads/2026/03/HARSHDEEP-SAGARUPSC-IAS-2025-Toppers-AIR-299-Sample-MGP-COPY-1.pdf
1149,Harshita Goyal,2,2024,GS1,0,UnlockIAS,link,0,https://drive.google.com/file/d/17cwJoRZKC9hc4uRbjVQk0jKPqzg1M_KK/view
397,Harshvardhan Ashok Tidke,,,GS3,0,Forumias,upsckata,20,https://forumias.com/blog/wp-content/uploads/2026/03/TIDKE-HARSHVARDHAN-ASHOKUPSC_IAS_2025_Toppers_AIR_355_Sample_MGP_COPY_1.pdf
398,Harshvardhan Ashok Tidke,,,GS4,0,Forumias,upsckata,22,https://forumias.com/blog/wp-content/uploads/2026/03/TIDKE-HARSHVARDHAN-ASHOKUPSC_IAS_2025_Toppers_AIR_355_Sample_MGP_COPY_2.pdf
399,Harshvardhan Ashok Tidke,,,GS4,0,Forumias,upsckata,10,https://forumias.com/blog/wp-content/uploads/2026/03/TIDKE-HARSHVARDHAN-ASHOKUPSC_IAS_2025_Toppers_AIR_355_Sample_MGP_COPY_3.pdf
2174,Harsita Agrawal,163,2024,Essay,0,VisionIAS,link,0,https://cdn.visionias.in/toppersanswerbooklet/46ca8-1004873_3128_harsita_agrawal_rank_163.pdf
2175,Harsita Agrawal,163,2024,GS1,0,VisionIAS,link,0,https://cdn.visionias.in/toppersanswerbooklet/3a001-1004873_2928_harsita_agrawal_rank_163.pdf
2176,Harsita Agrawal,163,2024,GS1,0,VisionIAS,link,0,https://cdn.visionias.in/toppersanswerbooklet/2b342-1004873_2929_harsita_agrawal_rank_163.pdf
2177,Harsita Agrawal,163,2024,GS1,0,VisionIAS,link,0,https://cdn.visionias.in/toppersanswerbooklet/24e6d-1004873_2930_harsita_agrawal_rank_163.pdf
2178,Harsita Agrawal,163,2024,GS4,0,VisionIAS,link,0,https://cdn.visionias.in/toppersanswerbooklet/979a7-1004873_2931_harsita_agrawal_rank_163.pdf
2713,Harsita Agrawal,163,2024,Optional — Sociology,1,VisionIAS,submission,0,https://cdn.visionias.in/toppersanswerbooklet/f3194-1004873_2526_harsita_agrawal_rank_163.pdf
2714,Harsita Agrawal,163,2024,Optional — Sociology,1,VisionIAS,submission,0,https://cdn.visionias.in/toppersanswerbooklet/adad1-1004873_2527_harsita_agrawal_rank_163.pdf
2715,Harsita Agrawal,163,2024,Optional — Sociology,1,VisionIAS,submission,0,https://cdn.visionias.in/toppersanswerbooklet/59c6d-1004873_2528_harsita_agrawal_rank_163.pdf
2716,Harsita Agrawal,163,2024,Optional — Sociology,1,VisionIAS,submission,0,https://cdn.visionias.in/toppersanswerbooklet/e1efe-1004873_2529_harsita_agrawal_rank_163.pdf
2717,Harsita Agrawal,163,2024,Optional — Sociology,1,VisionIAS,submission,0,https://cdn.visionias.in/toppersanswerbooklet/cd669-1004873_2530_harsita_agrawal_rank_163.pdf
2718,Harsita Agrawal,163,2024,Optional — Sociology,1,VisionIAS,submission,0,https://cdn.visionias.in/toppersanswerbooklet/9d628-1004873_2531_harsita_agrawal_rank_163.pdf
2719,Harsita Agrawal,163,2024,Optional — Sociology,1,VisionIAS,submission,0,https://cdn.visionias.in/toppersanswerbooklet/c64e0-1004873_3135_harsita_agrawal_rank_163.pdf
2720,Harsita Agrawal,163,2024,Optional — Sociology,1,VisionIAS,submission,0,https://cdn.visionias.in/toppersanswerbooklet/411a4-1004873_3136_harsita_agrawal_rank_163.pdf
400,Hassan Khan,95,2025,Essay,0,Forumias,upsckata,2,https://forumias.com/blog/wp-content/uploads/2026/03/HASSAN-KHAN-UPSC-IAS-2025-Toppers-AIR-95-Sample-ESSAY-Copy-1.pdf
1090,Hassan Khan,95,2025,Essay,0,UnlockIAS,link,0,https://drive.google.com/file/d/17df4RWY1XOUQf8_--SoVYfEfRd1ua9V_/view
1091,Hassan Khan,95,2025,Essay,0,UnlockIAS,link,0,https://drive.google.com/file/d/1heRJHWHZ3puEBKe40W7IT05Jyky3QYo2/view
1205,Hassan Khan,95,2025,GS1,0,UnlockIAS,link,0,https://drive.google.com/file/d/15rGe8X_bhUoIdZu-RBTJlHNJa0Sg10ae/view
1293,Hassan Khan,95,2025,GS2,0,UnlockIAS,link,0,https://drive.google.com/file/d/14GN8UzNrDsv48lVkD0XV9WRLjSxaME5V/view
1355,Hassan Khan,95,2025,GS3,0,UnlockIAS,link,0,https://drive.google.com/file/d/1DlI6Jh-FO3Gd3hJ6nNzC4KkMFZBMGv6F/view
1450,Hassan Khan,95,2025,GS4,0,UnlockIAS,link,0,https://drive.google.com/file/d/13oBaDD3_rJnTDM_C2l4x23ugfA_GJo5K/view
2413,Hassan Khan,95,2025,Optional — History,1,Level Up IAS,submission,0,https://drive.google.com/file/d/15y62qEio8sM2QogavL3YTTMC9g0OXHIM/view
2414,Hassan Khan,95,2025,Optional — History,1,Level Up IAS,submission,0,https://drive.google.com/file/d/1mKArKD4DZzU_gyXYS7EpygVtrooYQpvY/view
2415,Hassan Khan,95,2025,Optional — History,1,Level Up IAS,submission,0,https://drive.google.com/file/d/17qxnQ59JSMuRSc5i7XhJ0vfs_jGKDxyB/view
401,Hassan Khay,95,2025,GS2,0,Forumias,upsckata,20,https://forumias.com/blog/wp-content/uploads/2026/03/HASSAN-KHAN-UPSC-IAS-2025-Toppers-AIR-95-Sample-MGP-Copy-2.pdf
1474,Himanshu Jain,482,2025,GS4,0,Vajiram & Ravi,link,0,https://vajiramias.sgp1.cdn.digitaloceanspaces.com/strapi/HIMANSHU_JAIN_GS_4_PROGRAMME_AIR_482_2025_2110035825.pdf
1785,Hridya S Biju,202,2025,GS1,0,VisionIAS,link,0,https://cdn.visionias.in/toppersanswerbooklet/76dd6-46004680_2702_hridya-s-biju_rank_202.pdf
1786,Hridya S Biju,202,2025,GS2,0,VisionIAS,link,0,https://cdn.visionias.in/toppersanswerbooklet/31296-46004680_2708_hridya-s-biju_rank_202.pdf
402,Hrishikesh Alase,61,2025,GS1,0,Forumias,upsckata,21,https://forumias.com/blog/wp-content/uploads/2026/03/ALASE-HRISHIKESH-RAJENDRA-UPSC-IAS-2025-Toppers-AIR-61-Sample-MGP-Copy-1.pdf
406,Hrishikesh Alase,,,GS1,0,Vision,upsckata,21,https://cdn.visionias.in/toppersanswerbooklet/6770b-874484_2211_alase_hrishikesh_rajendra_rank_61.pdf
403,Hrishikesh Alase,61,2025,GS2,0,Forumias,upsckata,20,https://forumias.com/blog/wp-content/uploads/2026/03/ALASE-HRISHIKESH-RAJENDRA-UPSC-IAS-2025-Toppers-AIR-61-Sample-MGP-Copy-2.pdf
404,Hrishikesh Alase,,,GS2,0,Vision,upsckata,22,https://cdn.visionias.in/toppersanswerbooklet/82e29-874484_1512_alase_hrishikesh_rajendra_rank_61.pdf
407,Hrishikesh Alase,,,GS2,0,Vision,upsckata,20,https://cdn.visionias.in/toppersanswerbooklet/e90f0-874484_2419_alase_hrishikesh_rajendra_rank_61.pdf
408,Hrishikesh Alase,,,GS3,0,Vision,upsckata,20,https://cdn.visionias.in/toppersanswerbooklet/4f9ff-874484_4512_alase_hrishikesh_rajendra_rank_61.pdf
405,Hrishikesh Alase,,,GS4,0,Vision,upsckata,23,https://cdn.visionias.in/toppersanswerbooklet/9f6fc-874484_4513_alase_hrishikesh_rajendra_rank_61.pdf
2313,Hrishikesh Alase,61,2025,Optional — Anthropology,1,Level Up IAS,submission,0,https://drive.google.com/file/d/1163lRr2ntOtSAJ7990qQBiZxtiRmY0Hs/view
2314,Hrishikesh Alase,61,2025,Optional — Anthropology,1,Level Up IAS,submission,0,https://drive.google.com/file/d/1ds1GlDDRlbxilxuMBonJTaN_cIUnLKV7/view
2214,Hritwik Ranjan,195,2024,Essay,0,VisionIAS,link,0,https://cdn.visionias.in/toppersanswerbooklet/49c42-1085424_2576_hritwik_ranjan_rank_195.pdf
2216,Hritwik Ranjan,195,2024,GS1,0,VisionIAS,link,0,https://cdn.visionias.in/toppersanswerbooklet/cc2a2-1085424_2418_hritwik_ranjan_rank_195.pdf
2217,Hritwik Ranjan,195,2024,GS1,0,VisionIAS,link,0,https://cdn.visionias.in/toppersanswerbooklet/a8738-1085424_2365_hritwik_ranjan_rank_195.pdf
2218,Hritwik Ranjan,195,2024,GS1,0,VisionIAS,link,0,https://cdn.visionias.in/toppersanswerbooklet/49924-1085424_2420_hritwik_ranjan_rank_195.pdf
2215,Hritwik Ranjan,195,2024,GS4,0,VisionIAS,link,0,https://cdn.visionias.in/toppersanswerbooklet/4498f-1085424_2366_hritwik_ranjan_rank_195.pdf
2875,Ila Tripathi,51,2016,Optional — Sociology,1,VisionIAS,submission,0,https://cdn.visionias.in/toppersanswerbooklet/13203_814_ILa_Tripathi_Rank_51.pdf
2876,Ila Tripathi,51,2016,Optional — Sociology,1,VisionIAS,submission,0,https://cdn.visionias.in/toppersanswerbooklet/13203_816_ILa_Tripathi_Rank_51.pdf
2877,Ila Tripathi,51,2016,Optional — Sociology,1,VisionIAS,submission,0,https://cdn.visionias.in/toppersanswerbooklet/13203_817_ILa_Tripathi_Rank_51.pdf
2878,Ila Tripathi,51,2016,Optional — Sociology,1,VisionIAS,submission,0,https://cdn.visionias.in/toppersanswerbooklet/13203_818_ILa_Tripathi_Rank_51.pdf
2879,Ila Tripathi,51,2016,Optional — Sociology,1,VisionIAS,submission,0,https://cdn.visionias.in/toppersanswerbooklet/13203_819_ILa_Tripathi_Rank_51.pdf
2880,Ila Tripathi,51,2016,Optional — Sociology,1,VisionIAS,submission,0,https://cdn.visionias.in/toppersanswerbooklet/13203_820_ILa_Tripathi_Rank_51.pdf
1231,Indhuja U S,459,2025,GS1,0,Vajiram & Ravi,link,0,https://vajiramias.sgp1.cdn.digitaloceanspaces.com/strapi/INDHUJA_U_S_SS_GS_1_AIR_459_2025_c7ea5d6a27.pdf
1315,Indhuja U S,459,2025,GS2,0,Vajiram & Ravi,link,0,https://vajiramias.sgp1.cdn.digitaloceanspaces.com/strapi/INDHUJA_U_S_GS_2_AIR_459_2025_b322addf2f.pdf
1373,Indhuja U S,459,2025,GS3,0,Vajiram & Ravi,link,0,https://vajiramias.sgp1.cdn.digitaloceanspaces.com/strapi/INDHUJA_U_S_SS_GS_3_AIR_459_2025_4b1983d2dc.pdf
1249,Indrarchitha P,627,2025,GS1,0,Vajiram & Ravi,link,0,https://vajiramias.sgp1.cdn.digitaloceanspaces.com/strapi/INDRARCHITHA_P_SS_GS_1_AIR_627_1331805227.pdf
409,Ishan Bhatnagar,5,2025,Essay,0,Forumias,upsckata,3,https://forumias.com/blog/wp-content/uploads/2026/03/ISHAN-BHATNAGAR-UPSC-IAS-2025-Toppers-AIR-5-Sample-MGP-Copy-2-1.pdf
412,Ishan Bhatnagar,,,GS3,0,Vision,upsckata,20,https://cdn.visionias.in/toppersanswerbooklet/6c260-46007892_4512_ishan_bhatnagar_rank_05.pdf
1505,Ishan Bhatnagar,5,2025,GS3,0,VisionIAS,link,0,https://cdn.visionias.in/toppersanswerbooklet/6c260-46007892_4512_ishan_bhatnagar_rank_05.pdf
410,Ishan Bhatnagar,,,GS4,0,Forumias,upsckata,20,https://forumias.com/blog/wp-content/uploads/2026/03/Ishan-Bhatnagar-GS-Copy.pdf
411,Ishan Bhatnagar,,,GS4,0,Vision,upsckata,23,https://cdn.visionias.in/toppersanswerbooklet/7e533-46007892_4513_ishan_bhatnagar_rank_05.pdf
1506,Ishan Bhatnagar,5,2025,GS4,0,VisionIAS,link,0,https://cdn.visionias.in/toppersanswerbooklet/7e533-46007892_4513_ishan_bhatnagar_rank_05.pdf
2643,Ishan Bhatnagar,5,2025,Optional — Sociology,1,VisionIAS,submission,0,https://cdn.visionias.in/toppersanswerbooklet/e6f51-46007892_3343_ishan_bhatnagar_rank_05.pdf
2644,Ishan Bhatnagar,5,2025,Optional — Sociology,1,VisionIAS,submission,0,https://cdn.visionias.in/toppersanswerbooklet/3e38c-46007892_4528_ishan_bhatnagar_rank_05.pdf
2645,Ishan Bhatnagar,5,2025,Optional — Sociology,1,VisionIAS,submission,0,https://cdn.visionias.in/toppersanswerbooklet/daed8-46007892_4527_ishan_bhatnagar_rank_05.pdf
413,Ishita Kishore,,,GS1,0,Vision,upsckata,20,https://cdn.visionias.in/toppersanswerbooklet/67770-787456_2217_ishita-kishore_rank-1.pdf
972,Ishita Kishore,,,GS4,0,Forumias,upsckata,23,https://drive.google.com/file/d/1DlSqKltZyIqMD9daH1PFMmVd-hIcGmXe/view
973,Ishita Kishore,,,GS4,0,Vision,upsckata,20,https://drive.google.com/file/d/1kKuAthd7hP2xKfs81ABQ6AVrC-wMqRrj/view
974,Ishita Rathi,,,GS4,0,Forumias,upsckata,25,https://drive.google.com/file/d/1OjeHemfQyvlEKJzcnnFX8_zRDrLdEEsG/view
414,Ishita Sharma,268,2025,Essay,0,Forumias,upsckata,2,https://forumias.com/blog/wp-content/uploads/2026/03/ISHITA-SHARMAUPSC-IAS-2025-Toppers-AIR-268-Sample-ESSAY-COPY-1.pdf
415,Ishita Sharma,268,2025,GS2,0,Forumias,upsckata,13,https://forumias.com/blog/wp-content/uploads/2026/03/ISHITA-SHARMAUPSC-IAS-2025-Toppers-AIR-268-Sample-MGP-COPY-1.pdf
416,Ishita Sharma,268,2025,GS2,0,Forumias,upsckata,10,https://forumias.com/blog/wp-content/uploads/2026/03/ISHITA-SHARMAUPSC-IAS-2025-Toppers-AIR-268-Sample-MGP-COPY-2.pdf
2553,Ishita Sharma,268,2025,Optional — Sociology,1,Level Up IAS,submission,0,https://drive.google.com/file/d/1YXB7Al6EoTMdytCI4fpwM_NIoFHSA5jz/view
2554,Ishita Sharma,268,2025,Optional — Sociology,1,Level Up IAS,submission,0,https://drive.google.com/file/d/1Ii6pyxQ4BetDrg14wZpxyzf5xWNVkMHh/view
2676,Ishita Sharma,268,2025,Optional — Sociology,1,VisionIAS,submission,0,https://cdn.visionias.in/toppersanswerbooklet/8e68b-1227181_2295_ishita_sharmarank_268.pdf
2677,Ishita Sharma,268,2025,Optional — Sociology,1,VisionIAS,submission,0,https://cdn.visionias.in/toppersanswerbooklet/7b522-1227181_2296_ishita_sharmarank_268.pdf
2678,Ishita Sharma,268,2025,Optional — Sociology,1,VisionIAS,submission,0,https://cdn.visionias.in/toppersanswerbooklet/27bd2-1227181_2297_ishita_sharmarank_268.pdf
2679,Ishita Sharma,268,2025,Optional — Sociology,1,VisionIAS,submission,0,https://cdn.visionias.in/toppersanswerbooklet/b4e1d-1227181_2298_ishita_sharmarank_268.pdf
1587,Ishitwa anand,50,2025,Essay,0,VisionIAS,link,0,https://cdn.visionias.in/toppersanswerbooklet/1ba88-45885442_4514_ishitwa_anand_rank_50.pdf
1583,Ishitwa anand,50,2025,GS1,0,VisionIAS,link,0,https://cdn.visionias.in/toppersanswerbooklet/ecad8-45885442_4510_ishitwa_anand_rank_50.pdf
1584,Ishitwa anand,50,2025,GS2,0,VisionIAS,link,0,https://cdn.visionias.in/toppersanswerbooklet/0e149-45885442_4511_ishitwa_anand_rank_50.pdf
1586,Ishitwa anand,50,2025,GS3,0,VisionIAS,link,0,https://cdn.visionias.in/toppersanswerbooklet/e5ef3-45885442_2930_ishitwa_anand_rank_50.pdf
1585,Ishitwa anand,50,2025,GS4,0,VisionIAS,link,0,https://cdn.visionias.in/toppersanswerbooklet/b74e6-45885442_4513_ishitwa_anand_rank_50.pdf
417,Ishitwa Anand,,,Essay,0,Vision,upsckata,4,https://cdn.visionias.in/toppersanswerbooklet/1ba88-45885442_4514_ishitwa_anand_rank_50.pdf
419,Ishitwa Anand,,,GS1,0,Vision,upsckata,21,https://cdn.visionias.in/toppersanswerbooklet/ecad8-45885442_4510_ishitwa_anand_rank_50.pdf
420,Ishitwa Anand,,,GS2,0,Vision,upsckata,24,https://cdn.visionias.in/toppersanswerbooklet/0e149-45885442_4511_ishitwa_anand_rank_50.pdf
421,Ishitwa Anand,,,GS3,0,Vision,upsckata,23,https://cdn.visionias.in/toppersanswerbooklet/e5ef3-45885442_2930_ishitwa_anand_rank_50.pdf
418,Ishitwa Anand,,,GS4,0,Vision,upsckata,24,https://cdn.visionias.in/toppersanswerbooklet/b74e6-45885442_4513_ishitwa_anand_rank_50.pdf
2376,Ishitwa Anand,50,2025,Optional — Geography,1,LotusArise,submission,0,https://drive.google.com/file/d/1wji7NsVB0EgZl3LyBcztafDBi1AuXYas/view
2377,Ishitwa Anand,50,2025,Optional — Geography,1,LotusArise,submission,0,https://drive.google.com/file/d/1GU8_Q1h0u-2RooJZ5XhGPJewcRWq_7B3/view
2378,Ishitwa Anand,50,2025,Optional — Geography,1,LotusArise,submission,0,https://drive.google.com/file/d/1pSoKaWub4_mwekbt9sW6RicM5bHRreb9/view
2248,Ishwar Lal Gurjar,483,2024,Essay,0,VisionIAS,link,0,https://cdn.visionias.in/toppersanswerbooklet/35fbd-1295818_2321_ishwar_lal_gurjar_rank_483.pdf
2241,Ishwar Lal Gurjar,483,2024,GS1,0,VisionIAS,link,0,https://cdn.visionias.in/toppersanswerbooklet/14cfa-1295818_2087_ishwar_lal-gurjar_rank_483.pdf
2242,Ishwar Lal Gurjar,483,2024,GS1,0,VisionIAS,link,0,https://cdn.visionias.in/toppersanswerbooklet/f1bcc-1295818_2363_ishwar_lal-gurjar_rank_483.pdf
2243,Ishwar Lal Gurjar,483,2024,GS1,0,VisionIAS,link,0,https://cdn.visionias.in/toppersanswerbooklet/2aa93-1295818_2364_ishwar_lal-gurjar_rank_483.pdf
2244,Ishwar Lal Gurjar,483,2024,GS1,0,VisionIAS,link,0,https://cdn.visionias.in/toppersanswerbooklet/1b84b-1295818_2367_ishwar_lal-gurjar_rank_483.pdf
2245,Ishwar Lal Gurjar,483,2024,GS1,0,VisionIAS,link,0,https://cdn.visionias.in/toppersanswerbooklet/87a4c-1295818_2368_ishwar_lal-gurjar_rank_483.pdf
2246,Ishwarm Lal Gurjar,483,2024,GS4,0,VisionIAS,link,0,https://cdn.visionias.in/toppersanswerbooklet/c1e58-1295818_2366_ishwar_lal-gurjar_rank_483.pdf
2247,Ishwarm Lal Gurjar,483,2024,GS4,0,VisionIAS,link,0,https://cdn.visionias.in/toppersanswerbooklet/64097-1295818_2421_ishwar_lal-gurjar_rank_483.pdf
977,Jagrati Awasthi,,,GS1,0,Vision,upsckata,20,https://drive.google.com/file/d/1s87s3PyAzJJnwYMP0FSokC6kcn7DnQki/view
1150,Jagrati Awasthi,2,2020,GS1,0,UnlockIAS,link,0,https://drive.google.com/file/d/1PooJLEJNpNIAsksOadNznFmTuw1b9SFX/view
1151,Jagrati Awasthi,2,2020,GS1,0,UnlockIAS,link,0,https://drive.google.com/file/d/1SkYvfiUzO6pKp1AbWpXshAc1dRNAJjhX/view
1152,Jagrati Awasthi,2,2020,GS1,0,UnlockIAS,link,0,https://drive.google.com/file/d/14yaaCLLgMkfKbP6LpSPnxAc_nNahkYsi/view
975,Jagrati Awasthi,,,GS4,0,Vision,upsckata,20,https://drive.google.com/file/d/1M8FmwFdT2UHmk9E9KysRrQPkHtiOgvp2/view
976,Jagrati Awasthi,,,GS4,0,Vision,upsckata,20,https://drive.google.com/file/d/119GgA9NGt8VLvUyhp8n5DJrLiptgAsEy/view
978,Jagrati Awasthi,,,GS4,0,Vision,upsckata,20,https://drive.google.com/file/d/1Gi9XAF9nZRhbnAfBEIDHlju_xo30mWfS/view
979,Jagrati Awasthi,,,GS4,0,Vision,upsckata,22,https://drive.google.com/file/d/1eo2ZyeZiJ9zdMERNwVfIrFAxV0to19_c/view
980,Jagrati Awasthi,,,GS4,0,Vision,upsckata,20,https://drive.google.com/file/d/1OPXCSXMT2KkZ64iIXNLU9rRAOIXgDI1M/view
1401,Jagrati Awasthi,2,2020,GS4,0,UnlockIAS,link,0,https://drive.google.com/file/d/1sWgnMnS3AerEmpCNHkjQ-vBCcttvOIK6/view
2401,Jagrati Awasthi,2,2020,Optional — History,1,UnlockIAS,submission,0,https://drive.google.com/file/d/16dTcezcxqmSrshOWW4iudeZrxm4L8rws/view
2770,JAHNAVI,324,2023,Optional — Sociology,1,VisionIAS,submission,0,https://cdn.visionias.in/toppersanswerbooklet/080c2-288087_1210_jahnavi_rank_324.pdf
2771,JAHNAVI,324,2023,Optional — Sociology,1,VisionIAS,submission,0,https://cdn.visionias.in/toppersanswerbooklet/e3535-288087_1211_jahnavi_rank_324.pdf
2772,JAHNAVI,324,2023,Optional — Sociology,1,VisionIAS,submission,0,https://cdn.visionias.in/toppersanswerbooklet/a0574-288087_1213_jahnavi_rank_324.pdf
422,Japleen Kaur,,,GS2,0,Forumias,upsckata,2,https://forumias.com/blog/wp-content/uploads/2026/04/JAPLEEN-KAURUPSC_IAS_2025_Toppers_AIR_388_Sample_MGP_3.pdf
2525,Jatin Jain,91,2022,Optional — Sociology,1,Level Up IAS,submission,0,https://drive.google.com/file/d/1JGJrjfhNVF4KSp6ITh2f2MvMLkptap09/view
1773,Jatin Kumar,191,2025,Essay,0,VisionIAS,link,0,https://cdn.visionias.in/toppersanswerbooklet/c5cb8-579942_4514_jatin-kumar_rank_191.pdf
1772,Jatin Kumar,191,2025,GS4,0,VisionIAS,link,0,https://cdn.visionias.in/toppersanswerbooklet/0227b-579942_4513_jatin-kumar_rank_191.pdf
425,Jayant Garg,,,Essay,0,Visionias,upsckata,3,https://cdn.visionias.in/toppersanswerbooklet/a41f3-1528536_4514_jayant_garg_rank_64.pdf
1629,Jayant Garg,64,2025,Essay,0,VisionIAS,link,0,https://cdn.visionias.in/toppersanswerbooklet/a41f3-1528536_4514_jayant_garg_rank_64.pdf
427,Jayant Garg,,,GS1,0,Vision,upsckata,21,https://cdn.visionias.in/toppersanswerbooklet/8346a-1528536_4510_jayant_garg_rank_64.pdf
1625,Jayant Garg,64,2025,GS1,0,VisionIAS,link,0,https://cdn.visionias.in/toppersanswerbooklet/8346a-1528536_4510_jayant_garg_rank_64.pdf
428,Jayant Garg,,,GS2,0,Vision,upsckata,20,https://cdn.visionias.in/toppersanswerbooklet/c8e06-1528536_4511_jayant_garg_rank_64.pdf
1626,Jayant Garg,64,2025,GS2,0,VisionIAS,link,0,https://cdn.visionias.in/toppersanswerbooklet/c8e06-1528536_4511_jayant_garg_rank_64.pdf
424,Jayant Garg,,2025,GS3,0,Forumias,upsckata,8,https://forumias.com/blog/wp-content/uploads/2026/03/JAYANT-GARGUPSC-IAS-2025-Toppers-AIR-64Sample-MGP-Copy-1.pdf
429,Jayant Garg,,,GS3,0,Vision,upsckata,20,https://cdn.visionias.in/toppersanswerbooklet/47872-1528536_4512_jayant_garg_rank_64.pdf
1627,Jayant Garg,64,2025,GS3,0,VisionIAS,link,0,https://cdn.visionias.in/toppersanswerbooklet/47872-1528536_4512_jayant_garg_rank_64.pdf
423,Jayant Garg,64,2025,GS4,0,Forumias,upsckata,10,https://forumias.com/blog/wp-content/uploads/2026/03/JAYANT-GARGUPSC-IAS-2025-Toppers-AIR-64-Sample-MGP-Copy-2.pdf
426,Jayant Garg,,,GS4,0,Vision,upsckata,23,https://cdn.visionias.in/toppersanswerbooklet/c3bfe-1528536_4513_jayant_garg_rank_64.pdf
1628,Jayant Garg,64,2025,GS4,0,VisionIAS,link,0,https://cdn.visionias.in/toppersanswerbooklet/c3bfe-1528536_4513_jayant_garg_rank_64.pdf
1971,Jayasimha Reddy Ravula,46,2024,Essay,0,VisionIAS,link,0,https://cdn.visionias.in/toppersanswerbooklet/eb55a-714260_1457_jayasimha_reddy_ravula_rank_46.pdf
1972,Jayasimha Reddy Ravula,46,2024,GS1,0,VisionIAS,link,0,https://cdn.visionias.in/toppersanswerbooklet/943e6-714260_1515_jayasimha_reddy_ravula_rank_46.pdf
1973,Jayasimha Reddy Ravula,46,2024,GS1,0,VisionIAS,link,0,https://cdn.visionias.in/toppersanswerbooklet/0f92d-714260_1514_jayasimha_reddy_ravula_rank_46.pdf
1974,Jayasimha Reddy Ravula,46,2024,GS1,0,VisionIAS,link,0,https://cdn.visionias.in/toppersanswerbooklet/48b9a-714260_1505_jayasimha_reddy_ravula_rank_46.pdf
431,Jeenu Sri Jaswanth Chandra,23,2025,Essay,0,Forumias,upsckata,2,https://forumias.com/blog/wp-content/uploads/2026/03/JEENU-SRI-JASWANTH-CHANDRA-UPSC-IAS-2025-Toppers-AIR-23-Sample-MGP-Copy-2.pdf
430,Jeenu Sri Jaswanth Chandra,23,2025,GS3,0,Forumias,upsckata,20,https://forumias.com/blog/wp-content/uploads/2026/03/JEENU-SRI-JASWANTH-CHANDRA-UPSC-IAS-2025-Toppers-AIR-23-Sample-MGP-Copy-1.pdf
1246,Jeetkumar Namha,606,2025,GS1,0,Vajiram & Ravi,link,0,https://vajiramias.sgp1.cdn.digitaloceanspaces.com/strapi/JEETKUMAR_NAMHA_SS_GS_1_AIR_606_76480112c1.pdf
1324,Jeetkumar Namha,606,2025,GS2,0,Vajiram & Ravi,link,0,https://vajiramias.sgp1.cdn.digitaloceanspaces.com/strapi/JEETKUMAR_NAMHA_SS_GS_2_AIR_606_68f4a0ecf6.pdf
1384,Jeetkumar Namha,606,2025,GS3,0,Vajiram & Ravi,link,0,https://vajiramias.sgp1.cdn.digitaloceanspaces.com/strapi/JEETKUMAR_NAMHA_SS_GS_3_AIR_606_72de74d3d6.pdf
1486,Jeetkumar Namha,606,2025,GS4,0,Vajiram & Ravi,link,0,https://vajiramias.sgp1.cdn.digitaloceanspaces.com/strapi/JEETKUMAR_NAMHA_SS_GS_4_AIR_606_653aaef677.pdf
1108,Jeevesh Shrotriya,446,2025,Essay,0,Vajiram & Ravi,link,0,https://vajiramias.sgp1.cdn.digitaloceanspaces.com/strapi/JEEVESH_SHROTRIYA_ESSAY_RANKER_PROGRAMME_TEST_1_AIR_446_96a0a66531.pdf
1109,Jeevesh Shrotriya,446,2025,Essay,0,Vajiram & Ravi,link,0,https://vajiramias.sgp1.cdn.digitaloceanspaces.com/strapi/JEEVESH_SHROTRIYA_ESSAY_RANKER_PROGRAMME_TEST_2_AIR_446_d5036d2fdb.pdf
1227,Jeevesh Shrotriya,446,2025,GS1,0,Vajiram & Ravi,link,0,https://vajiramias.sgp1.cdn.digitaloceanspaces.com/strapi/JEEVESH_SHROTRIYA_SS_GS_1_PROGRAMME_TEST_2_AIR_446_fe1ca10347.pdf
432,Jitendra,287,2025,GS2,0,Forumias,upsckata,20,https://forumias.com/blog/wp-content/uploads/2026/03/PRAJAPATI-JITENDRA-MOTILALUPSC-IAS-2025-Toppers-AIR-287-Sample-MGP-COPY-1.pdf
433,Jitendra,287,2025,GS2,0,Forumias,upsckata,21,https://forumias.com/blog/wp-content/uploads/2026/03/PRAJAPATI-JITENDRA-MOTILALUPSC-IAS-2025-Toppers-AIR-287-Sample-MGP-COPY-2.pdf
434,Jitendra,287,2025,GS2,0,Forumias,upsckata,22,https://forumias.com/blog/wp-content/uploads/2026/03/PRAJAPATI-JITENDRA-MOTILALUPSC-IAS-2025-Toppers-AIR-287-Sample-MGP-COPY-3.pdf
435,Jitendra,287,2025,GS4,0,Forumias,upsckata,24,https://forumias.com/blog/wp-content/uploads/2026/03/PRAJAPATI-JITENDRA-MOTILALUPSC-IAS-2025-Toppers-AIR-287-Sample-MGP-COPY-4.pdf
2233,Jitendra Kumawat,412,2024,Essay,0,VisionIAS,link,0,https://cdn.visionias.in/toppersanswerbooklet/99748-45943301_3128_jitendra_kumawat_rank_412.pdf
2227,Jitendra Kumawat,412,2024,GS1,0,VisionIAS,link,0,https://cdn.visionias.in/toppersanswerbooklet/d7ad1-45943301_2364_jitendra_kumawat_rank_412.pdf
2228,Jitendra Kumawat,412,2024,GS1,0,VisionIAS,link,0,https://cdn.visionias.in/toppersanswerbooklet/daee7-45943301_2369_jitendra_kumawat_rank_412.pdf
2229,Jitendra Kumawat,412,2024,GS1,0,VisionIAS,link,0,https://cdn.visionias.in/toppersanswerbooklet/35e97-45943301_2928_jitendra_kumawat_rank_412.pdf
2230,Jitendra Kumawat,412,2024,GS1,0,VisionIAS,link,0,https://cdn.visionias.in/toppersanswerbooklet/2bbdd-45943301_2930_jitendra_kumawat_rank_412.pdf
2231,Jitendra Kumawat,412,2024,GS4,0,VisionIAS,link,0,https://cdn.visionias.in/toppersanswerbooklet/1dee9-45943301_2370_jitendra_kumawat_rank_412.pdf
2232,Jitendra Kumawat,412,2024,GS4,0,VisionIAS,link,0,https://cdn.visionias.in/toppersanswerbooklet/a2925-45943301_2931_jitendra_kumawat_rank_412.pdf
1846,Jitendra Prajapati,287,2025,Essay,0,VisionIAS,link,0,https://cdn.visionias.in/toppersanswerbooklet/df772-194679_2488_prajapati-jitendra-motilal_rank_287.pdf
2826,Jubin Mahapatra,46,2020,Optional — Sociology,1,VisionIAS,submission,0,https://cdn.visionias.in/toppersanswerbooklet/81944-966365_1526_jubin-mahapatra_rank_46.pdf
1155,Junaid Ahmad,3,2018,GS1,0,UnlockIAS,link,0,https://drive.google.com/file/d/1p53x_m_q1AThk3EmQHs8B5TQtlOQe37V/view
1156,Junaid Ahmad,3,2018,GS1,0,UnlockIAS,link,0,https://drive.google.com/file/d/1Xdtroc9DPS33t8O1i0lXpD1GMJBVPej9/view
981,Junaid Ahmad,,,GS2,0,Vision,upsckata,18,https://drive.google.com/file/d/1x_aAMk7sbbOR-urPXCcR5I-PheLbtTPp/view
982,Junaid Ahmad,,,GS4,0,Vision,upsckata,19,https://drive.google.com/file/d/1T7v5hfG_Z1HwaaJPMoc2I84tiOgDkKoK/view
440,K N Chandana Jahnavi,50,,GS1,0,Nextias,upsckata,20,https://next-ias-appsquadz.s3.ap-south-1.amazonaws.com/file_library/pdf/original/ee21bf4c91767f03906ea17bc7230b10/84/air-50-k-n-chandana-jahnavi_test-5_gs1.pdf
438,K N Chandana Jahnavi,50,,GS2,0,Nextias,upsckata,20,https://next-ias-appsquadz.s3.ap-south-1.amazonaws.com/file_library/pdf/original/ee21bf4c91767f03906ea17bc7230b10/73/air-50-k-n-chandana-jahnavi_test-6_gs2.pdf
439,K N Chandana Jahnavi,50,,GS2,0,Nextias,upsckata,20,https://next-ias-appsquadz.s3.ap-south-1.amazonaws.com/file_library/pdf/original/ee21bf4c91767f03906ea17bc7230b10/74/air-50-k-n-chandana-jahnavi_test-2_gs2.pdf
437,K N Chandana Jahnavi,50,,GS3,0,Nextias,upsckata,20,https://next-ias-appsquadz.s3.ap-south-1.amazonaws.com/file_library/pdf/original/ee21bf4c91767f03906ea17bc7230b10/70/air-50-k-n-chandana-jahnavi_test-7_gs3.pdf
441,K N Chandana Jahnavi,50,,GS3,0,Nextias,upsckata,22,https://next-ias-appsquadz.s3.ap-south-1.amazonaws.com/file_library/pdf/original/ee21bf4c91767f03906ea17bc7230b10/85/air-50-k-n-chandana-jahnavi_test-3_gs3.pdf
436,K N Chandana Jahnavi,50,,GS4,0,Nextias,upsckata,24,https://next-ias-appsquadz.s3.ap-south-1.amazonaws.com/file_library/pdf/original/ee21bf4c91767f03906ea17bc7230b10/52/air-50-k-n-chandana-jahnavi_test-8_gs4.pdf
2744,K N CHANDANA JAHNAVI,50,2023,Optional — Sociology,1,VisionIAS,submission,0,https://cdn.visionias.in/toppersanswerbooklet/25cb2-719172_1526_k_n_chandana_jahnavi_rank_50.pdf
2745,K N CHANDANA JAHNAVI,50,2023,Optional — Sociology,1,VisionIAS,submission,0,https://cdn.visionias.in/toppersanswerbooklet/ce91b-719172_1527_k_n_chandana_jahnavi_rank_50.pdf
2746,K N CHANDANA JAHNAVI,50,2023,Optional — Sociology,1,VisionIAS,submission,0,https://cdn.visionias.in/toppersanswerbooklet/b8e95-719172_1528_k_n_chandana_jahnavi_rank_50.pdf
2747,K N CHANDANA JAHNAVI,50,2023,Optional — Sociology,1,VisionIAS,submission,0,https://cdn.visionias.in/toppersanswerbooklet/384f0-719172_1529_k_n_chandana_jahnavi_rank_50.pdf
983,K Varun Reddy,,,GS4,0,Forumias,upsckata,20,https://drive.google.com/file/d/1-GE-Fqhsm6JzOlmIYB62GMKk5p9f5Q6w/view
2421,Kaanchi Singhal,213,2023,Optional — Law,1,De Facto Law,submission,0,https://www.defactolaw.in/_files/ugd/f721f3_2ee81452740840dcade6150406e59b38.pdf
2096,Kabil Bhargava,122,2024,GS1,0,VisionIAS,link,0,https://cdn.visionias.in/toppersanswerbooklet/2f10c-1400317_2071_kabil_bhargava_rank_122.pdf
2097,Kabil Bhargava,122,2024,GS1,0,VisionIAS,link,0,https://cdn.visionias.in/toppersanswerbooklet/cda76-1400317_2082_kabil_bhargava_rank_122.pdf
2098,Kabil Bhargava,122,2024,GS1,0,VisionIAS,link,0,https://cdn.visionias.in/toppersanswerbooklet/b59f3-1400317_2084_kabil_bhargava_rank_122.pdf
2099,Kabil Bhargava,122,2024,GS1,0,VisionIAS,link,0,https://cdn.visionias.in/toppersanswerbooklet/8cb1e-1400317_2083_kabil_bhargava_rank_122.pdf
2095,Kabil Bhargava,122,2024,GS4,0,VisionIAS,link,0,https://cdn.visionias.in/toppersanswerbooklet/e4745-1400317_2070_kabil_bhargava_rank_122.pdf
1226,Kanchan Choudhary,408,2023,GS1,0,UnlockIAS,link,0,https://drive.google.com/file/d/10z1auiW_q8MYus_UoGBnp2ulu3HfEip1/view
442,Kanishak Aggarwal,72,2025,GS1,0,Forumias,upsckata,17,https://forumias.com/blog/wp-content/uploads/2026/03/KANISHAK-AGGARWALUPSC-IAS-2025-Toppers-AIR-72-Sample-MGP-Copy-1.pdf
1193,Kanishak Aggarwal,72,2025,GS1,0,UnlockIAS,link,0,https://drive.google.com/file/d/12LGRPFpUn89y-mZSAd3a8hSDhy2d8z0P/view
443,Kanishak Aggarwal,72,2025,GS3,0,Forumias,upsckata,18,https://forumias.com/blog/wp-content/uploads/2026/03/KANISHAK-AGGARWALUPSC-IAS-2025-Toppers-AIR-72-Sample-MGP-Copy-2.pdf
444,Kanishak Aggarwal,,,GS4,0,Vision,upsckata,19,https://cdn.visionias.in/toppersanswerbooklet/7823e-1178032_1827_kanishak_aggarwal_rank_72.pdf
1645,Kanishak Aggarwal,72,2025,GS4,0,VisionIAS,link,0,https://cdn.visionias.in/toppersanswerbooklet/7823e-1178032_1827_kanishak_aggarwal_rank_72.pdf
1131,Kanishak Kataria,1,2018,GS1,0,UnlockIAS,link,0,https://drive.google.com/file/d/1Sa6OsGbuiucA8F_-K7mu9428pQd3l2HI/view
1132,Kanishak Kataria,1,2018,GS1,0,UnlockIAS,link,0,https://drive.google.com/file/d/1iMo9ki4YLYPQYHs--YJ5cWl7_PebBMEM/view
1133,Kanishak Kataria,1,2018,GS1,0,UnlockIAS,link,0,https://drive.google.com/file/d/1typP8NGko0NhdtZTWPbByI5Gfxhtp7yS/view
1134,Kanishak Kataria,1,2018,GS1,0,UnlockIAS,link,0,https://drive.google.com/file/d/1tnakjcpJDo3IbCTko-NVQdyV2juzRz_x/view
984,Kanishak Kataria,,,GS4,0,Vision,upsckata,20,https://drive.google.com/file/d/1MuSc8SHwt0nMa_8oT1R0XD8iLYs_e8c2/view
985,Kanishak Kataria,,,GS4,0,Vision,upsckata,20,https://drive.google.com/file/d/1IvJTHEvwx4kH0xgDN2YUV9gQKfsrh2Vs/view
986,Kanishak Kataria,,,GS4,0,Vision,upsckata,19,https://drive.google.com/file/d/1pSKg1vc39Dxhj-qoFRN57EDAbtd8W1i5/view
987,Kanishak Kataria,,,GS4,0,Vision,upsckata,20,https://drive.google.com/file/d/1OQvw1FeDUvJcbOJnstD5dANWjtAROQ8N/view
988,Kanishak Kataria,,,GS4,0,Vision,upsckata,19,https://drive.google.com/file/d/1xAOKuAvZpj769CBfSITdlVTomJJWISKx/view
989,Kanishak Kataria,,,GS4,0,Vision,upsckata,19,https://drive.google.com/file/d/16biOLB1p2VaIQQF0vnCJs05Hfm1gThUw/view
2587,Kanishak Kataria,1,2018,Optional — Mathematics,1,IMS4Maths,submission,0,https://ims4maths.com/images/KANISHAK%20KATARIA%20TEST%2005.pdf
2588,Kanishak Kataria,1,2018,Optional — Mathematics,1,IMS4Maths,submission,0,https://ims4maths.com/images/KANISHAK%20KATARIA%20TEST%2006.pdf
445,Karan Seth,333,2025,Essay,0,Forumias,upsckata,2,https://forumias.com/blog/wp-content/uploads/2026/03/KARAN-SETHUPSC-IAS-2025-Toppers-AIR-333-Sample-ESSAY-COPY-1.pdf
990,Karishma Nair,,,GS4,0,Vision,upsckata,19,https://drive.google.com/file/d/1rgFE80Oj5EflBKJNG1ABFM6aD0VIL80_/view
991,Karishma Nair,,,GS4,0,Forumias,upsckata,19,https://drive.google.com/file/d/1HxDCRNJN0vN4gmK9qG5lQt89ACBj2NSs/view
992,Karishma Nair,,,GS4,0,Forumias,upsckata,22,https://drive.google.com/file/d/1gVfkspKXARuz7VegWJ3x5vHDep5d0c4v/view
2263,Karmveer Narwadia,795,2024,GS1,0,VisionIAS,link,0,https://cdn.visionias.in/toppersanswerbooklet/53f93-704560_2367_karmveer_narwadia_rank_795.pdf
2264,Karmveer Narwadia,795,2024,GS1,0,VisionIAS,link,0,https://cdn.visionias.in/toppersanswerbooklet/34a4e-704560_2365_karmveer_narwadia_rank_795.pdf
2265,Karmveer Narwadia,795,2024,GS1,0,VisionIAS,link,0,https://cdn.visionias.in/toppersanswerbooklet/80b98-704560_2364_karmveer_narwadia_rank_795.pdf
2266,Karmveer Narwadia,795,2024,GS1,0,VisionIAS,link,0,https://cdn.visionias.in/toppersanswerbooklet/54d08-704560_2363_karmveer_narwadia_rank_795.pdf
2262,Karmveer Narwadia,795,2024,GS4,0,VisionIAS,link,0,https://cdn.visionias.in/toppersanswerbooklet/a19b7-704560_2366_karmveer_narwadia_rank_795.pdf
2589,Karnati Varun Reddy,7,2018,Optional — Mathematics,1,IMS4Maths,submission,0,https://ims4maths.com/images/K.%20Varun%20Reddy%20test%20no-5%20checked%20copy.pdf
2590,Karnati Varun Reddy,7,2018,Optional — Mathematics,1,IMS4Maths,submission,0,https://ims4maths.com/images/k.%20varun%20reddy%20test%2006.pdf
446,Kartik Bachhav,177,2025,GS2,0,Forumias,upsckata,10,https://forumias.com/blog/wp-content/uploads/2026/03/BACHHAV-KARTIK-RAVINDRAUPSC-IAS-2025-Toppers-AIR-177-Sample-MGP-Copy-1.pdf
2779,Kasturi,67,2022,Optional — Sociology,1,VisionIAS,submission,0,https://cdn.visionias.in/toppersanswerbooklet/74010-721089_1530_kasturi_rank-67.pdf
2780,Kasturi,67,2022,Optional — Sociology,1,VisionIAS,submission,0,https://cdn.visionias.in/toppersanswerbooklet/546df-721089_1531_kasturi_rank-67.pdf
993,Keerthi Vasan V,,,GS4,0,Vision,upsckata,23,https://drive.google.com/file/d/1vO5kDkqUbvnMaDgaYckLYaU8-Jwfd5ty/view
447,Ketan Shukla,,2024,GS2,0,Nextias,upsckata,25,https://www.nextias.com/newuploads/Nextias/2025/4/ketan-shukla-gs-mac-2024-1745406701576.pdf
2256,Khetdan Charan,689,2024,Essay,0,VisionIAS,link,0,https://cdn.visionias.in/toppersanswerbooklet/0b2d8-1046611_3128_khetdan_charan_rank_689.pdf
2254,Khetdan Charan,689,2024,GS1,0,VisionIAS,link,0,https://cdn.visionias.in/toppersanswerbooklet/df56c-1046611_2930_khetdan_charan_rank_689.pdf
2255,Khetdan Charan,689,2024,GS1,0,VisionIAS,link,0,https://cdn.visionias.in/toppersanswerbooklet/1fc16-1046611_2929_khetdan_charan_rank_689.pdf
2253,Khetdan Charan,689,2024,GS4,0,VisionIAS,link,0,https://cdn.visionias.in/toppersanswerbooklet/e8b87-1046611_2931_khetdan_charan_rank_689.pdf
448,Khushhali Solanki,61,,GS3,0,Nextias,upsckata,21,https://next-ias-appsquadz.s3.ap-south-1.amazonaws.com/file_library/pdf/original/93393beb2b7e996905ce7ea7f8b78443/36/air-61-khushhali-solanki_test-7_gs3.pdf
2467,Kiran,896,2023,Optional — PSIR,1,Sleepy Classes,submission,0,https://sleepyclasses.com/wp-content/uploads/2024/05/kiran_hlt2.pdf
451,Kiran Kamate,,,Essay,0,Vision,upsckata,1,https://cdn.visionias.in/toppersanswerbooklet/77be7-1012764_3282_kiran_kamate_rank_53.pdf
1593,Kiran Kamate,53,2025,Essay,0,VisionIAS,link,0,https://cdn.visionias.in/toppersanswerbooklet/77be7-1012764_3282_kiran_kamate_rank_53.pdf
1594,Kiran Kamate,53,2025,Essay,0,VisionIAS,link,0,https://cdn.visionias.in/toppersanswerbooklet/33660-1012764_3283_kiran_kamate_rank_53.pdf
453,Kiran Kamate,,,GS1,0,Vision,upsckata,20,https://cdn.visionias.in/toppersanswerbooklet/0de7c-1012764_4510_kiran_kamate_rank_53.pdf
1595,Kiran Kamate,53,2025,GS1,0,VisionIAS,link,0,https://cdn.visionias.in/toppersanswerbooklet/0de7c-1012764_4510_kiran_kamate_rank_53.pdf
449,Kiran Kamate,53,2025,GS2,0,Forumias,upsckata,21,https://forumias.com/blog/wp-content/uploads/2026/03/KIRAN-KAMATE-UPSC-IAS-2025-Toppers-AIR-53-Sample-MGP-Copy-1.pdf
454,Kiran Kamate,,,GS2,0,Vision,upsckata,20,https://cdn.visionias.in/toppersanswerbooklet/cba58-1012764_4511_kiran_kamate_rank_53.pdf
1596,Kiran Kamate,53,2025,GS2,0,VisionIAS,link,0,https://cdn.visionias.in/toppersanswerbooklet/cba58-1012764_4511_kiran_kamate_rank_53.pdf
450,Kiran Kamate,53,2025,GS3,0,Forumias,upsckata,22,https://forumias.com/blog/wp-content/uploads/2026/03/KIRAN-KAMATE-UPSC-IAS-2025-Toppers-AIR-53-Sample-MGP-Copy-2.pdf
455,Kiran Kamate,,,GS3,0,Visionias,upsckata,20,https://cdn.visionias.in/toppersanswerbooklet/17262-1012764_4512_kiran_kamate_rank_53.pdf
1597,Kiran Kamate,53,2025,GS3,0,VisionIAS,link,0,https://cdn.visionias.in/toppersanswerbooklet/17262-1012764_4512_kiran_kamate_rank_53.pdf
452,Kiran Kamate,,,GS4,0,Vision,upsckata,23,https://cdn.visionias.in/toppersanswerbooklet/d7c8d-1012764_4513_kiran_kamate_rank_53.pdf
1598,Kiran Kamate,53,2025,GS4,0,VisionIAS,link,0,https://cdn.visionias.in/toppersanswerbooklet/d7c8d-1012764_4513_kiran_kamate_rank_53.pdf
2655,Kiran Kamate,53,2025,Optional — PSIR,1,VisionIAS,submission,0,https://cdn.visionias.in/toppersanswerbooklet/3e01b-1012764_4517_kiran_kamate_rank_53.pdf
2656,Kiran Kamate,53,2025,Optional — PSIR,1,VisionIAS,submission,0,https://cdn.visionias.in/toppersanswerbooklet/bbe57-1012764_4518_kiran_kamate_rank_53.pdf
2367,Kishlay Jha,44,2024,Optional — Forest Service (IFS),1,Vajiram & Ravi,submission,0,https://vajiramias.sgp1.cdn.digitaloceanspaces.com/strapi/KISHLAY_JHA_UPSC_IFS_2024_AIR_44_SS_GS_2_dc7782101a.pdf
2368,Kishlay Jha,44,2024,Optional — Forest Service (IFS),1,Vajiram & Ravi,submission,0,https://vajiramias.sgp1.cdn.digitaloceanspaces.com/strapi/KISHLAY_JHA_UPSC_IFS_2024_AIR_44_SS_GS_3_dd320e7376.pdf
1882,Komal,6,2024,GS1,0,VisionIAS,link,0,https://cdn.visionias.in/toppersanswerbooklet/b7464-1026090_1839_komal_rank_06.pdf
1883,Komal,6,2024,GS1,0,VisionIAS,link,0,https://cdn.visionias.in/toppersanswerbooklet/d44df-1026090_2090_komal_rank_06.pdf
1884,Komal,6,2024,GS1,0,VisionIAS,link,0,https://cdn.visionias.in/toppersanswerbooklet/853ff-1026090_2086_komal_rank_06.pdf
1885,Komal,6,2024,GS1,0,VisionIAS,link,0,https://cdn.visionias.in/toppersanswerbooklet/851ad-1026090_1840_komal_rank_06.pdf
1886,Komal,6,2024,GS4,0,VisionIAS,link,0,https://cdn.visionias.in/toppersanswerbooklet/a421e-1026090_2421_komal_rank_06.pdf
1887,Komal,6,2024,GS4,0,VisionIAS,link,0,https://cdn.visionias.in/toppersanswerbooklet/6739e-1026090_2088_komal_rank_06.pdf
2596,Komal Patel,,2015,Optional — Mathematics,1,IMS4Maths,submission,0,https://ims4maths.com/Admin/Files/IAS%202015/Komal-Patel-Test-2-Copy.pdf
2597,Komal Patel,,2015,Optional — Mathematics,1,IMS4Maths,submission,0,https://ims4maths.com/Admin/Files/IAS%202015/PATEL-KOMAL-Test-3-Copy.pdf
2598,Komal Patel,,2015,Optional — Mathematics,1,IMS4Maths,submission,0,https://ims4maths.com/Admin/Files/IAS%202015/Komal-Patel-Test-4-Copy.pdf
2599,Komal Patel,,2015,Optional — Mathematics,1,IMS4Maths,submission,0,https://ims4maths.com/Admin/Files/IAS%202015/KOMAL-PATEL-Test-5.pdf
2600,Komal Patel,,2015,Optional — Mathematics,1,IMS4Maths,submission,0,https://ims4maths.com/Admin/Files/IAS%202015/Komal-Patel-Test-6.pdf
2601,Komal Patel,,2015,Optional — Mathematics,1,IMS4Maths,submission,0,https://ims4maths.com/Admin/Files/IAS%202015/Komal-Test-No-7.pdf
2602,Komal Patel,,2015,Optional — Mathematics,1,IMS4Maths,submission,0,https://ims4maths.com/Admin/Files/IAS%202015/Komal-Patel-Test-9-Copy.pdf
2603,Komal Patel,,2015,Optional — Mathematics,1,IMS4Maths,submission,0,https://ims4maths.com/Admin/Files/IAS%202015/Komal-Patel-Test-11.pdf
1066,Komal Punia,6,2024,Essay,0,UnlockIAS,link,0,https://drive.google.com/file/d/1DT74dwlneTmhsaEAjwFpZMc3cnNym5B-/view
456,Komal Punia,,2024,GS1,0,Forumias,upsckata,20,https://forumias.com/blog/wp-content/uploads/2025/04/Komal-Punia-UPSC-2024-Rank-6-MGP-Sample-Copy-2.pdf
457,Komal Punia,,,GS2,0,Nextias,upsckata,15,https://www.nextias.com/newuploads/Nextias/2025/4/gs-mac-test-4-1745406887120.pdf
1273,Komal Punia,6,2024,GS2,0,UnlockIAS,link,0,https://drive.google.com/file/d/1xu2F6g60h8NMfaPWwj-ZF4Qutj8IQa8O/view
1274,Komal Punia,6,2024,GS2,0,UnlockIAS,link,0,https://drive.google.com/file/d/1ZtJ9FRxYvSxX04fcSSDHqhvwll58Rydl/view
1275,Komal Punia,6,2024,GS2,0,UnlockIAS,link,0,https://drive.google.com/file/d/1UJTkpIyvqDVx0sqEGwA0_T9JQ7BLQsEK/view
1276,Komal Punia,6,2024,GS2,0,UnlockIAS,link,0,https://drive.google.com/file/d/1jNOtmI134-cJPTA6iUCNZohlK29MkGul/view
1277,Komal Punia,6,2024,GS2,0,Vajiram & Ravi,link,0,https://vajiramias.sgp1.cdn.digitaloceanspaces.com/strapi/KOMAL_PUNIA_GS_PAPER_GS_2_T_2_AIR_6_4d69efebbc.pdf
1405,Komal Punia,6,2024,GS4,0,UnlockIAS,link,0,https://drive.google.com/file/d/1KMu5xyl5BEYOrq19MDx58IZXSxsK7vLI/view
1406,Komal Punia,6,2024,GS4,0,UnlockIAS,link,0,https://drive.google.com/file/d/1QjNbVL1zlPIRRsAjJL8SiCFb87JWCMTk/view
1407,Komal Punia,6,2024,GS4,0,UnlockIAS,link,0,https://drive.google.com/file/d/1s7jHZFSldvmod2nx0JXxK8DwIOEIUGbt/view
1408,Komal Punia,6,2024,GS4,0,UnlockIAS,link,0,https://drive.google.com/file/d/1CJFfE_F7deszKLcsTss6LyZGcgDLE76V/view
1409,Komal Punia,6,2024,GS4,0,UnlockIAS,link,0,https://drive.google.com/file/d/1LPvEREBPISOMGG-F5agFOlAVwhxMVol_/view
1410,Komal Punia,6,2024,GS4,0,UnlockIAS,link,0,https://drive.google.com/file/d/1sq7sfwrl8PPV-zOutK1gfWg0eervIwa3/view
1411,Komal Punia,6,2024,GS4,0,UnlockIAS,link,0,https://drive.google.com/file/d/1UfoWXZ6FjxLJhX2zBtLxRX18AK2lWv-P/view
1412,Komal Punia,6,2024,GS4,0,Vajiram & Ravi,link,0,https://vajiramias.sgp1.cdn.digitaloceanspaces.com/strapi/KOMAL_PUNIA_GS_PAPER_GS_4_T_4_AIR_6_bf958710b9.pdf
1413,Komal Punia,6,2024,GS4,0,Vajiram & Ravi,link,0,https://vajiramias.sgp1.cdn.digitaloceanspaces.com/strapi/ETHICS_PROGRAME_KOMAL_PUNIA_AIR_6_87255f6f71_ea31cf0b6c.pdf
458,Komal Puria,,,GS2,0,Nextias,upsckata,20,https://www.nextias.com/newuploads/Nextias/2025/4/gs-mac-test-3-1745406770466.pdf
1854,Krishna Goyal,300,2025,Essay,0,VisionIAS,link,0,https://cdn.visionias.in/toppersanswerbooklet/95003-45893392_3281_krishna-goyal_rank_300.pdf
1460,Krishna Goyal,300,2025,GS4,0,Vajiram & Ravi,link,0,https://vajiramias.sgp1.cdn.digitaloceanspaces.com/strapi/KRISHNA_GOYAL_SS_ETHICS_MODULE_GS_4_TEST_2_AIR_300_88c1495c5f.pdf
459,Kritika,312,2025,Essay,0,Forumias,upsckata,3,https://forumias.com/blog/wp-content/uploads/2026/03/KRITIKA-CHAUDHARYUPSC-IAS-2025-Toppers-AIR-312-Sample-ESSAY-COPY-1.pdf
461,Kritika,312,2025,GS1,0,Forumias,upsckata,7,https://forumias.com/blog/wp-content/uploads/2026/03/KRITIKA-CHAUDHARYUPSC-IAS-2025-Toppers-AIR-312-Sample-MGP-COPY-2.pdf
460,Kritika,312,2025,GS3,0,Forumias,upsckata,12,https://forumias.com/blog/wp-content/uploads/2026/03/KRITIKA-CHAUDHARYUPSC-IAS-2025-Toppers-AIR-312-Sample-MGP-COPY-1.pdf
462,Krupa A Jain,190,2025,GS2,0,Forumias,upsckata,20,https://forumias.com/blog/wp-content/uploads/2026/03/KRUPA-A-JAIN-UPSC-IAS-2025-Toppers-AIR-190-Sample-MGP-Copy-1.pdf
463,Krupa A Jain,190,2025,GS2,0,Forumias,upsckata,20,https://forumias.com/blog/wp-content/uploads/2026/03/KRUPA-A-JAIN-UPSC-IAS-2025-Toppers-AIR-190-Sample-MGP-Copy-2.pdf
464,Krupa Ajain,190,2025,GS4,0,Forumias,upsckata,23,https://forumias.com/blog/wp-content/uploads/2026/03/KRUPA-A-JAIN-UPSC-IAS-2025-Toppers-AIR-190-Sample-MGP-Copy-4.pdf
465,Krupa Jain,190,2025,Essay,0,Forumias,upsckata,3,https://forumias.com/blog/wp-content/uploads/2026/03/KRUPA-A-JAIN-UPSC-IAS-2025-Toppers-AIR-190-Sample-ESSAY-Copy-1.pdf
2565,Krupa Jain,440,2023,Optional — Sociology,1,Level Up IAS,submission,0,https://drive.google.com/file/d/1-h1YL1HoWhzZ5eoqinrIlckht5D0ixV6/view
1083,Kshitij Aditya Sharma,58,2024,Essay,0,Vajiram & Ravi,link,0,https://vajiramias.sgp1.cdn.digitaloceanspaces.com/strapi/ESSAY_PROGRAMNE_T_1_KSHITIJ_ADITYA_SHARMA_AIR_58_0643ba10fd.pdf
1190,Kshitij Aditya Sharma,58,2024,GS1,0,Vajiram & Ravi,link,0,https://vajiramias.sgp1.cdn.digitaloceanspaces.com/strapi/KSHITIJ_ADITYA_SHARMA_GS_PAPER_GS_1_T_1_AIR_58_edfac45646.pdf
1984,Kshitij Aditya Sharma,58,2024,GS1,0,VisionIAS,link,0,https://cdn.visionias.in/toppersanswerbooklet/54eea-45933652_2903_kshitij_aditya_sharma_rank_58.pdf
1985,Kshitij Aditya Sharma,58,2024,GS1,0,VisionIAS,link,0,https://cdn.visionias.in/toppersanswerbooklet/5292b-45933652_2905_kshitij_aditya_sharma_rank_58.pdf
1986,Kshitij Aditya Sharma,58,2024,GS1,0,VisionIAS,link,0,https://cdn.visionias.in/toppersanswerbooklet/24655-45933652_2363_kshitij_aditya_sharma_rank_58.pdf
1987,Kshitij Aditya Sharma,58,2024,GS1,0,VisionIAS,link,0,https://cdn.visionias.in/toppersanswerbooklet/be3a4-45933652_2365_kshitij_aditya_sharma_rank_58.pdf
1285,Kshitij Aditya Sharma,58,2024,GS2,0,Vajiram & Ravi,link,0,https://vajiramias.sgp1.cdn.digitaloceanspaces.com/strapi/KSHITIJ_ADITYA_SHARMA_GS_PAPER_GS_2_T_2_AIR_58_5a44780309.pdf
466,Kshitij Aditya Sharma,,2024,GS3,0,Forumias,upsckata,20,https://forumias.com/blog/wp-content/uploads/2025/04/KSHITIJ-ADITYA-SHARMA-UPSC-2024-Rank-58-MGP-Sample-Copy-3.pdf
1983,Kshitij Aditya Sharma,58,2024,GS4,0,VisionIAS,link,0,https://cdn.visionias.in/toppersanswerbooklet/acabe-45933652_2370_kshitij-aditya-sharma_58.pdf
1233,Kumar Shivraj,496,2025,GS1,0,Vajiram & Ravi,link,0,https://vajiramias.sgp1.cdn.digitaloceanspaces.com/strapi/KUMAR_SHIVRAJ_SS_GS_1_AIR_496_2025_ce75226349.pdf
1316,Kumar Shivraj,496,2025,GS2,0,Vajiram & Ravi,link,0,https://vajiramias.sgp1.cdn.digitaloceanspaces.com/strapi/KUMAR_SHIVRAJ_SS_GS_2_AIR_496_2025_227b347dcf.pdf
1377,Kumar Shivraj,496,2025,GS3,0,Vajiram & Ravi,link,0,https://vajiramias.sgp1.cdn.digitaloceanspaces.com/strapi/KUMAR_SHIVRAJ_SS_GS_3_AIR_496_2025_dd14fd0402.pdf
1087,Kumud Mishra,69,2024,Essay,0,UnlockIAS,link,0,https://drive.google.com/file/d/1IDBTFDChUlhRcvIf3VRRHa7-GKdMHyBT/view
1088,Kumud Mishra,69,2024,Essay,0,UnlockIAS,link,0,https://drive.google.com/file/d/1vjuum12EiFNfl_wB2igettuXcyfcjenr/view
1089,Kumud Mishra,69,2024,Essay,0,UnlockIAS,link,0,https://drive.google.com/file/d/14Z5uKEC6YTce840GGfSOG3bK7YSS3ZTU/view
1192,Kumud Mishra,69,2024,GS1,0,UnlockIAS,link,0,https://drive.google.com/file/d/1oZzi_y0WgJdp8X0nj9CEX7pfP2LgWNKB/view
1288,Kumud Mishra,69,2024,GS2,0,UnlockIAS,link,0,https://drive.google.com/file/d/1SgJOIshSqCRczqItS955_5fne1_ujR3d/view
1289,Kumud Mishra,69,2024,GS2,0,UnlockIAS,link,0,https://drive.google.com/file/d/1Q0hjHuY0BT4LcXtuRTr7SAtKu6v-LbdB/view
1353,Kumud Mishra,69,2024,GS3,0,UnlockIAS,link,0,https://drive.google.com/file/d/1bDTS3HQi0HbOsQyUVS7WiqqiN3Dnp7bZ/view
1443,Kumud Mishra,69,2024,GS4,0,UnlockIAS,link,0,https://drive.google.com/file/d/1OdWl30SceHR6xSfcZiKb3bRfAFW-i1HL/view
1444,Kumud Mishra,69,2024,GS4,0,UnlockIAS,link,0,https://drive.google.com/file/d/1ukjKEBFjkJVop3n7TVDhctzjq9j7dy5b/view
468,Kush Motwani,11,,GS1,0,Nextias,upsckata,22,https://next-ias-appsquadz.s3.ap-south-1.amazonaws.com/file_library/pdf/original/93393beb2b7e996905ce7ea7f8b78443/31/air-11-kush-motwani_test-5_gs1.pdf
474,Kush Motwani,11,,GS1,0,Nextias,upsckata,20,https://next-ias-appsquadz.s3.ap-south-1.amazonaws.com/file_library/pdf/original/93393beb2b7e996905ce7ea7f8b78443/61/air-11-kush-motwani_test-1_gs1.pdf
467,Kush Motwani,11,,GS2,0,Nextias,upsckata,20,https://next-ias-appsquadz.s3.ap-south-1.amazonaws.com/file_library/pdf/original/93393beb2b7e996905ce7ea7f8b78443/28/air-11-kush-motwani_test-6_gs2.pdf
471,Kush Motwani,11,,GS2,0,Nextias,upsckata,16,https://next-ias-appsquadz.s3.ap-south-1.amazonaws.com/file_library/pdf/original/93393beb2b7e996905ce7ea7f8b78443/45/air-11-kush-motwani_test-2_gs2.pdf
469,Kush Motwani,11,,GS3,0,Nextias,upsckata,20,https://next-ias-appsquadz.s3.ap-south-1.amazonaws.com/file_library/pdf/original/93393beb2b7e996905ce7ea7f8b78443/34/air-11-kush-motwani_test-7_gs3.pdf
470,Kush Motwani,11,,GS3,0,Nextias,upsckata,18,https://next-ias-appsquadz.s3.ap-south-1.amazonaws.com/file_library/pdf/original/93393beb2b7e996905ce7ea7f8b78443/38/air-11-kush-motwani_test-3_gs3.pdf
472,Kush Motwani,11,,GS4,0,Nextias,upsckata,25,https://next-ias-appsquadz.s3.ap-south-1.amazonaws.com/file_library/pdf/original/93393beb2b7e996905ce7ea7f8b78443/50/air-11-kush-motwani_test-8_gs4.pdf
473,Kush Motwani,11,,GS4,0,Nextias,upsckata,23,https://next-ias-appsquadz.s3.ap-south-1.amazonaws.com/file_library/pdf/original/93393beb2b7e996905ce7ea7f8b78443/59/air-11-kush-motwani_test-4_gs4.pdf
2806,Kushal jain,40,2021,Optional — Sociology,1,VisionIAS,submission,0,https://cdn.visionias.in/toppersanswerbooklet/6d34f-973996_1528_kushal-jain_rank40.pdf
2807,Kushal jain,40,2021,Optional — Sociology,1,VisionIAS,submission,0,https://cdn.visionias.in/toppersanswerbooklet/732f4-973996_1529_kushal-jain_rank40.pdf
2805,Kushal Jain,40,2021,Optional — Sociology,1,VisionIAS,submission,0,https://cdn.visionias.in/toppersanswerbooklet/6ee0b-973996_1526_kushal-jain_rank40.pdf
475,Lakshay Aggarwal,164,2025,Essay,0,Forumias,upsckata,2,https://forumias.com/blog/wp-content/uploads/2026/03/LAKSHAY-AGGARWAL-UPSC-IAS-2025-Toppers-AIR-164-Sample-Essay-Copy-1.pdf
476,Lakshay Aggarwal,164,2025,GS1,0,Forumias,upsckata,20,https://forumias.com/blog/wp-content/uploads/2026/03/LAKSHAY-AGGARWAL-UPSC-IAS-2025-Toppers-AIR-164-Sample-MGP-Copy-1.pdf
477,Lakshay Aggarwal,164,2025,GS2,0,Forumias,upsckata,20,https://forumias.com/blog/wp-content/uploads/2026/03/LAKSHAY-AGGARWAL-UPSC-IAS-2025-Toppers-AIR-164-Sample-MGP-Copy-2.pdf
478,Lakshay Aggarwal,164,2025,GS3,0,Forumias,upsckata,18,https://forumias.com/blog/wp-content/uploads/2026/03/LAKSHAY-AGGARWAL-UPSC-IAS-2025-Toppers-AIR-164-Sample-MGP-Copy-3.pdf
479,Lakshay Aggarwal,164,2025,GS4,0,Forumias,upsckata,22,https://forumias.com/blog/wp-content/uploads/2026/03/LAKSHAY-AGGARWAL-UPSC-IAS-2025-Toppers-AIR-164-Sample-MGP-Copy-4.pdf
480,Lavanya Gaur,,2024,GS2,0,Forumias,upsckata,2,https://forumias.com/blog/wp-content/uploads/2025/04/LAVANYA-GAUR-UPSC-2024-Rank-57-AWFG-Sample-Copy-3.pdf
481,Lavanya Gaur,,2024,GS2,0,Forumias,upsckata,1,https://forumias.com/blog/wp-content/uploads/2025/04/LAVANYA-GAUR-UPSC-2024-Rank-57-AWFG-Sample-Copy.pdf
2518,Lavanya Gaur,57,2024,Optional — Sociology,1,Level Up IAS,submission,0,https://drive.google.com/file/d/1gcDTBPScITYexZU7PC6S7nCIkoGbOlIr/view
1266,Laxman Meena,983,2023,GS1,0,UnlockIAS,link,0,https://drive.google.com/file/d/1BLGzHgmHjmnnx-iZ2LbkW1-r880YqSUE/view
482,Liza Garga,303,2025,Essay,0,Forumias,upsckata,2,https://forumias.com/blog/wp-content/uploads/2026/03/LIZA-GARGA-UPSC-IAS-2025-Toppers-AIR-303-Sample-ESSAY-Copy.pdf
484,Liza Garga,303,2025,GS2,0,Forumias,upsckata,23,https://forumias.com/blog/wp-content/uploads/2026/03/LIZA-GARGA-UPSC-IAS-2025-Toppers-AIR-303-Sample-MGP-COPY-2.pdf
483,Liza Garga,303,2025,GS3,0,Forumias,upsckata,20,https://forumias.com/blog/wp-content/uploads/2026/03/LIZA-GARGA-UPSC-IAS-2025-Toppers-AIR-303-Sample-MGP-COPY-1.pdf
485,Liza Garga,303,2025,GS3,0,Forumias,upsckata,20,https://forumias.com/blog/wp-content/uploads/2026/03/LIZA-GARGA-UPSC-IAS-2025-Toppers-AIR-303-Sample-MGP-COPY-3.pdf
2944,M N Harendhira Prasad,93,2014,Optional — Psychology,1,VisionIAS,submission,0,https://cdn.visionias.in/toppersanswerbooklet/0d6b6-mn-harendhira_93_2014_psychology_booklet_1.pdf
2945,M N Harendhira Prasad,93,2014,Optional — Psychology,1,VisionIAS,submission,0,https://cdn.visionias.in/toppersanswerbooklet/c3fb5-mn-harendhira_93_2014_psychology_booklet_2.pdf
2946,M N Harendhira Prasad,93,2014,Optional — Psychology,1,VisionIAS,submission,0,https://cdn.visionias.in/toppersanswerbooklet/10657-mn-harendhira_93_2014_psychology_booklet_3.pdf
2947,M N Harendhira Prasad,93,2014,Optional — Psychology,1,VisionIAS,submission,0,https://cdn.visionias.in/toppersanswerbooklet/18401-mn-harendhira_93_2014_psychology_booklet_4.pdf
1364,M Venkatesh Prasad Sagar,358,2025,GS3,0,Vajiram & Ravi,link,0,https://vajiramias.sgp1.cdn.digitaloceanspaces.com/strapi/M_VENKATESH_PRASAD_SAGAR_SS_GS_3_AIR_358_709f827964.pdf
1465,M Venkatesh Prasad Sagar,358,2025,GS4,0,Vajiram & Ravi,link,0,https://vajiramias.sgp1.cdn.digitaloceanspaces.com/strapi/M_VENKATESH_PRASAD_SAGAR_SS_GS_4_AIR_358_22ab970e82.pdf
486,Madhav Agarawal,,,GS2,0,Nextias,upsckata,1,https://www.nextias.com/newuploads/Nextias/2025/4/gs-mac-test-2-madhav-agarwal-1745408498015.pdf
1913,Madhav Agarwal,16,2024,Essay,0,VisionIAS,link,0,https://cdn.visionias.in/toppersanswerbooklet/7074d-710846_2488_madhav_agarwal_rank_16.pdf
1910,Madhav Agarwal,16,2024,GS1,0,VisionIAS,link,0,https://cdn.visionias.in/toppersanswerbooklet/6ac20-710846_2422_madhav_agarwal_rank_16.pdf
1911,Madhav Agarwal,16,2024,GS1,0,VisionIAS,link,0,https://cdn.visionias.in/toppersanswerbooklet/525f2-710846_2423_madhav_agarwal_rank_16.pdf
1912,Madhav Agarwal,16,2024,GS1,0,VisionIAS,link,0,https://cdn.visionias.in/toppersanswerbooklet/b8340-710846_2424_madhav_agarwal_rank_16.pdf
487,Madhav Agarwal,,2024,GS2,0,Forumias,upsckata,21,https://forumias.com/blog/wp-content/uploads/2025/04/MADHAV-AGARWAL-UPSC-2024-Rank-16-MGP-Sample-Copy-1.pdf
489,Madhav Agarwal,,,GS2,0,Nextias,upsckata,3,https://www.nextias.com/newuploads/Nextias/2025/4/gs-mac-test-3-madhav-agarwal-1745408513670.pdf
488,Madhav Agarwal,,,GS3,0,Nextias,upsckata,20,https://www.nextias.com/newuploads/Nextias/2025/4/gs-mac-test-1-madhav-agarwal-1745408445806.pdf
1914,Madhav Agarwal,16,2024,GS4,0,VisionIAS,link,0,https://cdn.visionias.in/toppersanswerbooklet/c99ad-710846_2425_madhav_agarwal_rank_16.pdf
1419,Madhav Agrawal,16,2024,GS4,0,UnlockIAS,link,0,https://drive.google.com/file/d/11P4nJ-yWskm_TizPm4m_VO2JE_qsKdhN/view
1420,Madhav Agrawal,16,2024,GS4,0,UnlockIAS,link,0,https://drive.google.com/file/d/1wxUG5ZH2OAly_L3GamiZUTIndmLv5SdA/view
1421,Madhav Agrawal,16,2024,GS4,0,UnlockIAS,link,0,https://drive.google.com/file/d/1x11_KQAJyp7az2QCljMlMZov3GSedO7X/view
1422,Madhav Agrawal,16,2024,GS4,0,UnlockIAS,link,0,https://drive.google.com/file/d/1eEMfLpNW-Pg7skz8VCdb67vPORi2sGuk/view
1423,Madhav Agrawal,16,2024,GS4,0,Vajiram & Ravi,link,0,https://vajiramias.sgp1.cdn.digitaloceanspaces.com/strapi/ETHICS_PROGRAME_MADHAV_AGRAWAL_AIR_16_2ef1dcc929.pdf
1110,Madhavi R,446,2024,Essay,0,UnlockIAS,link,0,https://drive.google.com/file/d/1YtIFiHKSrwbSKdSXp88HDda-EvovWp4j/view
1111,Madhavi R,446,2024,Essay,0,UnlockIAS,link,0,https://drive.google.com/file/d/1U9vfyaB6ao_xsLNAejIO_2tNs3O-WPwq/view
1228,Madhavi R,446,2024,GS1,0,UnlockIAS,link,0,https://drive.google.com/file/d/1QoKPEX_do8Rx3MqwhZkdZHjMKGRiwPNu/view
1229,Madhavi R,446,2024,GS1,0,UnlockIAS,link,0,https://drive.google.com/file/d/1QRBoGWdu4LPnpCT1YairqhrbAF3FaM_y/view
1312,Madhavi R,446,2024,GS2,0,UnlockIAS,link,0,https://drive.google.com/file/d/1KG8Ovgii3VZtMUTf9fTkedEdcW763NG9/view
1313,Madhavi R,446,2024,GS2,0,UnlockIAS,link,0,https://drive.google.com/file/d/1Ki1rOpuwXjOx6ciC9vjZT5Usc3RLemxD/view
1371,Madhavi R,446,2024,GS3,0,UnlockIAS,link,0,https://drive.google.com/file/d/11C797Ltco5OwSaor1H407DDko_UtmFIJ/view
1372,Madhavi R,446,2024,GS3,0,UnlockIAS,link,0,https://drive.google.com/file/d/1Zv61M70A4Z8TjfPYX6izkfVP7q7tILzj/view
1470,Madhavi R,446,2024,GS4,0,UnlockIAS,link,0,https://drive.google.com/file/d/1vq6SuZn3Tenk1nYvKfXX-m6J5naMUKg1/view
1471,Madhavi R,446,2024,GS4,0,UnlockIAS,link,0,https://drive.google.com/file/d/1M7dEDgpRTD2GKDk_zfQKmvIxhv4M6xL8/view
490,Madhvendra Pratap Singh,153,2025,Essay,0,Forumias,upsckata,1,https://forumias.com/blog/wp-content/uploads/2026/03/MADHVENDRA-PRATAP-SINGHUPSC-IAS-2025-Toppers-AIR-153-Sample-Essay-Copy-1.pdf
491,Madhvendra Pratap Singh,153,2025,Essay,0,Forumias,upsckata,3,https://forumias.com/blog/wp-content/uploads/2026/03/MADHVENDRA-PRATAP-SINGHUPSC-IAS-2025-Toppers-AIR-153-Sample-Essay-Copy-2.pdf
492,Madhvendra Pratap Singh,153,2025,GS2,0,Forumias,upsckata,21,https://forumias.com/blog/wp-content/uploads/2026/03/MADHVENDRA-PRATAP-SINGHUPSC-IAS-2025-Toppers-AIR-153-Sample-MGP-Copy-1.pdf
493,Madhvendra Pratap Singh,153,2025,GS2,0,Forumias,upsckata,21,https://forumias.com/blog/wp-content/uploads/2026/03/MADHVENDRA-PRATAP-SINGHUPSC-IAS-2025-Toppers-AIR-153-Sample-MGP-Copy-2.pdf
2823,Maithreyi Naidu,27,2020,Optional — Sociology,1,VisionIAS,submission,0,https://cdn.visionias.in/toppersanswerbooklet/bf12c-163974_938_maithreyi-naidu_rank27.pdf
2824,Maithreyi Naidu,27,2020,Optional — Sociology,1,VisionIAS,submission,0,https://cdn.visionias.in/toppersanswerbooklet/b40d4-163974_939_maithreyi-naidu_rank27.pdf
2825,Maithreyi Naidu,27,2020,Optional — Sociology,1,VisionIAS,submission,0,https://cdn.visionias.in/toppersanswerbooklet/577e0-163974_940_maithreyi-naidu_rank27.pdf
494,Malavika G Nair,,2024,GS4,0,Forumias,upsckata,20,https://forumias.com/blog/wp-content/uploads/2025/04/MALAVIKA-G-NAIR-UPSC-2024-Rank-45-MGP-Sample-Copy-1.pdf
2697,Malavika G Nair,45,2024,Optional — Sociology,1,VisionIAS,submission,0,https://cdn.visionias.in/toppersanswerbooklet/9161c-966415_2527_malavika_g_nair_rank_45.pdf
2698,Malavika G Nair,45,2024,Optional — Sociology,1,VisionIAS,submission,0,https://cdn.visionias.in/toppersanswerbooklet/c6e8f-966415_2526_malavika_g_nair_rank_45.pdf
2699,Malavika G Nair,45,2024,Optional — Sociology,1,VisionIAS,submission,0,https://cdn.visionias.in/toppersanswerbooklet/5f62d-966415_1532_malavika_g_nair_rank_45.pdf
2700,Malavika G Nair,45,2024,Optional — Sociology,1,VisionIAS,submission,0,https://cdn.visionias.in/toppersanswerbooklet/b386d-966415_1528_malavika_g_nair_rank_45.pdf
1251,Mali Jaideep Narayanlal,645,2025,GS1,0,Vajiram & Ravi,link,0,https://vajiramias.sgp1.cdn.digitaloceanspaces.com/strapi/MALI_JAIDEEP_NARAYANLAL_SS_GS_1_AIR_645_2025_9931754689.pdf
1326,Mali Jaideep Narayanlal,645,2025,GS2,0,Vajiram & Ravi,link,0,https://vajiramias.sgp1.cdn.digitaloceanspaces.com/strapi/MALI_JAIDEEP_NARAYANLAL_SS_GS_2_AIR_645_2025_6add1b2aa7.pdf
1386,Mali Jaideep Narayanlal,645,2025,GS3,0,Vajiram & Ravi,link,0,https://vajiramias.sgp1.cdn.digitaloceanspaces.com/strapi/MALI_JAIDEEP_NARAYANLAL_SS_GS_3_AIR_645_2025_1a120791e3.pdf
2290,Mamta Jogi,921,2024,Essay,0,VisionIAS,link,0,https://cdn.visionias.in/toppersanswerbooklet/f2b76-1269555_2574_mamta_jogi_rank_921.pdf
2288,Mamta Jogi,921,2024,GS4,0,VisionIAS,link,0,https://cdn.visionias.in/toppersanswerbooklet/d07f2-1269555_2370_mamta_jogi_rank_921.pdf
2289,Mamta Jogi,921,2024,GS4,0,VisionIAS,link,0,https://cdn.visionias.in/toppersanswerbooklet/139b0-1269555_2366_mamta_jogi_rank_921.pdf
994,Mamta Yadav,,,GS4,0,Vision,upsckata,19,https://drive.google.com/file/d/1G4QrQlXb0iJKqk0V-56rpdEvct1i7lPZ/view
496,Manan Bhat,88,,GS1,0,Nextias,upsckata,21,https://next-ias-appsquadz.s3.ap-south-1.amazonaws.com/file_library/pdf/original/93393beb2b7e996905ce7ea7f8b78443/55/air-88-manan-bhat_test-1_gs1.pdf
495,Manan Bhat,88,,GS3,0,Nextias,upsckata,22,https://next-ias-appsquadz.s3.ap-south-1.amazonaws.com/file_library/pdf/original/93393beb2b7e996905ce7ea7f8b78443/54/air-88-manan-bhat_test-3_gs3.pdf
497,Manan Bhat,88,,GS4,0,Nextias,upsckata,25,https://next-ias-appsquadz.s3.ap-south-1.amazonaws.com/file_library/pdf/original/93393beb2b7e996905ce7ea7f8b78443/64/air-88-manan-bhat_test-4_gs4.pdf
2325,Manan Bhat,88,2023,Optional — Anthropology,1,Level Up IAS,submission,0,https://drive.google.com/file/d/1AsbKTC1f-du0CsdunQqkPsv1IOB26SCC/view
2346,Manan Bhat,231,2022,Optional — Anthropology,1,Level Up IAS,submission,0,https://drive.google.com/file/d/1pD4m6FUHMeYa-oY2DZUYZKz8q9uUMD_p/view
2442,Manav Dhanetiya,514,2025,Optional — Law,1,De Facto Law,submission,0,https://www.defactolaw.in/_files/ugd/9bce74_f0502bd8a290488790944c5eabfac695.pdf
2443,Manav Dhanetiya,514,2025,Optional — Law,1,De Facto Law,submission,0,https://www.defactolaw.in/_files/ugd/9bce74_8769efcba93640c69f7ab1019c4dbf6e.pdf
2444,Manav Dhanetiya,514,2025,Optional — Law,1,De Facto Law,submission,0,https://www.defactolaw.in/_files/ugd/9bce74_e352c3ba9aa74f1dae5aee59adcb7f59.pdf
498,Manika Gupta,,,GS4,0,Vision,upsckata,17,https://cdn.visionias.in/toppersanswerbooklet/072dd-1293391_2070_manika-gupta_rank_127.pdf
1710,Manika Gupta,127,2025,GS4,0,VisionIAS,link,0,https://cdn.visionias.in/toppersanswerbooklet/072dd-1293391_2070_manika-gupta_rank_127.pdf
2184,Mansi Singh,168,2024,Essay,0,VisionIAS,link,0,https://cdn.visionias.in/toppersanswerbooklet/cbae1-709839_3128_mansi_singh_rank_168.pdf
500,Mansi Singh,,,GS1,0,Vision,upsckata,21,https://cdn.visionias.in/toppersanswerbooklet/be13d-709839_2928_mansi-singh_rank_126.pdf
1706,Mansi Singh,127,2025,GS1,0,VisionIAS,link,0,https://cdn.visionias.in/toppersanswerbooklet/be13d-709839_2928_mansi-singh_rank_126.pdf
2185,Mansi Singh,168,2024,GS1,0,VisionIAS,link,0,https://cdn.visionias.in/toppersanswerbooklet/75ead-709839_2928_mans_singh_rank_168.pdf
2186,Mansi Singh,168,2024,GS1,0,VisionIAS,link,0,https://cdn.visionias.in/toppersanswerbooklet/cd983-709839_2367_mans_singh_rank_168.pdf
2187,Mansi Singh,168,2024,GS1,0,VisionIAS,link,0,https://cdn.visionias.in/toppersanswerbooklet/ad53e-709839_2365_mans_singh_rank_168.pdf
501,Mansi Singh,,,GS2,0,Vision,upsckata,4,https://cdn.visionias.in/toppersanswerbooklet/c8cc3-709839_2368_mansi-singh_rank_126.pdf
1707,Mansi Singh,127,2025,GS2,0,VisionIAS,link,0,https://cdn.visionias.in/toppersanswerbooklet/c8cc3-709839_2368_mansi-singh_rank_126.pdf
502,Mansi Singh,,,GS3,0,Vision,upsckata,3,https://cdn.visionias.in/toppersanswerbooklet/368b1-709839_2369_mansi-singh_rank_126.pdf
1708,Mansi Singh,127,2025,GS3,0,VisionIAS,link,0,https://cdn.visionias.in/toppersanswerbooklet/368b1-709839_2369_mansi-singh_rank_126.pdf
499,Mansi Singh,,,GS4,0,Vision,upsckata,3,https://cdn.visionias.in/toppersanswerbooklet/256a9-709839_2359_mansi-singh_rank_126.pdf
1709,Mansi Singh,127,2025,GS4,0,VisionIAS,link,0,https://cdn.visionias.in/toppersanswerbooklet/256a9-709839_2359_mansi-singh_rank_126.pdf
2188,Mansi Singh,168,2024,GS4,0,VisionIAS,link,0,https://cdn.visionias.in/toppersanswerbooklet/b2862-709839_2931_mansi_singh_rank_168.pdf
2338,Mansi Singh,126,2025,Optional — Anthropology,1,Level Up IAS,submission,0,https://drive.google.com/file/d/1Vdipq13q0Eyn2wP92gqeTjsaSBfZ5gjI/view
995,Manuj Jindal,,,GS4,0,Lukmaan,upsckata,18,https://drive.google.com/file/d/1dEG7GqYHNOEn-VnmyjA9wYH3uxRQfMYU/view
996,Manuj Jindal,,,GS4,0,Lukmaanias,upsckata,18,https://drive.google.com/file/d/1VHiF2fmY0JWr-aR1iK5U4eQ3RQwwB9FG/view
503,Maurvie Tiwari,90,2025,Essay,0,Forumias,upsckata,2,https://forumias.com/blog/wp-content/uploads/2026/03/MAURVIE-TIWARIUPSC-IAS-2025-Toppers-AIR-90-Sample-ESSAY-Copy-3.pdf
504,Maurvie Tiwari,90,2025,GS3,0,Forumias,upsckata,11,https://forumias.com/blog/wp-content/uploads/2026/03/MAURVIE-TIWARIUPSC-IAS-2025-Toppers-AIR-90-Sample-MGP-Copy-1.pdf
2183,Mayank khandelwal,167,2024,GS1,0,VisionIAS,link,0,https://cdn.visionias.in/toppersanswerbooklet/f07d8-644696_1429_mayank_khandelwal_rank_167.pdf
505,Mayank Purohit,33,2025,GS3,0,Forumias,upsckata,8,https://forumias.com/blog/wp-content/uploads/2026/03/MAYANK-PUROHIT-UPSC-IAS-2025-Toppers-AIR-33-Sample-MGP-Copy-1.pdf
506,Mayank Purohit,33,2025,GS4,0,Forumias,upsckata,10,https://forumias.com/blog/wp-content/uploads/2026/03/MAYANK-PUROHIT-UPSC-IAS-2025-Toppers-AIR-33-Sample-MGP-Copy-2.pdf
509,Md Ishteyaque Rahman,354,2025,Essay,0,Forumias,upsckata,2,https://forumias.com/blog/wp-content/uploads/2026/03/MD-ISHTEYAQUE-RAHMANUPSC-IAS-2025-Toppers-AIR-354-Sample-MGP-ESSAY-1.pdf
507,Md Ishteyaque Rahman,354,2025,GS2,0,Forumias,upsckata,20,https://forumias.com/blog/wp-content/uploads/2026/03/MD-ISHTEYAQUE-RAHMANUPSC-IAS-2025-Toppers-AIR-354-Sample-MGP-COPY-3.pdf
508,Md Ishteyaque Rahman,354,2025,GS4,0,Forumias,upsckata,22,https://forumias.com/blog/wp-content/uploads/2026/03/MD-ISHTEYAQUE-RAHMANUPSC-IAS-2025-Toppers-AIR-354-Sample-MGP-COPY-4.pdf
2560,MD Tabish Hasan,374,2023,Optional — Sociology,1,Level Up IAS,submission,0,https://drive.google.com/file/d/1T0dl4gXRmcPDL3h3fxh31I5xfy4LMQGu/view
512,Medha Anand,13,,GS1,0,Nextias,upsckata,20,https://next-ias-appsquadz.s3.ap-south-1.amazonaws.com/file_library/pdf/original/ee21bf4c91767f03906ea17bc7230b10/125/air-13-medha-anand_test-1_gs1.pdf
510,Medha Anand,13,,GS2,0,Nextias,upsckata,20,https://next-ias-appsquadz.s3.ap-south-1.amazonaws.com/file_library/pdf/original/ee21bf4c91767f03906ea17bc7230b10/112/air-13-medha-anand_test-2_gs2.pdf
511,Medha Anand,13,,GS3,0,Nextias,upsckata,20,https://next-ias-appsquadz.s3.ap-south-1.amazonaws.com/file_library/pdf/original/ee21bf4c91767f03906ea17bc7230b10/118/air-13-medha-anand_test-3_gs3.pdf
513,Medha Anand,13,,GS4,0,Nextias,upsckata,25,https://next-ias-appsquadz.s3.ap-south-1.amazonaws.com/file_library/pdf/original/ee21bf4c91767f03906ea17bc7230b10/140/air-13-medha-anand_test-4_gs4.pdf
997,Medha Anand,,,GS4,0,Vision,upsckata,28,https://drive.google.com/file/d/1LxMkWLa-o3P4HvZPGVlG7nCvrfZirx8A/view
998,Medha Anand,,,GS4,0,Vision,upsckata,14,https://drive.google.com/file/d/1FqRNFbpRQhftEh2VX36mPGV9bYw2CsOE/view
999,Medha Anand,,,GS4,0,Nextias,upsckata,25,https://drive.google.com/file/d/1iI-6YZ1pVOm7d1ReVWgD1QeQx7ZhAQO5/view
1000,Medha Anand,,,GS4,0,Vision,upsckata,24,https://drive.google.com/file/d/1sWceiFvefDklUGqYHZ4_PSanfuaY-eGM/view
1001,Medha Anand,,,GS4,0,Gsscore,upsckata,24,https://drive.google.com/file/d/1zue7k__aS7G5SHvJv0Q8fJUHh6zEvIwp/view
1002,Medha Anand,,,GS4,0,Forumias,upsckata,12,https://drive.google.com/file/d/1Ftzo8Vrq--XBghcQFhdqnvA4vaFyfH2T/view
1003,Medha Anand,,,GS4,0,Gsscore,upsckata,6,https://drive.google.com/file/d/1vnWBn0O1qLGIDXVbjYyFKqJE297P9FoU/view
514,Meghna Chakravorty,,2024,GS1,0,Forumias,upsckata,1,https://forumias.com/blog/wp-content/uploads/2025/04/MEGHNA-CHAKRAVORTY-UPSC-2024-Rank-79-MGP-Sample-Copy-1.pdf
1004,Mehak Jain,,,GS4,0,Forumias,upsckata,24,https://drive.google.com/file/d/1__qrgi0ECgVgj9igFrZFqblQlhNLkRJ6/view
1005,Mehak Jain,,,GS4,0,Forumias,upsckata,25,https://drive.google.com/file/d/1kba4UeNjft_v5OLZVtG6RZlF1cT20WON/view
1006,Minal Karanwal,,,GS4,0,Vision,upsckata,19,https://drive.google.com/file/d/1PnXSY389QjIFdYww_qBHvyJpb8tYL1UM/view
515,Minal Negi,66,2025,GS4,0,Forumias,upsckata,11,https://forumias.com/blog/wp-content/uploads/2026/03/MINAL-NEGIUPSC-IAS-2025-Toppers-AIR-66-Sample-MGP-Copy-2.pdf
2125,Mohammad Muneeb Bhat,131,2024,Essay,0,VisionIAS,link,0,https://cdn.visionias.in/toppersanswerbooklet/f26b5-325391_1078_mohammad_muneeb_bhat_rank_131.pdf
2126,Mohammad Muneeb Bhat,131,2024,GS1,0,VisionIAS,link,0,https://cdn.visionias.in/toppersanswerbooklet/5985d-325391_1068_mohammad_muneeb_bhat_rank_131.pdf
2127,Mohammad Muneeb Bhat,131,2024,GS1,0,VisionIAS,link,0,https://cdn.visionias.in/toppersanswerbooklet/2eb59-325391_1071_mohammad_muneeb_bhat_rank_131.pdf
2128,Mohammad Muneeb Bhat,131,2024,GS1,0,VisionIAS,link,0,https://cdn.visionias.in/toppersanswerbooklet/0e645-325391_1072_mohammad_muneeb_bhat_rank_131.pdf
516,Mohan Lal,53,,GS2,0,Nextias,upsckata,20,https://next-ias-appsquadz.s3.ap-south-1.amazonaws.com/file_library/pdf/original/ee21bf4c91767f03906ea17bc7230b10/31/air-53-mohan-lal__test-6_gs2.pdf
517,Mohan Lal,53,,GS4,0,Nextias,upsckata,22,https://next-ias-appsquadz.s3.ap-south-1.amazonaws.com/file_library/pdf/original/ee21bf4c91767f03906ea17bc7230b10/35/air-53-mohan-lal__test-4_gs4.pdf
2519,Mohit,58,2025,Optional — Sociology,1,Level Up IAS,submission,0,https://drive.google.com/file/d/1o6_gMDz3iHUlTC1z5r6tfQJvGciigija/view
2520,Mohit,58,2025,Optional — Sociology,1,Level Up IAS,submission,0,https://drive.google.com/file/d/1o2LJY2A267Q0D26C0r6lQoXSEaKndI4G/view
1841,Mohit Aggarwal Nadbaiwalla,281,2025,GS1,0,VisionIAS,link,0,https://cdn.visionias.in/toppersanswerbooklet/8b42d-162127_2928_mohit-aggarwal-nadbaiwalla_rank_281.pdf
1842,Mohit Aggarwal Nadbaiwalla,281,2025,GS2,0,VisionIAS,link,0,https://cdn.visionias.in/toppersanswerbooklet/4c201-162127_4511_mohit-aggarwal-nadbaiwalla_rank_281.pdf
1843,Mohit Aggarwal Nadbaiwalla,281,2025,GS3,0,VisionIAS,link,0,https://cdn.visionias.in/toppersanswerbooklet/c7a30-162127_4512_mohit-aggarwal-nadbaiwalla_rank_281.pdf
518,Mohit Agrawal,281,2025,GS1,0,Forumias,upsckata,20,https://forumias.com/blog/wp-content/uploads/2026/03/Mohit-Aggarwal-NadbaiwallaUPSC-IAS-2025-Toppers-AIR-281-Sample-MGP-Copy-1-1.pdf
519,Mohit Agrawal,281,2025,GS4,0,Forumias,upsckata,25,https://forumias.com/blog/wp-content/uploads/2026/03/Mohit-Aggarwal-NadbaiwallaUPSC-IAS-2025-Toppers-AIR-281-Sample-MGP-Copy-2-1.pdf
520,Monika,16,2025,GS2,0,Forumias,upsckata,9,https://forumias.com/blog/wp-content/uploads/2026/03/MONIKA-SRIVASTAVA-UPSC-IAS-2025-Toppers-AIR-16-Sample-AWFG-Copy-3.pdf
521,Monika,,,GS4,0,Vision,upsckata,19,https://cdn.visionias.in/toppersanswerbooklet/7bb05-115128_2078_monika_srivastava_rank_16.pdf
524,Monika Srivastava,16,2025,Essay,0,Forumias,upsckata,4,https://forumias.com/blog/wp-content/uploads/2026/03/MONIKA-SRIVASTAVA-UPSC-IAS-2025-Toppers-AIR-16-Sample-MGP-Copy-2.pdf
1540,Monika Srivastava,16,2025,Essay,0,VisionIAS,link,0,https://cdn.visionias.in/toppersanswerbooklet/b0416-115128_2439_monika_srivastava_rank_16.pdf
523,Monika Srivastava,16,2025,GS1,0,Forumias,upsckata,21,https://forumias.com/blog/wp-content/uploads/2026/03/MONIKA-SRIVASTAVA-UPSC-IAS-2025-Toppers-AIR-16-Sample-MGP-Copy-2-2.pdf
527,Monika Srivastava,,,GS2,0,Vision,upsckata,20,https://cdn.visionias.in/toppersanswerbooklet/9432b-115128_4511_monika_srivastava_rank_16.pdf
1541,Monika Srivastava,16,2025,GS2,0,VisionIAS,link,0,https://cdn.visionias.in/toppersanswerbooklet/9432b-115128_4511_monika_srivastava_rank_16.pdf
525,Monika Srivastava,16,2025,GS3,0,Forumias,upsckata,20,https://forumias.com/blog/wp-content/uploads/2026/03/MONIKA-SRIVASTAVA-UPSC-IAS-2025-Toppers-AIR-16-Sample-MGP-Copy-3.pdf
528,Monika Srivastava,,,GS3,0,Vision,upsckata,20,https://cdn.visionias.in/toppersanswerbooklet/a40b4-115128_4512_monika_srivastava_rank_16.pdf
1542,Monika Srivastava,16,2025,GS3,0,VisionIAS,link,0,https://cdn.visionias.in/toppersanswerbooklet/a40b4-115128_4512_monika_srivastava_rank_16.pdf
522,Monika Srivastava,16,2025,GS4,0,Forumias,upsckata,22,https://forumias.com/blog/wp-content/uploads/2026/03/MONIKA-SRIVASTAVA-UPSC-IAS-2025-Toppers-AIR-16-Sample-MGP-Copy-1.pdf
526,Monika Srivastava,,,GS4,0,Vision,upsckata,23,https://cdn.visionias.in/toppersanswerbooklet/8c9b1-115128_4513_monika_srivastava_rank_16.pdf
1424,Monika Srivastava,16,2025,GS4,0,UnlockIAS,link,0,https://drive.google.com/file/d/1k_GElc7JTou830kr06iJbF6kTP20OGOx/view
1538,Monika Srivastava,16,2025,GS4,0,VisionIAS,link,0,https://cdn.visionias.in/toppersanswerbooklet/7bb05-115128_2078_monika_srivastava_rank_16.pdf
1539,Monika Srivastava,16,2025,GS4,0,VisionIAS,link,0,https://cdn.visionias.in/toppersanswerbooklet/8c9b1-115128_4513_monika_srivastava_rank_16.pdf
531,Mudit Foujdar,,,GS2,0,Forumias,upsckata,20,https://forumias.com/blog/wp-content/uploads/2026/03/MUDIT_FOUJDARUPSC_IAS_2025_Toppers_AIR_353_Sample_MGP_COPY_3.pdf
529,Mudit Foujdar,,,GS3,0,Forumias,upsckata,22,https://forumias.com/blog/wp-content/uploads/2026/03/MUDIT_FOUJDARUPSC_IAS_2025_Toppers_AIR_353_Sample_MGP_COPY_1.pdf
530,Mudit Foujdar,,,GS4,0,Forumias,upsckata,26,https://forumias.com/blog/wp-content/uploads/2026/03/MUDIT_FOUJDARUPSC_IAS_2025_Toppers_AIR_353_Sample_MGP_COPY_2.pdf
1784,Mudita Agarwal,198,2025,Essay,0,VisionIAS,link,0,https://cdn.visionias.in/toppersanswerbooklet/2dee3-1158344_3284_mudita-agarwal_rank_198.pdf
1780,Mudita Agarwal,198,2025,GS3,0,VisionIAS,link,0,https://cdn.visionias.in/toppersanswerbooklet/3205b-1158344_2930_mudita-agarwal_rank_198.pdf
1781,Mudita Agarwal,198,2025,GS3,0,VisionIAS,link,0,https://cdn.visionias.in/toppersanswerbooklet/9f9eb-1158344_4512_mudita-agarwal_rank_198.pdf
1782,Mudita Agarwal,198,2025,GS4,0,VisionIAS,link,0,https://cdn.visionias.in/toppersanswerbooklet/3e33e-1158344_2425_mudita-agarwal_rank_198.pdf
1783,Mudita Agarwal,198,2025,GS4,0,VisionIAS,link,0,https://cdn.visionias.in/toppersanswerbooklet/0c77f-1158344_2931_mudita-agarwal_rank_198.pdf
532,Mudita Bansal,,2024,GS2,0,Forumias,upsckata,20,https://forumias.com/blog/wp-content/uploads/2025/04/MUDITA-BANSAL-UPSC-2024-Rank-44-MGP-Sample-Copy-3.pdf
2517,Mudita Bansal,44,2024,Optional — Sociology,1,Level Up IAS,submission,0,https://drive.google.com/file/d/1cfVWDSuMbd0zXFmLOyDqcEg_49kSC9ED/view
1007,Mukan Dagar,,,GS4,0,Forumias,upsckata,27,https://drive.google.com/file/d/1k6o2sIPUbuZYe1VQ8jg6GUQSg0C2hELC/view
2541,Mukul Khandelwal,229,2024,Optional — Sociology,1,Sleepy Classes,submission,0,https://sleepyclasses.com/wp-content/uploads/2025/06/MukulKhandelwal_HLT-1.pdf
2542,Mukul Khandelwal,229,2024,Optional — Sociology,1,Sleepy Classes,submission,0,https://sleepyclasses.com/wp-content/uploads/2025/06/Mukul_Khandelwal_HLT2.pdf
2543,Mukul Khandelwal,229,2024,Optional — Sociology,1,Sleepy Classes,submission,0,https://sleepyclasses.com/wp-content/uploads/2025/06/MUKULKHANDELWAL-HLT3.pdf
2544,Mukul Khandelwal,229,2024,Optional — Sociology,1,Sleepy Classes,submission,0,https://sleepyclasses.com/wp-content/uploads/2025/06/Mukul_Khandelwal_Mains-Sectional-Test1.pdf
2545,Mukul Khandelwal,229,2024,Optional — Sociology,1,Sleepy Classes,submission,0,https://sleepyclasses.com/wp-content/uploads/2025/06/MukulKhandelwal-Mains-Sectional-Test-2.pdf
2546,Mukul Khandelwal,229,2024,Optional — Sociology,1,Sleepy Classes,submission,0,https://sleepyclasses.com/wp-content/uploads/2025/06/MukulKhandelwal_Mains-Sectional-Test-3.pdf
2547,Mukul Khandelwal,229,2024,Optional — Sociology,1,Sleepy Classes,submission,0,https://sleepyclasses.com/wp-content/uploads/2025/06/MukulKhandelwal_Mains-Sectional-Test-4.pdf
2548,Mukul Khandelwal,229,2024,Optional — Sociology,1,Sleepy Classes,submission,0,https://sleepyclasses.com/wp-content/uploads/2025/06/MukulKhandelwal_Mains-Sectional-Test-5.pdf
2549,Mukul Khandelwal,229,2024,Optional — Sociology,1,Sleepy Classes,submission,0,https://sleepyclasses.com/wp-content/uploads/2025/06/MukulKhandelwal_Mains-Sectional-Test-6.pdf
2550,Mukul Khandelwal,229,2024,Optional — Sociology,1,Sleepy Classes,submission,0,https://sleepyclasses.com/wp-content/uploads/2025/06/MukulKhandelwal_Mains-Sectional-Test7.pdf
2551,Mukul Khandelwal,229,2024,Optional — Sociology,1,Sleepy Classes,submission,0,https://sleepyclasses.com/wp-content/uploads/2025/06/MukulKhandelwal-Mains-Sectional-Test-8.pdf
2208,Mukund Singh Chahar,191,2024,Essay,0,VisionIAS,link,0,https://cdn.visionias.in/toppersanswerbooklet/af561-371697_1457_mukund_singh_chahar_rank_191.pdf
1008,Muskan Dagar,,,GS4,0,Forumias,upsckata,25,https://drive.google.com/file/d/1AF-GftnbJ8p6MaaOb3uPTID8KlixkCdA/view
533,Muskan Srivastava,,,Essay,0,Nextias,upsckata,1,https://www.nextias.com/newuploads/Nextias/2025/4/essay-test-1-muskan-1745478509875.pdf
1955,Muskan Srivastava,36,2024,Essay,0,VisionIAS,link,0,https://cdn.visionias.in/toppersanswerbooklet/91ba5-1492371_2488_muskan_srivastava_rank_36.pdf
1956,Muskan Srivastava,36,2024,GS1,0,VisionIAS,link,0,https://cdn.visionias.in/toppersanswerbooklet/21062-1492371_2422_muskan_srivastava_rank_36.pdf
1954,Muskan Srivastava,36,2024,GS4,0,VisionIAS,link,0,https://cdn.visionias.in/toppersanswerbooklet/a1cdf-1492371_2425_muskan_srivastava_rank_36.pdf
1957,Muskan_Srivastava,36,2024,GS1,0,VisionIAS,link,0,https://cdn.visionias.in/toppersanswerbooklet/50f90-1492371_2424_muskan_srivastava_rank_36.pdf
1958,Muskan_Srivastava,36,2024,GS1,0,VisionIAS,link,0,https://cdn.visionias.in/toppersanswerbooklet/b1752-1492371_2423_muskan_srivastava_rank_36.pdf
534,Muthuarasi M,225,2025,GS1,0,Forumias,upsckata,19,https://forumias.com/blog/wp-content/uploads/2026/03/MUTHUARASI-M-UPSC-IAS-2025-Toppers-AIR-225-Sample-MGP-1.pdf
535,Muthuarasi M,225,2025,GS2,0,Forumias,upsckata,20,https://forumias.com/blog/wp-content/uploads/2026/03/MUTHUARASI-M-UPSC-IAS-2025-Toppers-AIR-225-Sample-MGP-2.pdf
536,Muthuarasi M,225,2025,GS2,0,Forumias,upsckata,20,https://forumias.com/blog/wp-content/uploads/2026/03/MUTHUARASI-M-UPSC-IAS-2025-Toppers-AIR-225-Sample-MGP-3.pdf
2393,Muthuarasi M,225,2025,Optional — Geography,1,LotusArise,submission,0,https://drive.google.com/file/d/1rP6qBSpYYVzA6uBjbgeyTMOpX8GZcfOS/view
2394,Muthuarasi M,225,2025,Optional — Geography,1,LotusArise,submission,0,https://drive.google.com/file/d/1a8gjcNTJxRAJ5eKrwXXjFLA6io9D1fGz/view
2395,Muthuarasi M,225,2025,Optional — Geography,1,LotusArise,submission,0,https://drive.google.com/file/d/1LtDqhu9LSDlY197Im_Ld0E9dOoYouhI7/view
2396,Muthuarasi M,225,2025,Optional — Geography,1,LotusArise,submission,0,https://drive.google.com/file/d/1DRR0BhxEE3ju-HVsP13NnNajoRLWywUP/view
2072,N Chetana Reddy,110,2024,GS1,0,VisionIAS,link,0,https://cdn.visionias.in/toppersanswerbooklet/33c0a-971773_1811_n_chetana_reddy_rank_110.pdf
2073,N Chetana Reddy,110,2024,GS1,0,VisionIAS,link,0,https://cdn.visionias.in/toppersanswerbooklet/d4b24-971773_1511_n_chetana_reddy_rank_110.pdf
2074,N Chetana Reddy,110,2024,GS1,0,VisionIAS,link,0,https://cdn.visionias.in/toppersanswerbooklet/5d9c8-971773_1513_n_chetana_reddy_rank_110.pdf
2076,N CHETANA REDDY,110,2024,Essay,0,VisionIAS,link,0,https://cdn.visionias.in/toppersanswerbooklet/3fece-971773_1753_n_chetana_reddy_rank_110.pdf
2075,N Chetna Reddy,110,2024,GS4,0,VisionIAS,link,0,https://cdn.visionias.in/toppersanswerbooklet/47f13-971773_1505_n_chetana_reddy_rank_110.pdf
537,Nabiya,29,2025,GS3,0,Forumias,upsckata,21,https://forumias.com/blog/wp-content/uploads/2026/03/NABIYA-PARVEZ-UPSC-IAS-2025-Toppers-AIR-29-Sample-MGP-Copy-1.pdf
538,Nabiya Parvez,29,2025,Essay,0,Forumias,upsckata,4,https://forumias.com/blog/wp-content/uploads/2026/03/NABIYA-PARVEZ-UPSC-IAS-2025-Toppers-AIR-29-Sample-Essay-Copy-1.pdf
2811,Namrata Choubey,73,2021,Optional — Sociology,1,VisionIAS,submission,0,https://cdn.visionias.in/toppersanswerbooklet/b2f76-947033_1526_namrata-choubey_rank_73.pdf
2812,Namrata Choubey,73,2021,Optional — Sociology,1,VisionIAS,submission,0,https://cdn.visionias.in/toppersanswerbooklet/73f46-947033_1527_namrata-choubey_rank_73.pdf
2813,Namrata Choubey,73,2021,Optional — Sociology,1,VisionIAS,submission,0,https://cdn.visionias.in/toppersanswerbooklet/c28f1-947033_1528_namrata-choubey_rank_73.pdf
2814,Namrata Choubey,73,2021,Optional — Sociology,1,VisionIAS,submission,0,https://cdn.visionias.in/toppersanswerbooklet/78a5f-947033_1529_namrata-choubey_rank_73.pdf
539,Nancy Singh,34,2025,GS2,0,Forumias,upsckata,10,https://forumias.com/blog/wp-content/uploads/2026/03/NANCY-SINGH-UPSC-IAS-2025-Toppers-AIR-34-Sample-MGP-Copy-1.pdf
542,Nancy Singh,34,2025,GS2,0,Forumias,upsckata,11,https://forumias.com/blog/wp-content/uploads/2026/03/NANCY-SINGH-UPSC-IAS-2025-Toppers-AIR-34-Sample-MGP-Copy-4.pdf
540,Nancy Singh,34,2025,GS3,0,Forumias,upsckata,11,https://forumias.com/blog/wp-content/uploads/2026/03/NANCY-SINGH-UPSC-IAS-2025-Toppers-AIR-34-Sample-MGP-Copy-2.pdf
541,Nancy Singh,34,2025,GS3,0,Forumias,upsckata,10,https://forumias.com/blog/wp-content/uploads/2026/03/NANCY-SINGH-UPSC-IAS-2025-Toppers-AIR-34-Sample-MGP-Copy-3.pdf
1438,Nandanaa G P,47,2024,GS4,0,UnlockIAS,link,0,https://drive.google.com/file/d/1STVfHaLzxHCxJ_7snluuedZE36Incyqz/view
1439,Nandanaa G P,47,2024,GS4,0,Vajiram & Ravi,link,0,https://vajiramias.sgp1.cdn.digitaloceanspaces.com/strapi/ETHICS_PROGRAME_NANDANAA_G_P_AIR_47_5039f6c4f2.pdf
2914,NARENDRA KUMAR SHAH,86,2015,Optional — Sociology,1,VisionIAS,submission,0,https://cdn.visionias.in/toppersanswerbooklet/86_Narendra%20Kumar%20Shah_5095_647_Sociology.pdf
2915,NARENDRA KUMAR SHAH,86,2015,Optional — Sociology,1,VisionIAS,submission,0,https://cdn.visionias.in/toppersanswerbooklet/86_Narendra%20Kumar%20Shah_5095_648_Sociology.pdf
2583,Narwade V. Karbhari,37,2020,Optional — Mathematics,1,IMS4Maths,submission,0,https://ims4maths.com/wp-content/uploads/2021/10/vinayak-narwade-test-6.pdf
2584,Narwade V. Karbhari,37,2020,Optional — Mathematics,1,IMS4Maths,submission,0,https://ims4maths.com/wp-content/uploads/2021/10/vinayak-narwaele-test-7.pdf
2585,Narwade V. Karbhari,37,2020,Optional — Mathematics,1,IMS4Maths,submission,0,https://ims4maths.com/wp-content/uploads/2021/10/vinayak-narwale-test-8.pdf
2586,Narwade V. Karbhari,37,2020,Optional — Mathematics,1,IMS4Maths,submission,0,https://ims4maths.com/wp-content/uploads/2021/10/vinayak-nanwode.pdf
1079,Natisha Mathur,37,2019,Essay,0,UnlockIAS,link,0,https://drive.google.com/file/d/1zVi-8SnNz7RlOlaE6YEqDBrK2X0Kgszp/view
1179,Natisha Mathur,37,2019,GS1,0,UnlockIAS,link,0,https://drive.google.com/file/d/1qs_MxTEcT0E3zNQRhdmQO_4cLVrL5faR/view
1180,Natisha Mathur,37,2019,GS1,0,UnlockIAS,link,0,https://drive.google.com/file/d/1uMpaeBcfVcLb95BVBSI5YeHmbI00f3m1/view
1181,Natisha Mathur,37,2019,GS1,0,UnlockIAS,link,0,https://drive.google.com/file/d/1lhiZQupUO-826Io8W4oMFpsz_SDLUs1j/view
544,Nausheen,9,,GS1,0,Nextias,upsckata,20,https://next-ias-appsquadz.s3.ap-south-1.amazonaws.com/file_library/pdf/original/93393beb2b7e996905ce7ea7f8b78443/103/air-9-nausheen_test-5_gs1.pdf
545,Nausheen,9,,GS1,0,Nextias,upsckata,22,https://next-ias-appsquadz.s3.ap-south-1.amazonaws.com/file_library/pdf/original/93393beb2b7e996905ce7ea7f8b78443/104/air-9-nausheen_test-1_gs1.pdf
549,Nausheen,9,,GS2,0,Nextias,upsckata,22,https://next-ias-appsquadz.s3.ap-south-1.amazonaws.com/file_library/pdf/original/93393beb2b7e996905ce7ea7f8b78443/97/air-9-nausheen_test-2_gs2.pdf
550,Nausheen,9,,GS2,0,Nextias,upsckata,20,https://next-ias-appsquadz.s3.ap-south-1.amazonaws.com/file_library/pdf/original/93393beb2b7e996905ce7ea7f8b78443/99/air-9-nausheen_test-6_gs2.pdf
546,Nausheen,9,,GS3,0,Nextias,upsckata,20,https://next-ias-appsquadz.s3.ap-south-1.amazonaws.com/file_library/pdf/original/93393beb2b7e996905ce7ea7f8b78443/84/air-9-nausheen_test-7_gs3.pdf
547,Nausheen,9,,GS3,0,Nextias,upsckata,20,https://next-ias-appsquadz.s3.ap-south-1.amazonaws.com/file_library/pdf/original/93393beb2b7e996905ce7ea7f8b78443/92/air-9-nausheen_test-3_gs3.pdf
543,Nausheen,9,,GS4,0,Nextias,upsckata,23,https://next-ias-appsquadz.s3.ap-south-1.amazonaws.com/file_library/pdf/original/93393beb2b7e996905ce7ea7f8b78443/100/air-9-nausheen_test-4_gs4.pdf
548,Nausheen,9,,GS4,0,Nextias,upsckata,24,https://next-ias-appsquadz.s3.ap-south-1.amazonaws.com/file_library/pdf/original/93393beb2b7e996905ce7ea7f8b78443/93/air-9-nausheen_test-8_gs4.pdf
2402,Nausheen,9,2023,Optional — History,1,Level Up IAS,submission,0,https://drive.google.com/file/d/1hqA_J_lnULzcACU00z5QeYOCFOJyp4BV/view
2403,Nausheen,9,2023,Optional — History,1,Level Up IAS,submission,0,https://drive.google.com/file/d/14pPtpI_h2tcAiQjMjvVQG4yNJngYKM1u/view
2404,Nausheen,9,2023,Optional — History,1,Level Up IAS,submission,0,https://drive.google.com/file/d/1QpBHtN9-i0IHS3EZ7tcQCV5O0EeB93ka/view
551,Neelesh Goyal,,,Essay,0,Nextias,upsckata,2,https://www.nextias.com/newuploads/Nextias/2025/4/essay-test-3-neelesh-goyal-1745488855091.pdf
2521,Neelesh Goyal,77,2024,Optional — Sociology,1,Level Up IAS,submission,0,https://drive.google.com/file/d/1vsukTnBy-0Xuu2u9Xe-8tXfqtjx3HUzN/view
2195,Neepa Manocha,183,2024,GS1,0,VisionIAS,link,0,https://cdn.visionias.in/toppersanswerbooklet/a4ff3-1253004_1834_neepa-manocha_rank_183.pdf
2196,Neepa Manocha,183,2024,GS1,0,VisionIAS,link,0,https://cdn.visionias.in/toppersanswerbooklet/cb44e-1253004_1836_neepa-manocha_rank_183.pdf
2197,Neepa Manocha,183,2024,GS4,0,VisionIAS,link,0,https://cdn.visionias.in/toppersanswerbooklet/28716-1253004_1841_neepa_manocha_rank_183.pdf
2198,Neepa Manocha,183,2024,GS4,0,VisionIAS,link,0,https://cdn.visionias.in/toppersanswerbooklet/46285-1253004_1837_neepa_manocha_rank_183.pdf
553,Neeraj Trar,180,2025,GS1,0,Forumias,upsckata,19,https://forumias.com/blog/wp-content/uploads/2026/03/NEERAJ-TRARUPSC-IAS-2025-Toppers-AIR-180-Sample-MGP-Copy-2.pdf
1757,Neeraj Trar,180,2025,GS1,0,VisionIAS,link,0,https://cdn.visionias.in/toppersanswerbooklet/bbf05-817626_2422_neeraj-trar_rank_180.pdf
552,Neeraj Trar,180,2025,GS2,0,Forumias,upsckata,20,https://forumias.com/blog/wp-content/uploads/2026/03/NEERAJ-TRARUPSC-IAS-2025-Toppers-AIR-180-Sample-MGP-Copy-1.pdf
1758,Neeraj Trar,180,2025,GS2,0,VisionIAS,link,0,https://cdn.visionias.in/toppersanswerbooklet/46fea-817626_2423_neeraj-trar_rank_180.pdf
1759,Neeraj Trar,180,2025,GS4,0,VisionIAS,link,0,https://cdn.visionias.in/toppersanswerbooklet/f2005-0817626_2220_neeraj-trar_rank_180.pdf
1760,Neeraj Trar,180,2025,GS4,0,VisionIAS,link,0,https://cdn.visionias.in/toppersanswerbooklet/dd00d-817626_4513_neeraj-trar_rank_180.pdf
2773,NEETI AGARWAL,383,2023,Optional — Sociology,1,VisionIAS,submission,0,https://cdn.visionias.in/toppersanswerbooklet/26329-636519_2295_neeti_agrawal.pdf
2774,NEETI AGARWAL,383,2023,Optional — Sociology,1,VisionIAS,submission,0,https://cdn.visionias.in/toppersanswerbooklet/8a54e-636519_2296_neeti_agrawal.pdf
2775,NEETI AGARWAL,383,2023,Optional — Sociology,1,VisionIAS,submission,0,https://cdn.visionias.in/toppersanswerbooklet/9617b-636519_2300_neeti_agrawal.pdf
2776,NEETI AGARWAL,383,2023,Optional — Sociology,1,VisionIAS,submission,0,https://cdn.visionias.in/toppersanswerbooklet/b103f-636519_2302_neeti_agrawal.pdf
1009,Neha,,,GS4,0,Vision,upsckata,21,https://drive.google.com/file/d/1GIeJ1cf50TABUX8Z8mcTKAtLeeOGDgaN/view
1010,Neha,,,GS4,0,Vision,upsckata,22,https://drive.google.com/file/d/1KJamr1jRcdMgtzPQXYz7pHlBUcDPe7re/view
1011,Neha,,,GS4,0,Vision,upsckata,21,https://drive.google.com/file/d/1-N9Y8H1kTTtmvGPrPNwUEgB_pR9E119b/view
2843,Neha Bandhu,121,2019,Optional — Sociology,1,VisionIAS,submission,0,https://cdn.visionias.in/toppersanswerbooklet/1e3cb-171485_1211_neha-bandhu_rank_121pdf.pdf
2844,Neha Bandhu,121,2019,Optional — Sociology,1,VisionIAS,submission,0,https://cdn.visionias.in/toppersanswerbooklet/5f593-171485_1212_neha-bandhu_rank_121.pdf
2838,Neha Bhosle,15,2019,Optional — Sociology,1,VisionIAS,submission,0,https://cdn.visionias.in/toppersanswerbooklet/f2d21-135596_1208_neha-bhosle_rank_15.pdf
2839,Neha Bhosle,15,2019,Optional — Sociology,1,VisionIAS,submission,0,https://cdn.visionias.in/toppersanswerbooklet/99d63-135596_1209_neha-bhosle_rank_15.pdf
2840,Neha Bhosle,15,2019,Optional — Sociology,1,VisionIAS,submission,0,https://cdn.visionias.in/toppersanswerbooklet/d5531-135596_1211_neha-bhosle_rank_15.pdf
2841,Neha Bhosle,15,2019,Optional — Sociology,1,VisionIAS,submission,0,https://cdn.visionias.in/toppersanswerbooklet/f18f9-135596_1210_neha-bhosle_rank_15.pdf
2842,Neha Bhosle,15,2019,Optional — Sociology,1,VisionIAS,submission,0,https://cdn.visionias.in/toppersanswerbooklet/b74c7-135596_1212_neha-bhosle_rank_15.pdf
2708,Nelaturu Sreekanth Reddy,151,2024,Optional — Sociology,1,VisionIAS,submission,0,https://cdn.visionias.in/toppersanswerbooklet/2a927-45939676_2530_nelaturu_sreekanth_reddy_rank_151.pdf
2709,Nelaturu Sreekanth Reddy,151,2024,Optional — Sociology,1,VisionIAS,submission,0,https://cdn.visionias.in/toppersanswerbooklet/9b8cb-45939676_2529_nelaturu_sreekanth_reddy_rank_151.pdf
2710,Nelaturu Sreekanth Reddy,151,2024,Optional — Sociology,1,VisionIAS,submission,0,https://cdn.visionias.in/toppersanswerbooklet/322e7-45939676_2528_nelaturu_sreekanth_reddy_rank_151.pdf
2711,Nelaturu Sreekanth Reddy,151,2024,Optional — Sociology,1,VisionIAS,submission,0,https://cdn.visionias.in/toppersanswerbooklet/c1181-45939676_2527_nelaturu_sreekanth_reddy_rank_151.pdf
2712,Nelaturu Sreekanth Reddy,151,2024,Optional — Sociology,1,VisionIAS,submission,0,https://cdn.visionias.in/toppersanswerbooklet/4e6a2-45939676_2526_nelaturu_sreekanth_reddy_rank_151.pdf
557,Nidhi Goyal,91,,GS1,0,Nextias,upsckata,4,https://next-ias-appsquadz.s3.ap-south-1.amazonaws.com/file_library/pdf/original/ee21bf4c91767f03906ea17bc7230b10/106/air-91-nidhi-goyal_test-1_gs1.pdf
556,Nidhi Goyal,91,,GS2,0,Nextias,upsckata,2,https://next-ias-appsquadz.s3.ap-south-1.amazonaws.com/file_library/pdf/original/ee21bf4c91767f03906ea17bc7230b10/102/air-91-nidhi-goyal_test-6_gs2.pdf
558,Nidhi Goyal,91,,GS2,0,Nextias,upsckata,4,https://next-ias-appsquadz.s3.ap-south-1.amazonaws.com/file_library/pdf/original/ee21bf4c91767f03906ea17bc7230b10/119/air-91-nidhi-goyal_test-2_gs2.pdf
555,Nidhi Goyal,91,,GS3,0,Nextias,upsckata,3,https://next-ias-appsquadz.s3.ap-south-1.amazonaws.com/file_library/pdf/original/ee21bf4c91767f03906ea17bc7230b10/101/air-91-nidhi-goyal_test-3_gs3.pdf
554,Nidhi Goyal,91,,GS4,0,Nextias,upsckata,25,https://next-ias-appsquadz.s3.ap-south-1.amazonaws.com/file_library/pdf/original/ee21bf4c91767f03906ea17bc7230b10/100/air-91-nidhi-goyal_test-8_gs4.pdf
2327,Nidhi Pai,110,2022,Optional — Anthropology,1,Vishnu IAS,submission,0,https://vishnuias.com/wp-content/uploads/2025/08/Test-1.pdf
2328,Nidhi Pai,110,2022,Optional — Anthropology,1,Vishnu IAS,submission,0,https://vishnuias.com/wp-content/uploads/2025/08/TEST-3.pdf
2329,Nidhi Pai,110,2022,Optional — Anthropology,1,Vishnu IAS,submission,0,https://vishnuias.com/wp-content/uploads/2025/08/TEST-4-2-50_merged.pdf
2330,Nidhi Pai,110,2022,Optional — Anthropology,1,Vishnu IAS,submission,0,https://vishnuias.com/wp-content/uploads/2025/08/TEST-5-images-0-merged.pdf
2331,Nidhi Pai,110,2022,Optional — Anthropology,1,Vishnu IAS,submission,0,https://vishnuias.com/wp-content/uploads/2025/08/TEST-6-images-0-merged.pdf
2332,Nidhi Pai,110,2022,Optional — Anthropology,1,Vishnu IAS,submission,0,https://vishnuias.com/wp-content/uploads/2025/08/Test-9-images-0-merged.pdf
2333,Nidhi Pai,110,2022,Optional — Anthropology,1,Vishnu IAS,submission,0,https://vishnuias.com/wp-content/uploads/2025/08/Test-10-images-0-merged.pdf
2334,Nidhi Pai,110,2022,Optional — Anthropology,1,Vishnu IAS,submission,0,https://vishnuias.com/wp-content/uploads/2025/08/Test-11-images-0-merged.pdf
2335,Nidhi Pai,110,2022,Optional — Anthropology,1,Vishnu IAS,submission,0,https://vishnuias.com/wp-content/uploads/2025/08/Test-13-images-0-merged.pdf
2336,Nidhi Pai,110,2022,Optional — Anthropology,1,Vishnu IAS,submission,0,https://vishnuias.com/wp-content/uploads/2025/08/Test-14-images-0-merged.pdf
2071,Nihal Randhawa,108,2024,Essay,0,VisionIAS,link,0,https://cdn.visionias.in/toppersanswerbooklet/8e6a7-58233_1253_nihal_randhawa_rank_108.pdf
2067,Nihal Randhawa,108,2024,GS1,0,VisionIAS,link,0,https://cdn.visionias.in/toppersanswerbooklet/6da69-58233_1147_nihal_randhawa_rank_108.pdf
2068,Nihal Randhawa,108,2024,GS1,0,VisionIAS,link,0,https://cdn.visionias.in/toppersanswerbooklet/0c205-58233_2843_nihal_randhawa_rank_108.pdf
2069,Nihal Randhawa,108,2024,GS1,0,VisionIAS,link,0,https://cdn.visionias.in/toppersanswerbooklet/4031d-58233_2367_nihal_randhawa_rank_108.pdf
2070,Nihal Randhawa,108,2024,GS4,0,VisionIAS,link,0,https://cdn.visionias.in/toppersanswerbooklet/56206-58233_1069_nihal_randhawa_rank_108.pdf
559,Niharika Sinha,,,GS2,0,Forumias,upsckata,3,https://forumias.com/blog/wp-content/uploads/2026/03/NIHARIKA-SINHAUPSC_IAS_2025_Toppers_AIR_365_Sample_PSIR_COPY_5.pdf
2680,Nikhil Kashiba Tambe,517,2025,Optional — Sociology,1,VisionIAS,submission,0,https://cdn.visionias.in/toppersanswerbooklet/dd4ce-45804111_3343_nikhil_kashiba_tambe_rank_517.pdf
2681,Nikhil Kashiba Tambe,517,2025,Optional — Sociology,1,VisionIAS,submission,0,https://cdn.visionias.in/toppersanswerbooklet/1052e-45804111_3345_nikhil_kashiba_tambe_rank_517.pdf
2682,Nikhil Kashiba Tambe,517,2025,Optional — Sociology,1,VisionIAS,submission,0,https://cdn.visionias.in/toppersanswerbooklet/3c994-45804111_3349_nikhil_kashiba_tambe_rank_517.pdf
2063,Nikhil Sharma,104,2024,Essay,0,VisionIAS,link,0,https://cdn.visionias.in/toppersanswerbooklet/ae06f-1157317_3128_nikhil_sharma_rank_104.pdf
2059,Nikhil Sharma,104,2024,GS1,0,VisionIAS,link,0,https://cdn.visionias.in/toppersanswerbooklet/6de86-1157317_2930_nikhil_sharma_rank_104.pdf
2060,Nikhil Sharma,104,2024,GS1,0,VisionIAS,link,0,https://cdn.visionias.in/toppersanswerbooklet/bb384-1157317_2091_nikhil_sharma_rank_104.pdf
2061,Nikhil Sharma,104,2024,GS1,0,VisionIAS,link,0,https://cdn.visionias.in/toppersanswerbooklet/61ff5-1157317_2085_nikhil_sharma_rank_104.pdf
2062,Nikhil Sharma,104,2024,GS4,0,VisionIAS,link,0,https://cdn.visionias.in/toppersanswerbooklet/4ac07-1157317_2425_nikhil_sharma_rank_104.pdf
1557,Nikita Verma,30,2025,Essay,0,VisionIAS,link,0,https://cdn.visionias.in/toppersanswerbooklet/54735-1344988_2488_nikita_verma_rank_30.pdf
1555,Nikita Verma,30,2025,GS1,0,VisionIAS,link,0,https://cdn.visionias.in/toppersanswerbooklet/86a91-1344988_2079_nikita_verma_rank_30.pdf
1556,Nikita Verma,30,2025,GS2,0,VisionIAS,link,0,https://cdn.visionias.in/toppersanswerbooklet/35163-1344988_2082_nikita_verma_rank_30.pdf
560,Nikita Verma,,,GS3,0,Vision,upsckata,25,https://cdn.visionias.in/toppersanswerbooklet/11e18-1344988_2081_nikita_verma_rank_30.pdf
562,Nikita Verma,,,GS3,0,Vision,upsckata,20,https://cdn.visionias.in/toppersanswerbooklet/86a91-1344988_2079_nikita_verma_rank_30.pdf
563,Nikita Verma,,,GS3,0,Vision,upsckata,20,https://cdn.visionias.in/toppersanswerbooklet/35163-1344988_2082_nikita_verma_rank_30.pdf
561,Nikita Verma,,,GS4,0,Visionias,upsckata,24,https://cdn.visionias.in/toppersanswerbooklet/d2de8-1344988_2425_nikita_verma_rank_30.pdf
1553,Nikita Verma,30,2025,GS4,0,VisionIAS,link,0,https://cdn.visionias.in/toppersanswerbooklet/11e18-1344988_2081_nikita_verma_rank_30.pdf
1554,Nikita Verma,30,2025,GS4,0,VisionIAS,link,0,https://cdn.visionias.in/toppersanswerbooklet/d2de8-1344988_2425_nikita_verma_rank_30.pdf
2358,Nimisha Tantuway,878,2023,Optional — Anthropology,1,Level Up IAS,submission,0,https://drive.google.com/file/d/1UfIMCKhpbrtvmVvLSFC3aw08ZAWkIcGz/view
1071,Nisar Dishant,19,2025,Essay,0,UnlockIAS,link,0,https://drive.google.com/file/d/1PnhoB-JIH3tEBk2234-TvyLcK56AZAkP/view
1174,Nisar Dishant,19,2025,GS1,0,UnlockIAS,link,0,https://drive.google.com/file/d/1cZD4-8V7ATIDF9wsVa3Ddmsh7QB2TIMc/view
1279,Nisar Dishant,19,2025,GS2,0,UnlockIAS,link,0,https://drive.google.com/file/d/1JNEcZ_rO2NW-EYf1mz85mP67JerwS3dH/view
1425,Nisar Dishant,19,2025,GS4,0,UnlockIAS,link,0,https://drive.google.com/file/d/1z6HHl0BKTpoyFl9divhC5H8JUp-4ax_p/view
1546,Nisar Dishant Amrutlal,19,2025,Essay,0,VisionIAS,link,0,https://cdn.visionias.in/toppersanswerbooklet/6a40e-1138476_3128_nisar_dishant_amrutlal_rank_19.pdf
1543,Nisar Dishant Amrutlal,19,2025,GS2,0,VisionIAS,link,0,https://cdn.visionias.in/toppersanswerbooklet/1ad38-1138476_2929_nisar_dishant_amrutlal_rank_19.pdf
1544,Nisar Dishant Amrutlal,19,2025,GS3,0,VisionIAS,link,0,https://cdn.visionias.in/toppersanswerbooklet/95296-1138476_2930_nisar_dishant_amrutlal_rank_19.pdf
1545,Nisar Dishant Amrutlal,19,2025,GS4,0,VisionIAS,link,0,https://cdn.visionias.in/toppersanswerbooklet/04dd5-1138476_2931_nisar_dishant_amrutlal_rank_19.pdf
1243,Nisha Phogat,574,2025,GS1,0,Vajiram & Ravi,link,0,https://vajiramias.sgp1.cdn.digitaloceanspaces.com/strapi/NISHA_PHOGAT_SS_GS_1_AIR_574_2025_809b0bcd25.pdf
1320,Nisha Phogat,574,2025,GS2,0,Vajiram & Ravi,link,0,https://vajiramias.sgp1.cdn.digitaloceanspaces.com/strapi/NISHA_PHOGAT_SS_GS_2_AIR_574_2025_702bcdcd8f.pdf
564,Nishchal Jain,119,2025,Essay,0,Forumias,upsckata,2,https://forumias.com/blog/wp-content/uploads/2026/03/NISHCHAL-JAINUPSC-IAS-2025-Toppers-AIR-119-Sample-Essay-Copy-1-1.pdf
568,Nishchal Jain,119,2025,GS1,0,Forumias,upsckata,20,https://forumias.com/blog/wp-content/uploads/2026/03/NISHCHAL-JAINUPSC-IAS-2025-Toppers-AIR-119-Sample-MGP-Copy-4.pdf
565,Nishchal Jain,119,2025,GS2,0,Forumias,upsckata,20,https://forumias.com/blog/wp-content/uploads/2026/03/NISHCHAL-JAINUPSC-IAS-2025-Toppers-AIR-119-Sample-MGP-Copy-1.pdf
566,Nishchal Jain,119,2025,GS3,0,Forumias,upsckata,20,https://forumias.com/blog/wp-content/uploads/2026/03/NISHCHAL-JAINUPSC-IAS-2025-Toppers-AIR-119-Sample-MGP-Copy-2-1.pdf
567,Nishchal Jain,119,2025,GS4,0,Forumias,upsckata,21,https://forumias.com/blog/wp-content/uploads/2026/03/NISHCHAL-JAINUPSC-IAS-2025-Toppers-AIR-119-Sample-MGP-Copy-3-1.pdf
1751,Nithin Pradeep,172,2025,Essay,0,VisionIAS,link,0,https://cdn.visionias.in/toppersanswerbooklet/abee7-1424323_3128_nithin-pradeep_rank_172.pdf
1750,Nithin Pradeep,172,2025,GS4,0,VisionIAS,link,0,https://cdn.visionias.in/toppersanswerbooklet/8af51-1424323_2931_nithin-pradeep_rank_172.pdf
2605,Nitish K,8,2014,Optional — Mathematics,1,IMS4Maths,submission,0,https://ims4maths.com/coaching/files/Test-8-Nitish-K-Copy.pdf
2606,Nitish K,8,2014,Optional — Mathematics,1,IMS4Maths,submission,0,https://ims4maths.com/coaching/files/IMS-TEST-10-Nitish-k-Copy.pdf
2400,Nitish Kumar,237,2025,Optional — Geography,1,LotusArise,submission,0,https://drive.google.com/file/d/1ajMFJx0S-beZ7S7cG_bt3e1YaSGHoxih/view
1461,Nitish Kumar Singh,305,2025,GS4,0,Vajiram & Ravi,link,0,https://vajiramias.sgp1.cdn.digitaloceanspaces.com/strapi/NITISH_KUMAR_SINGH_GS_4_AIR_305_2025_4daf38949c.pdf
2133,Nitisha Thakwani,133,2024,Essay,0,VisionIAS,link,0,https://cdn.visionias.in/toppersanswerbooklet/da288-998375_3128_nitisha_thakwani_rank_133.pdf
2138,Nitisha Thakwani,135,2024,GS1,0,VisionIAS,link,0,https://cdn.visionias.in/toppersanswerbooklet/16a6d-998375_2930_nitisha_thakwani_rank_135.pdf
2139,Nitisha Thakwani,135,2024,GS1,0,VisionIAS,link,0,https://cdn.visionias.in/toppersanswerbooklet/bef92-998375_2424_nitisha_thakwani_rank_135.pdf
2140,Nitisha Thakwani,135,2024,GS1,0,VisionIAS,link,0,https://cdn.visionias.in/toppersanswerbooklet/6be31-998375_2033_nitisha_thakwani_rank_135.pdf
569,P Vibisha,320,2025,Essay,0,Forumias,upsckata,5,https://forumias.com/blog/wp-content/uploads/2026/03/P-VIBISHAUPSC-IAS-2025-Toppers-AIR-320-Sample-ESSAY-Copy-2.pdf
1219,P Vibisha,320,2025,GS1,0,Vajiram & Ravi,link,0,https://vajiramias.sgp1.cdn.digitaloceanspaces.com/strapi/P_VIBISHA_SS_GS_1_AIR_320_2025_1d14e8f9e9.pdf
1220,P Vibisha,320,2025,GS1,0,Vajiram & Ravi,link,0,https://vajiramias.sgp1.cdn.digitaloceanspaces.com/strapi/P_VIBISHA_SS_GS_1_AIR_320_2025_b064f4a67f.pdf
570,P Vibisha,320,2025,GS4,0,Forumias,upsckata,22,https://forumias.com/blog/wp-content/uploads/2026/03/P-VIBISHAUPSC-IAS-2025-Toppers-AIR-320-Sample-MGP-Copy-1.pdf
571,P Vibisha,320,2025,GS4,0,Forumias,upsckata,23,https://forumias.com/blog/wp-content/uploads/2026/03/P-VIBISHAUPSC-IAS-2025-Toppers-AIR-320-Sample-MGP-Copy-2.pdf
572,P Vibisha,320,2025,GS4,0,Forumias,upsckata,23,https://forumias.com/blog/wp-content/uploads/2026/03/P-VIBISHAUPSC-IAS-2025-Toppers-AIR-320-Sample-MGP-Copy-3.pdf
2604,Padmanabh Baruah,,2015,Optional — Mathematics,1,IMS4Maths,submission,0,https://ims4maths.com/Admin/Files/IAS%202015/Padmanabh-Baruah-Test-6.pdf
574,Pakshal,,,GS2,0,Vision,upsckata,20,https://cdn.visionias.in/toppersanswerbooklet/470d8-1009670_2090_pakshal_secretry_rank_08.pdf
573,Pakshal,,,GS4,0,Vision,upsckata,20,https://cdn.visionias.in/toppersanswerbooklet/a9ecb-1009670_2070_pakshal_secretry_rank_08.pdf
1068,Pakshal Secretry,8,2025,Essay,0,UnlockIAS,link,0,https://drive.google.com/file/d/1a5__hIsnQIYTDrXSIT7Xswp45vJnXJ8G/view
1069,Pakshal Secretry,8,2025,Essay,0,UnlockIAS,link,0,https://drive.google.com/file/d/1RY3j4Y8KCP4vDFzvNQ5OhpW1uh203FzG/view
1170,Pakshal Secretry,8,2025,GS1,0,UnlockIAS,link,0,https://drive.google.com/file/d/1ETiblt500KkBBTEo_mPTJndwye0kaVtm/view
1513,Pakshal Secretry,8,2025,GS1,0,VisionIAS,link,0,https://cdn.visionias.in/toppersanswerbooklet/bf9c7-1009670_2063_pakshal_secretry_rank_08.pdf
575,Pakshal Secretry,8,2025,GS2,0,Forumias,upsckata,20,https://forumias.com/blog/wp-content/uploads/2026/03/PAKSHAL-SECRETRY-UPSC-IAS-2025-Toppers-AIR-8-Sample-MGP-Copy-1.pdf
578,Pakshal Secretry,,,GS2,0,Vision,upsckata,20,https://cdn.visionias.in/toppersanswerbooklet/bf9c7-1009670_2063_pakshal_secretry_rank_08.pdf
579,Pakshal Secretry,,,GS2,0,Vision,upsckata,21,https://cdn.visionias.in/toppersanswerbooklet/b4bc1-1009670_2071_pakshal_secretry_rank_08.pdf
1515,Pakshal Secretry,8,2025,GS2,0,VisionIAS,link,0,https://cdn.visionias.in/toppersanswerbooklet/470d8-1009670_2090_pakshal_secretry_rank_08.pdf
1346,Pakshal Secretry,8,2025,GS3,0,UnlockIAS,link,0,https://drive.google.com/file/d/1mLdJWlJeONsIw_moetjBxb5AHzW_504V/view
1514,Pakshal Secretry,8,2025,GS3,0,VisionIAS,link,0,https://cdn.visionias.in/toppersanswerbooklet/b4bc1-1009670_2071_pakshal_secretry_rank_08.pdf
576,Pakshal Secretry,8,2025,GS4,0,Forumias,upsckata,23,https://forumias.com/blog/wp-content/uploads/2026/03/PAKSHAL-SECRETRY-UPSC-IAS-2025-Toppers-AIR-8-Sample-MGP-Copy-2.pdf
577,Pakshal Secretry,,,GS4,0,Vision,upsckata,26,https://cdn.visionias.in/toppersanswerbooklet/ece82-1009670_2092_pakshal_secretry_rank_08.pdf
1418,Pakshal Secretry,8,2025,GS4,0,UnlockIAS,link,0,https://drive.google.com/file/d/1RXwD92BVZ1DU3jhrnfvEqD1lE2yjPpeF/view
1516,Pakshal Secretry,8,2025,GS4,0,VisionIAS,link,0,https://cdn.visionias.in/toppersanswerbooklet/ece82-1009670_2092_pakshal_secretry_rank_08.pdf
1517,Pakshal Secretry,8,2025,GS4,0,VisionIAS,link,0,https://cdn.visionias.in/toppersanswerbooklet/a9ecb-1009670_2070_pakshal_secretry_rank_08.pdf
580,Panchal Smit H,,,GS4,0,Nextias,upsckata,26,https://www.nextias.com/newuploads/Nextias/2025/4/gs-mac-test-1-panchal-smit-1745409446939.pdf
581,Panchal Smit Hasmukhbhai,,,Essay,0,Nextias,upsckata,2,https://www.nextias.com/newuploads/Nextias/2025/4/panchal-essay-test-2-1745478784591.pdf
582,Panchal Snit Hasmukhbhai,,,Essay,0,Nextias,upsckata,2,https://www.nextias.com/newuploads/Nextias/2025/4/panchal-essay-test-5-1745478822028.pdf
2641,Pandu Wilson,603,2021,Optional — Mathematics,1,SuccessClap,submission,0,https://assets.zyrosite.com/dWxxVpWEZetoMDNk/air603-pandu-wilson-test-copy1-successclap-AVL09Jv90pHjv6jp.pdf
2642,Pandu Wilson,603,2021,Optional — Mathematics,1,SuccessClap,submission,0,https://assets.zyrosite.com/dWxxVpWEZetoMDNk/air603-pandu-wilson-test-copy2-successclap-YBgMVpQ83eUXNgQv.pdf
583,Pankaj Soni,130,2025,Essay,0,Forumias,upsckata,3,https://forumias.com/blog/wp-content/uploads/2026/03/PANKAJ-SONI-UPSC-IAS-2025-Toppers-AIR-130-Sample-ESSAY-Copy-1.pdf
584,Pankaj Soni,130,2025,GS1,0,Forumias,upsckata,20,https://forumias.com/blog/wp-content/uploads/2026/03/PANKAJ-SONI-UPSC-IAS-2025-Toppers-AIR-130-Sample-MGP-Copy-1.pdf
585,Pankaj Soni,130,2025,GS2,0,Forumias,upsckata,20,https://forumias.com/blog/wp-content/uploads/2026/03/PANKAJ-SONI-UPSC-IAS-2025-Toppers-AIR-130-Sample-MGP-Copy-3.pdf
2353,Patil Sairaj Panditrao,545,2025,Optional — Anthropology,1,Level Up IAS,submission,0,https://drive.google.com/file/d/1tZ-QjW1mHrO3RTw9fkxhvbyy0lOfJvh3/view
1963,Pavithra P,42,2024,Essay,0,VisionIAS,link,0,https://cdn.visionias.in/toppersanswerbooklet/015f5-1330430_2574_pavithra_p_rank_42.pdf
1964,Pavithra P,42,2024,GS1,0,VisionIAS,link,0,https://cdn.visionias.in/toppersanswerbooklet/48f31-1330430_2928_pavithra_p_rank_42.pdf
1965,Pavithra P,42,2024,GS1,0,VisionIAS,link,0,https://cdn.visionias.in/toppersanswerbooklet/8be2b-1330430_2929_pavithra_p_rank_42.pdf
1966,Pavithra P,42,2024,GS1,0,VisionIAS,link,0,https://cdn.visionias.in/toppersanswerbooklet/c026a-1330430_2930_pavithra_p_rank_42.pdf
1962,Pavithra P,42,2024,GS4,0,VisionIAS,link,0,https://cdn.visionias.in/toppersanswerbooklet/40aa3-1330430_2931_pavithra-p_rank_42.pdf
2739,PAWAN KUMAR GOEL,28,2023,Optional — Sociology,1,VisionIAS,submission,0,https://cdn.visionias.in/toppersanswerbooklet/2a405-104395_2295_pawan_kumar_goel_rank_28.pdf
2740,PAWAN KUMAR GOEL,28,2023,Optional — Sociology,1,VisionIAS,submission,0,https://cdn.visionias.in/toppersanswerbooklet/8b890-104395_2297_pawan_kumar_goel_rank_28.pdf
586,Pawan Kumar Pandey,,,Essay,0,Vision,upsckata,4,https://cdn.visionias.in/toppersanswerbooklet/24efc-900058_2488_pawan-kumar-pandey_rank_138.pdf
1711,Pawan Kumar Pandey,138,2025,Essay,0,VisionIAS,link,0,https://cdn.visionias.in/toppersanswerbooklet/24efc-900058_2488_pawan-kumar-pandey_rank_138.pdf
588,Pawan Kumar Pandey,,,GS1,0,Vision,upsckata,20,https://cdn.visionias.in/toppersanswerbooklet/cea57-900058_4510_pawan-kumar-pandey_rank_138.pdf
1712,Pawan Kumar Pandey,138,2025,GS1,0,VisionIAS,link,0,https://cdn.visionias.in/toppersanswerbooklet/cea57-900058_4510_pawan-kumar-pandey_rank_138.pdf
589,Pawan Kumar Pandey,,,GS2,0,Vision,upsckata,20,https://cdn.visionias.in/toppersanswerbooklet/cd12a-900058_4511_pawan-kumar-pandey_rank_138.pdf
1713,Pawan Kumar Pandey,138,2025,GS2,0,VisionIAS,link,0,https://cdn.visionias.in/toppersanswerbooklet/cd12a-900058_4511_pawan-kumar-pandey_rank_138.pdf
590,Pawan Kumar Pandey,,,GS3,0,Vision,upsckata,20,https://cdn.visionias.in/toppersanswerbooklet/b335b-900058_4512_pawan-kumar-pandey_rank_138.pdf
1714,Pawan Kumar Pandey,138,2025,GS3,0,VisionIAS,link,0,https://cdn.visionias.in/toppersanswerbooklet/b335b-900058_4512_pawan-kumar-pandey_rank_138.pdf
587,Pawan Kumar Pandey,,,GS4,0,Vision,upsckata,24,https://cdn.visionias.in/toppersanswerbooklet/d8a9a-900058_2931_pawan-kumar-pandey_rank_138.pdf
1715,Pawan Kumar Pandey,138,2025,GS4,0,VisionIAS,link,0,https://cdn.visionias.in/toppersanswerbooklet/d8a9a-900058_2931_pawan-kumar-pandey_rank_138.pdf
1182,Pedditi Dhatri Reddy,46,2019,GS1,0,UnlockIAS,link,0,https://drive.google.com/file/d/15R_zLuRcUnqe2aeUXcqURHiSkuadjkmC/view
1183,Pedditi Dhatri Reddy,46,2019,GS1,0,UnlockIAS,link,0,https://drive.google.com/file/d/1oYHzNceTz2puv9dWM9SGwdzZTJjNDeYN/view
1184,Pedditi Dhatri Reddy,46,2019,GS1,0,UnlockIAS,link,0,https://drive.google.com/file/d/1TM5WFA0QYroDhUZCj2c9loUzUh6ZP4UM/view
1185,Pedditi Dhatri Reddy,46,2019,GS1,0,UnlockIAS,link,0,https://drive.google.com/file/d/1-c_JCNZXrksJEE1xCoRpX_W_XSZ2f32S/view
591,Polavarapu Dhwanish,108,2025,Essay,0,Forumias,upsckata,2,https://forumias.com/blog/wp-content/uploads/2026/03/POLAVARAPU-DHWANISH-UPSC-IAS-2025-Toppers-AIR-108-Sample-Essay-Copy-1.pdf
592,Polavarapu Dhwanish,108,2025,GS3,0,Forumias,upsckata,20,https://forumias.com/blog/wp-content/uploads/2026/03/POLAVARAPU-DHWANISH-UPSC-IAS-2025-Toppers-AIR-108-Sample-MGP-Copy-2.pdf
2764,POOJA MALANI,306,2023,Optional — Sociology,1,VisionIAS,submission,0,https://cdn.visionias.in/toppersanswerbooklet/b53ef-282979_2096_pooja_malani_rank_306.pdf
2765,POOJA MALANI,306,2023,Optional — Sociology,1,VisionIAS,submission,0,https://cdn.visionias.in/toppersanswerbooklet/c251f-282979_2097_pooja_malani_rank_306.pdf
2766,POOJA MALANI,306,2023,Optional — Sociology,1,VisionIAS,submission,0,https://cdn.visionias.in/toppersanswerbooklet/9030c-282979_2098_pooja_malani_rank_306.pdf
2767,POOJA MALANI,306,2023,Optional — Sociology,1,VisionIAS,submission,0,https://cdn.visionias.in/toppersanswerbooklet/b7cd2-282979_2300_pooja_malani_rank_306.pdf
594,Pooja Soni,249,2025,GS2,0,Forumias,upsckata,18,https://forumias.com/blog/wp-content/uploads/2026/03/POOJA-SONI-UPSC-IAS-2025-Toppers-AIR-249-Sample-MGP-Copy-2.pdf
593,Pooja Soni,249,2025,GS4,0,Forumias,upsckata,20,https://forumias.com/blog/wp-content/uploads/2026/03/POOJA-SONI-UPSC-IAS-2025-Toppers-AIR-249-Sample-MGP-Copy-1.pdf
595,Pooja Soni,249,2025,GS4,0,Forumias,upsckata,21,https://forumias.com/blog/wp-content/uploads/2026/03/POOJA-SONI-UPSC-IAS-2025-Toppers-AIR-249-Sample-MGP-Copy-3.pdf
1252,Poonam,655,2025,GS1,0,Vajiram & Ravi,link,0,https://vajiramias.sgp1.cdn.digitaloceanspaces.com/strapi/POONAM_SS_GS_1_AIR_655_2025_076b720db6.pdf
1488,Poonam,655,2025,GS4,0,Vajiram & Ravi,link,0,https://vajiramias.sgp1.cdn.digitaloceanspaces.com/strapi/POONAM_SS_GS_4_AIR_655_2025_c3e93d220a.pdf
596,Poorva Agrawal,,2024,GS1,0,Forumias,upsckata,20,https://forumias.com/blog/wp-content/uploads/2025/04/POORVA-AGRAWAL-UPSC-2024-Rank-65-MGP-Sample-Copy.pdf
597,Poorva Agrawal,,2024,GS3,0,Nextias,upsckata,21,https://www.nextias.com/newuploads/Nextias/2025/4/poorva-agrawal-mains-advanced-course-2024-1745407896762.pdf
1441,Poorva Agrawal,65,2024,GS4,0,UnlockIAS,link,0,https://drive.google.com/file/d/1j2Rc-_-SXYnOzBtwNDTFKLQ63wC3ecL9/view
1442,Poorva Agrawal,65,2024,GS4,0,Vajiram & Ravi,link,0,https://vajiramias.sgp1.cdn.digitaloceanspaces.com/strapi/ETHICS_PROGRAME_POORVA_AGRAWAL_AIR_65_bad23c6aef.pdf
2933,Prabhat Malik,68,2014,Optional — Public Administration,1,VisionIAS,submission,0,https://cdn.visionias.in/toppersanswerbooklet/322dc-prabhat-malik_68_2014_public_administration_booklet_1.pdf
2934,Prabhat Malik,68,2014,Optional — Public Administration,1,VisionIAS,submission,0,https://cdn.visionias.in/toppersanswerbooklet/79dbc-prabhat-malik_68_2014_public_administration_booklet_2.pdf
2935,Prabhat Malik,68,2014,Optional — Public Administration,1,VisionIAS,submission,0,https://cdn.visionias.in/toppersanswerbooklet/48ecb-prabhat-malik_68_2014_public_administration_booklet_3.pdf
1832,Prachi Chouhan,260,2025,Essay,0,VisionIAS,link,0,https://cdn.visionias.in/toppersanswerbooklet/d4484-1017622_2575_prachi_chouhan_rank_260.pdf
1833,Prachi Chouhan,260,2025,Essay,0,VisionIAS,link,0,https://cdn.visionias.in/toppersanswerbooklet/d430e-1017622_2576_prachi_chouhan_rank_260.pdf
1830,Prachi Chouhan,260,2025,GS1,0,VisionIAS,link,0,https://cdn.visionias.in/toppersanswerbooklet/cf781-1017622_2341_prachi_chouhan_rank_260.pdf
1831,Prachi Chouhan,260,2025,GS2,0,VisionIAS,link,0,https://cdn.visionias.in/toppersanswerbooklet/b9fdb-1017622_2369_prachi_chouhan_rank_260.pdf
2192,Prachi Gupta,172,2024,Essay,0,VisionIAS,link,0,https://cdn.visionias.in/toppersanswerbooklet/a5042-890493_3128_prachi_gupta_rank_172.pdf
2193,Prachi Gupta,172,2024,GS4,0,VisionIAS,link,0,https://cdn.visionias.in/toppersanswerbooklet/6f5c1-890493_2931_prachi_gupta_rank_172.pdf
1318,Praduman Bijalwan,501,2025,GS2,0,Vajiram & Ravi,link,0,https://vajiramias.sgp1.cdn.digitaloceanspaces.com/strapi/PRADUMAN_BIJALWAN_SS_GS_2_AIR_501_2025_f2f01d104e.pdf
1478,Praduman Bijalwan,501,2025,GS4,0,Vajiram & Ravi,link,0,https://vajiramias.sgp1.cdn.digitaloceanspaces.com/strapi/PRADUMAN_BIJALWAN_SS_GS_4_AIR_501_2025_21e28d726e.pdf
1012,Prajit Nair,,,GS4,0,Lukmaan,upsckata,14,https://drive.google.com/file/d/1u81oNUU1Hrr-qev0xM8ovqLSDkrUfiNt/view
598,Prajnanandan Giri,,,GS1,0,Nextias,upsckata,21,https://next-ias-appsquadz.s3.ap-south-1.amazonaws.com/file_library/pdf/original/424035678350725400_PDF_ORIGINAL.pdf
599,Prajnanandan Giri,24,,GS1,0,Nextias,upsckata,20,https://next-ias-appsquadz.s3.ap-south-1.amazonaws.com/file_library/pdf/original/93393beb2b7e996905ce7ea7f8b78443/105/air-24-prajnanandan-giri_test-1_gs1.pdf
2827,Prakhar Jain,90,2020,Optional — Sociology,1,VisionIAS,submission,0,https://cdn.visionias.in/toppersanswerbooklet/2e2fc-548134_1531_prakhar-jain_rank_90.pdf
2828,Prakhar Jain,90,2020,Optional — Sociology,1,VisionIAS,submission,0,https://cdn.visionias.in/toppersanswerbooklet/588cb-548134_1532_prakhar-jain_rank_90.pdf
2829,Prakhar Jain,90,2020,Optional — Sociology,1,VisionIAS,submission,0,https://cdn.visionias.in/toppersanswerbooklet/1a885-548134_1533_prakhar-jain_rank_90.pdf
2555,Prakhar Kumar,275,2023,Optional — Sociology,1,Level Up IAS,submission,0,https://drive.google.com/file/d/1MlCHpD1XQ8Ql5rJoD7RZoEQqVSvDXYv8/view
1301,Prakhya,265,2025,GS2,0,Vajiram & Ravi,link,0,https://vajiramias.sgp1.cdn.digitaloceanspaces.com/strapi/PRAKHYA_SS_GS_2_TEST_2_AIR_265_2025_5dc17aec69.pdf
1834,Prakhya,265,2025,GS2,0,VisionIAS,link,0,https://cdn.visionias.in/toppersanswerbooklet/07445-1308805_2423_prakhya_rank_265.pdf
1362,Prakhya,265,2025,GS3,0,Vajiram & Ravi,link,0,https://vajiramias.sgp1.cdn.digitaloceanspaces.com/strapi/PRAKHYA_SS_GS_3_TEST_3_AIR_265_2025_f80c69b4c5.pdf
1458,Prakhya,265,2025,GS4,0,Vajiram & Ravi,link,0,https://vajiramias.sgp1.cdn.digitaloceanspaces.com/strapi/PRAKHYA_GS_4_TEST_2_AIR_265_2025_5ae598620a.pdf
2028,Pranay Mittal,85,2024,GS1,0,VisionIAS,link,0,https://cdn.visionias.in/toppersanswerbooklet/5e2df-638100_1408_pranay_mittal_rank_85.pdf
2026,Pranay Mittal,85,2024,GS4,0,VisionIAS,link,0,https://cdn.visionias.in/toppersanswerbooklet/0206a-638100_1406_pranay_mittal_rank_85.pdf
2027,Pranay Mittal,85,2024,GS4,0,VisionIAS,link,0,https://cdn.visionias.in/toppersanswerbooklet/849c5-638100_1398_pranay_mittal_rank_85.pdf
2053,Prashant Singh,102,2024,Essay,0,VisionIAS,link,0,https://cdn.visionias.in/toppersanswerbooklet/d6c30-613218_3128_prashant_singh_rank_102.pdf
2049,Prashant Singh,102,2024,GS1,0,VisionIAS,link,0,https://cdn.visionias.in/toppersanswerbooklet/86b7c-613218_2368_prashant_singh_rank_102.pdf
2050,Prashant Singh,102,2024,GS1,0,VisionIAS,link,0,https://cdn.visionias.in/toppersanswerbooklet/b8ae2-613218_2930_prashant_singh_rank_102.pdf
2051,Prashant Singh,102,2024,GS1,0,VisionIAS,link,0,https://cdn.visionias.in/toppersanswerbooklet/c2eac-613218_2364_prashant_singh_rank_102.pdf
2052,Prashant Singh,102,2024,GS4,0,VisionIAS,link,0,https://cdn.visionias.in/toppersanswerbooklet/92469-613218_2906_prashant_singh_rank_102.pdf
601,Prastuti Upadhaya,,,Essay,0,Nextias,upsckata,3,https://www.nextias.com/newuploads/Nextias/2025/4/prastuti-essay-test-1-1745488753930.pdf
602,Prastuti Upadhaya,,,Essay,0,Nextias,upsckata,5,https://www.nextias.com/newuploads/Nextias/2025/4/prastuti-essay-test-2-1745488781476.pdf
2023,Prastuti Upadhaya,84,2024,Essay,0,VisionIAS,link,0,https://cdn.visionias.in/toppersanswerbooklet/bfc96-1275069_3128_prastuti_upadhaya_rank_84.pdf
2024,Prastuti Upadhaya,84,2024,GS1,0,VisionIAS,link,0,https://cdn.visionias.in/toppersanswerbooklet/ad389-1275069_2928_prastuti_upadhaya_rank_84.pdf
2025,Prastuti Upadhaya,84,2024,GS1,0,VisionIAS,link,0,https://cdn.visionias.in/toppersanswerbooklet/a55af-1275069_2929_prastuti_upadhaya_rank_84.pdf
2300,Prastuti Upadhaya,2930,2024,GS1,0,VisionIAS,link,0,https://cdn.visionias.in/toppersanswerbooklet/20b30-1275069_2930_prastuti_upadhaya_rank_84.pdf
600,Prastuti Upadhaya,,2024,GS2,0,Forumias,upsckata,20,https://forumias.com/blog/wp-content/uploads/2025/04/PRASTUTI-UPADHAYA-UPSC-2024-Rank-84-MGP-Sample-Copy.pdf
2022,Prastuti Upadhaya,84,2024,GS4,0,VisionIAS,link,0,https://cdn.visionias.in/toppersanswerbooklet/8eb3c-1275069_2931_prastuti_upadhaya_rank_84.pdf
2523,Prastuti Upadhyay,84,2024,Optional — Sociology,1,Level Up IAS,submission,0,https://drive.google.com/file/d/1XhKoomF6qnulGPpban-KCxQVLn528Ehs/view
603,Prateek Joshi,196,2025,GS1,0,Forumias,upsckata,10,https://forumias.com/blog/wp-content/uploads/2026/03/PRATEEK-JOSHI-UPSC-IAS-2025-Toppers-AIR-196-Sample-MGP-Copy-1.pdf
604,Prateek Joshi,196,2025,GS1,0,Forumias,upsckata,7,https://forumias.com/blog/wp-content/uploads/2026/03/PRATEEK-JOSHI-UPSC-IAS-2025-Toppers-AIR-196-Sample-MGP-Copy-2.pdf
605,Prateek Joshi,196,2025,GS3,0,Forumias,upsckata,5,https://forumias.com/blog/wp-content/uploads/2026/03/PRATEEK-JOSHI-UPSC-IAS-2025-Toppers-AIR-196-Sample-MGP-Copy-3.pdf
606,Prateek Joshi,196,2025,GS3,0,Forumias,upsckata,10,https://forumias.com/blog/wp-content/uploads/2026/03/PRATEEK-JOSHI-UPSC-IAS-2025-Toppers-AIR-196-Sample-MGP-Copy-4.pdf
1794,Prateek Yadav,208,2025,Essay,0,VisionIAS,link,0,https://cdn.visionias.in/toppersanswerbooklet/e386f-1428670_3128_prateek-yadav_rank_208.pdf
1791,Prateek Yadav,208,2025,GS1,0,VisionIAS,link,0,https://cdn.visionias.in/toppersanswerbooklet/d30f1-1428670_2928_prateek-yadav_rank_208.pdf
1793,Prateek Yadav,208,2025,GS2,0,VisionIAS,link,0,https://cdn.visionias.in/toppersanswerbooklet/9d4f1-1428670_2929_prateek-yadav_rank_208.pdf
1792,Prateek Yadav,208,2025,GS3,0,VisionIAS,link,0,https://cdn.visionias.in/toppersanswerbooklet/b6ef0-1428670_2930_prateek-yadav_rank_208.pdf
1013,Pratibha,,,GS4,0,Vision,upsckata,19,https://drive.google.com/file/d/183ilsyeqbqBQkvWL_XuYF3_iUF3urggC/view
1014,Pratibha V,,,GS4,0,Vision,upsckata,20,https://drive.google.com/file/d/1M97WjDu3Y9pgdsTgOMmA0-3tlaMp7CWh/view
2573,Pratik Nand Kishor,786,2023,Optional — Sociology,1,Level Up IAS,submission,0,https://drive.google.com/file/d/1vQ0z6FO0WOhfqgOhMpNw3VoAUTgL4Zj0/view
1015,Pratyush Pandey,,,GS4,0,Forumias,upsckata,19,https://drive.google.com/file/d/1_-4himN4bdoWs5kvk_PaDOwLnMRy-I5E/view
1865,Praveen Ratnoo,499,2025,Essay,0,VisionIAS,link,0,https://cdn.visionias.in/toppersanswerbooklet/b2a0a-46120289_4514_praveen_ratnoo_rank_499.pdf
1863,Praveen Ratnoo,499,2025,GS1,0,VisionIAS,link,0,https://cdn.visionias.in/toppersanswerbooklet/d6f13-46120289_4510_praveen_ratnoo_rank_499.pdf
1864,Praveen Ratnoo,499,2025,GS3,0,VisionIAS,link,0,https://cdn.visionias.in/toppersanswerbooklet/a0cc6-46120289_4512_praveen_ratnoo_rank_499.pdf
2351,Preeti Kumari,521,2025,Optional — Anthropology,1,Level Up IAS,submission,0,https://drive.google.com/file/d/1a0ZTrXKiwfWhNGMrglJcsUmCw3ibLwkT/view
1261,Preeti Suman,863,2023,GS1,0,UnlockIAS,link,0,https://drive.google.com/file/d/1vki445_SvZcWHnmdyyRyUo7fc8vyWLWD/view
2150,Prince Raj,141,2024,Essay,0,VisionIAS,link,0,https://cdn.visionias.in/toppersanswerbooklet/ec6d2-624717_1752_prince_raj_rank_141.pdf
2151,Prince Raj,141,2024,GS1,0,VisionIAS,link,0,https://cdn.visionias.in/toppersanswerbooklet/81036-624717_1812_prince_raj_rank_141.pdf
2152,Prince Raj,141,2024,GS1,0,VisionIAS,link,0,https://cdn.visionias.in/toppersanswerbooklet/16cc8-624717_1494_prince_raj_rank_141.pdf
1217,Prince Sethi,313,2025,GS1,0,Vajiram & Ravi,link,0,https://vajiramias.sgp1.cdn.digitaloceanspaces.com/strapi/PRINCE_SETHI_SS_GS_1_TEST_1_AIR_313_ca2439f39c.pdf
1304,Prince Sethi,313,2025,GS2,0,Vajiram & Ravi,link,0,https://vajiramias.sgp1.cdn.digitaloceanspaces.com/strapi/PRINCE_SETHI_SS_GS_2_TEST_6_AIR_313_2025_754ec99a86.pdf
1363,Prince Sethi,313,2025,GS3,0,Vajiram & Ravi,link,0,https://vajiramias.sgp1.cdn.digitaloceanspaces.com/strapi/PRINCE_SETHI_SS_GS_3_TEST_8_AIR_313_bfb8feee4e.pdf
1462,Prince Sethi,313,2025,GS4,0,Vajiram & Ravi,link,0,https://vajiramias.sgp1.cdn.digitaloceanspaces.com/strapi/PRINCE_SETHI_SS_GS_4_TEST_4_AIR_313_70869e4780.pdf
2673,Priya kumari,232,2025,Optional — Sociology,1,VisionIAS,submission,0,https://cdn.visionias.in/toppersanswerbooklet/ca8cd-869775_3342_priya_kumari_rank_232.pdf
2674,Priya kumari,232,2025,Optional — Sociology,1,VisionIAS,submission,0,https://cdn.visionias.in/toppersanswerbooklet/49ee3-869775_3343_priya_kumari_rank_232.pdf
607,Priya Rani,69,,GS4,0,Nextias,upsckata,23,https://next-ias-appsquadz.s3.ap-south-1.amazonaws.com/file_library/pdf/original/93393beb2b7e996905ce7ea7f8b78443/88/air-69-priya-rani_test-4_gs4.pdf
2894,Priyadarshini,227,2016,Optional — Sociology,1,VisionIAS,submission,0,https://cdn.visionias.in/toppersanswerbooklet/18218_814_Priyadarshini_Rank_227.pdf
2895,Priyadarshini,227,2016,Optional — Sociology,1,VisionIAS,submission,0,https://cdn.visionias.in/toppersanswerbooklet/18218_815_Priyadarshini_Rank_227.pdf
2896,Priyadarshini,227,2016,Optional — Sociology,1,VisionIAS,submission,0,https://cdn.visionias.in/toppersanswerbooklet/18218_817_Priyadarshini_Rank_227.pdf
2897,Priyadarshini,227,2016,Optional — Sociology,1,VisionIAS,submission,0,https://cdn.visionias.in/toppersanswerbooklet/18218_818_Priyadarshini_Rank_227.pdf
2898,Priyadarshini,227,2016,Optional — Sociology,1,VisionIAS,submission,0,https://cdn.visionias.in/toppersanswerbooklet/18218_819_Priyadarshini_Rank_227.pdf
2899,Priyadarshini,227,2016,Optional — Sociology,1,VisionIAS,submission,0,https://cdn.visionias.in/toppersanswerbooklet/18218_820_Priyadarshini_Rank_227.pdf
2900,Priyadarshini,227,2016,Optional — Sociology,1,VisionIAS,submission,0,https://cdn.visionias.in/toppersanswerbooklet/18218_821_Priyadarshini_Rank_227.pdf
2800,Priyamvada Ashok Mhaddalkar,13,2021,Optional — Sociology,1,VisionIAS,submission,0,https://cdn.visionias.in/toppersanswerbooklet/3445f-1003810_1995_priyamvada-ashok-mhaddalkar_rank-13.pdf
2801,Priyamvada Ashok Mhaddalkar,13,2021,Optional — Sociology,1,VisionIAS,submission,0,https://cdn.visionias.in/toppersanswerbooklet/a5e39-1003810_1996_priyamvada-ashok-mhaddalkar_rank-13.pdf
2802,Priyamvada Ashok Mhaddalkar,13,2021,Optional — Sociology,1,VisionIAS,submission,0,https://cdn.visionias.in/toppersanswerbooklet/ecfaa-1003810_1997_priyamvada-ashok-mhaddalkar_rank-13.pdf
2803,Priyamvada Ashok Mhaddalkar,13,2021,Optional — Sociology,1,VisionIAS,submission,0,https://cdn.visionias.in/toppersanswerbooklet/851ce-1003810_1998_priyamvada-ashok-mhaddalkar_rank-13.pdf
2804,Priyamvada Ashok Mhaddalkar,13,2021,Optional — Sociology,1,VisionIAS,submission,0,https://cdn.visionias.in/toppersanswerbooklet/5e5db-1003810_1999_priyamvada-ashok-mhaddalkar_rank-13.pdf
1660,Priyanka Choudhary,79,2025,GS1,0,VisionIAS,link,0,https://cdn.visionias.in/toppersanswerbooklet/90968-1051591_1515_priyanka_choudhary_rank_79.pdf
1661,Priyanka Choudhary,79,2025,GS1,0,VisionIAS,link,0,https://cdn.visionias.in/toppersanswerbooklet/b2387-1051591_1835_priyanka_choudhary_rank_79.pdf
611,Priyanka Choudhary,,,GS2,0,Vision,upsckata,20,https://cdn.visionias.in/toppersanswerbooklet/b2387-1051591_1835_priyanka_choudhary_rank_79.pdf
610,Priyanka Choudhary,,,GS3,0,Vision,upsckata,20,https://cdn.visionias.in/toppersanswerbooklet/90968-1051591_1515_priyanka_choudhary_rank_79.pdf
608,Priyanka Choudhary,,,GS4,0,Vision,upsckata,23,https://cdn.visionias.in/toppersanswerbooklet/c11de-1051591_1827_priyanka_choudhary_rank_79.pdf
609,Priyanka Choudhary,,,GS4,0,Vision,upsckata,20,https://cdn.visionias.in/toppersanswerbooklet/7b7e2-1051591_1830_priyanka_choudhary_rank_79.pdf
1662,Priyanka Choudhary,79,2025,GS4,0,VisionIAS,link,0,https://cdn.visionias.in/toppersanswerbooklet/c11de-1051591_1827_priyanka_choudhary_rank_79.pdf
1663,Priyanka Choudhary,79,2025,GS4,0,VisionIAS,link,0,https://cdn.visionias.in/toppersanswerbooklet/7b7e2-1051591_1830_priyanka_choudhary_rank_79.pdf
2104,Priyanshu Agrawal,123,2024,Essay,0,VisionIAS,link,0,https://cdn.visionias.in/toppersanswerbooklet/d9d81-1053001_3128_priyanshu_agrawal_rank_123.pdf
2101,Priyanshu Agrawal,123,2024,GS1,0,VisionIAS,link,0,https://cdn.visionias.in/toppersanswerbooklet/0cb94-1053001_2929_priyanshu_agrawal_rank_123.pdf
2102,Priyanshu Agrawal,123,2024,GS1,0,VisionIAS,link,0,https://cdn.visionias.in/toppersanswerbooklet/23389-1053001_2423_priyanshu_agrawal_rank_123.pdf
2103,Priyanshu Agrawal,123,2024,GS1,0,VisionIAS,link,0,https://cdn.visionias.in/toppersanswerbooklet/9dec1-1053001_2422_priyanshu_agrawal_rank_123.pdf
2100,Priyanshu Agrawal,123,2024,GS4,0,VisionIAS,link,0,https://cdn.visionias.in/toppersanswerbooklet/7601d-1053001_2425_priyanshu_agrawal_rank_123.pdf
2460,Priyasha Verma,324,2025,Optional — PSIR,1,Level Up IAS,submission,0,https://drive.google.com/file/d/1fOe8FIdHivofI4RkLHnxC-70fuIETSHA/view
2461,Priyasha Verma,324,2025,Optional — PSIR,1,Level Up IAS,submission,0,https://drive.google.com/file/d/1wNFxv6be-WpXHR_TzclADOWzU7_wPrfE/view
1448,Puru Dubey,86,2025,GS4,0,UnlockIAS,link,0,https://drive.google.com/file/d/1KgnA6O7tCZRmaN4WSFEnODP1wsQwJONK/view
1449,Puru Dubey,86,2025,GS4,0,Vajiram & Ravi,link,0,https://vajiramias.sgp1.cdn.digitaloceanspaces.com/strapi/PURU_DUBEY_ETHICS_c7f9bc9c89.pdf
2667,Puru Dubey,86,2025,Optional — Sociology,1,VisionIAS,submission,0,https://cdn.visionias.in/toppersanswerbooklet/67d58-46119902_4486_puru_dubey_rankrank_86.pdf
2668,Puru Dubey,86,2025,Optional — Sociology,1,VisionIAS,submission,0,https://cdn.visionias.in/toppersanswerbooklet/2826c-46119902_4487_puru_dubey_rankrank_86.pdf
2936,Purva Garg,79,2014,Optional — Sociology,1,VisionIAS,submission,0,https://cdn.visionias.in/toppersanswerbooklet/be132-purva-garg_79_2014_sociology_booklet_1.pdf
2937,Purva Garg,79,2014,Optional — Sociology,1,VisionIAS,submission,0,https://cdn.visionias.in/toppersanswerbooklet/e8b80-purva-garg_79_2014_sociology_booklet_2.pdf
2938,Purva Garg,79,2014,Optional — Sociology,1,VisionIAS,submission,0,https://cdn.visionias.in/toppersanswerbooklet/f1927-purva-garg_79_2014_sociology_booklet_3.pdf
1940,R Rangamanju,24,2024,Essay,0,VisionIAS,link,0,https://cdn.visionias.in/toppersanswerbooklet/584f9-1040615_3128_r_rangamanju_rank_24.pdf
1937,R Rangamanju,24,2024,GS1,0,VisionIAS,link,0,https://cdn.visionias.in/toppersanswerbooklet/3dd7c-1040615_2422_r_rangamanju_rank_24.pdf
1938,R Rangamanju,24,2024,GS1,0,VisionIAS,link,0,https://cdn.visionias.in/toppersanswerbooklet/807e2-1040615_2929_r_rangamanju_rank_24.pdf
1939,R Rangamanju,24,2024,GS1,0,VisionIAS,link,0,https://cdn.visionias.in/toppersanswerbooklet/eef6c-1040615_2930_r_rangamanju_rank_24.pdf
612,R Rangamanju,,,GS2,0,Nextias,upsckata,21,https://www.nextias.com/newuploads/Nextias/2025/4/gs-mac-test-1-rangamanju-1745409219906.pdf
613,R Rangamanju,,,GS2,0,Nextias,upsckata,21,https://www.nextias.com/newuploads/Nextias/2025/4/mts-flt-test-2-rangamanju-1745409296366.pdf
1941,R Rangamanju,24,2024,GS4,0,VisionIAS,link,0,https://cdn.visionias.in/toppersanswerbooklet/aed37-1040615_2931_r_rangamanju_rank_24.pdf
2301,R Rangamanju,24,2024,Optional — Anthropology,1,Level Up IAS,submission,0,https://drive.google.com/file/d/1crFHdar_IFfMqV236mnOj7nec_l8fRXQ/view
614,R Sri Rusat,,2024,Essay,0,Forumias,upsckata,2,https://forumias.com/blog/wp-content/uploads/2025/04/R-SRI-RUSAT-UPSC-2024-Rank-52-MGP-Sample-Copy-2.pdf
616,Raghav Jhunjhunwala,4,2025,Essay,0,Forumias,upsckata,4,https://forumias.com/blog/wp-content/uploads/2026/03/RAGHAV-JHUNJHUNWALA-UPSC-IAS-2025-Toppers-AIR-4-Sample-MGP-Copy-2.pdf
1065,Raghav Jhunjhunwala,4,2025,Essay,0,UnlockIAS,link,0,https://drive.google.com/file/d/1MaVNUdAMkpH2c3_-GBzZTOY-uDiJHF9p/view
1157,Raghav Jhunjhunwala,4,2025,GS1,0,UnlockIAS,link,0,https://drive.google.com/file/d/1tzzHPI9ifW-vQkgz2gjtmPAStcdZc9Fh/view
1158,Raghav Jhunjhunwala,4,2025,GS1,0,UnlockIAS,link,0,https://drive.google.com/file/d/1Twiz7IvsX7n1oWdbUuSGVFxaCUOajrMn/view
1159,Raghav Jhunjhunwala,4,2025,GS1,0,UnlockIAS,link,0,https://drive.google.com/file/d/1zdGBrUQtvMsjOBqn8nF48SgSmL8s5HBt/view
1160,Raghav Jhunjhunwala,4,2025,GS1,0,UnlockIAS,link,0,https://drive.google.com/file/d/1VWeXn99BP4YQ7w2IMuooXFy5Dvnvl4hI/view
1161,Raghav Jhunjhunwala,4,2025,GS1,0,UnlockIAS,link,0,https://drive.google.com/file/d/1JFPu3FrlRIgiD-XmwWTHxyazUaBg4TQL/view
1162,Raghav Jhunjhunwala,4,2025,GS1,0,UnlockIAS,link,0,https://drive.google.com/file/d/14kRob1VPVsqqabzdrBqt6ROtzBPGchV2/view
1163,Raghav Jhunjhunwala,4,2025,GS1,0,UnlockIAS,link,0,https://drive.google.com/file/d/1Xc8ULyBi0XVj2nEg0sac9Ynn2gqYK5te/view
1164,Raghav Jhunjhunwala,4,2025,GS1,0,UnlockIAS,link,0,https://drive.google.com/file/d/1iiwYZLfTQxPs-y_IDl80g-E0HUqGB_mg/view
615,Raghav Jhunjhunwala,4,2025,GS3,0,Forumias,upsckata,24,https://forumias.com/blog/wp-content/uploads/2026/03/RAGHAV-JHUNJHUNWALA-UPSC-IAS-2025-Toppers-AIR-4-Sample-MGP-Copy-1.pdf
1402,Raghav Jhunjhunwala,4,2025,GS4,0,UnlockIAS,link,0,https://drive.google.com/file/d/1iUrqYJsRmsAy3NLTDf-CFfi0XgqxxEeO/view
1403,Raghav Jhunjhunwala,4,2025,GS4,0,UnlockIAS,link,0,https://drive.google.com/file/d/1C3KUzB3TrWy_jh7gOGwCPEdqsX2IMgpl/view
2639,Rahul Bansal,251,2021,Optional — Mathematics,1,SuccessClap,submission,0,https://assets.zyrosite.com/dWxxVpWEZetoMDNk/air251-rahul-bansal-test-copy1-successclap-YBgMVpO54XfBQKol.pdf
2640,Rahul Bansal,251,2021,Optional — Mathematics,1,SuccessClap,submission,0,https://assets.zyrosite.com/dWxxVpWEZetoMDNk/air251-rahul-bansal-test-copy2-successclap-ALpwvJNroesa91QE.pdf
617,Rahul Kumar,,,Essay,0,Vision,upsckata,2,https://cdn.visionias.in/toppersanswerbooklet/5622e-430778_1256_rahul_kumar_rank_141.pdf
1716,Rahul Kumar,141,2025,Essay,0,VisionIAS,link,0,https://cdn.visionias.in/toppersanswerbooklet/5622e-430778_1256_rahul_kumar_rank_141.pdf
618,Rahul Kumar,,,GS4,0,Vision,upsckata,1,https://cdn.visionias.in/toppersanswerbooklet/c74df-430778_1416_rahul-kumar_rank_141.pdf
1717,Rahul Kumar,141,2025,GS4,0,VisionIAS,link,0,https://cdn.visionias.in/toppersanswerbooklet/c74df-430778_1416_rahul-kumar_rank_141.pdf
1718,Rahul Kumar,141,2025,GS4,0,VisionIAS,link,0,https://cdn.visionias.in/toppersanswerbooklet/19625-430778_1525_rahul-kumar_rank_141.pdf
619,Rahul Patil,224,2025,Essay,0,Forumias,upsckata,2,https://forumias.com/blog/wp-content/uploads/2026/03/RAHUL-J-PATILUPSC-IAS-2025-Toppers-AIR-224-Sample-ESSAY-1.pdf
1815,Rahul Patil,224,2025,Essay,0,VisionIAS,link,0,https://cdn.visionias.in/toppersanswerbooklet/a5a0f-472790_2488_rahul-patil_rank_224.pdf
1816,Rahul Patil,224,2025,Essay,0,VisionIAS,link,0,https://cdn.visionias.in/toppersanswerbooklet/526cc-472790_4514_rahul-patil_rank_224.pdf
1813,Rahul Patil,224,2025,GS1,0,VisionIAS,link,0,https://cdn.visionias.in/toppersanswerbooklet/54ca3-472790_4510_rahul-patil_rank_224.pdf
620,Rahul Patil,224,2025,GS2,0,Forumias,upsckata,20,https://forumias.com/blog/wp-content/uploads/2026/03/RAHUL-J-PATILUPSC-IAS-2025-Toppers-AIR-224-Sample-MGP-1.pdf
621,Rahul Patil,224,2025,GS3,0,Forumias,upsckata,20,https://forumias.com/blog/wp-content/uploads/2026/03/RAHUL-J-PATILUPSC-IAS-2025-Toppers-AIR-224-Sample-MGP-2.pdf
622,Rahul Patil,224,2025,GS3,0,Forumias,upsckata,20,https://forumias.com/blog/wp-content/uploads/2026/03/RAHUL-J-PATILUPSC-IAS-2025-Toppers-AIR-224-Sample-MGP-3.pdf
1814,Rahul Patil,224,2025,GS3,0,VisionIAS,link,0,https://cdn.visionias.in/toppersanswerbooklet/c9502-472790_4512_rahul-patil_rank_224.pdf
2389,Rahul Patil,224,2025,Optional — Geography,1,LotusArise,submission,0,https://drive.google.com/file/d/1GtrordLVfWMtXaXVM_H87MvfI4E-tzl1/view
2390,Rahul Patil,224,2025,Optional — Geography,1,LotusArise,submission,0,https://drive.google.com/file/d/1ZVtsqovMAZrkrHrH8sTojp1lBf9oBngk/view
2391,Rahul Patil,224,2025,Optional — Geography,1,LotusArise,submission,0,https://drive.google.com/file/d/1yYFwRpCdEaAgF-qpEx-ZhnavSY2POWXD/view
2392,Rahul Patil,224,2025,Optional — Geography,1,LotusArise,submission,0,https://drive.google.com/file/d/1vrSCUpZtHiz2bHC56Kd-IJ54F-lKQXk2/view
1866,Rahul Sehkhar,4513,2025,GS4,0,VisionIAS,link,0,https://cdn.visionias.in/toppersanswerbooklet/8a3fc-1497703_4513_rahul_shekhar_rank_75.pdf
1214,Rahul Shekhar,242,2024,GS1,0,Vajiram & Ravi,link,0,https://vajiramias.sgp1.cdn.digitaloceanspaces.com/strapi/SS_2024_GS_PAPER_GS_1_RAHUL_SHEKHAR_AIR_242_T_9_c332ccbbf1.pdf
1300,Rahul Shekhar,242,2024,GS2,0,Vajiram & Ravi,link,0,https://vajiramias.sgp1.cdn.digitaloceanspaces.com/strapi/SS_2024_GS_PAPER_GS_2_RAHUL_SHEKHAR_AIR_242_T_2_5f4b8b04f3.pdf
1446,Rahul Shekhar,75,2025,GS4,0,Vajiram & Ravi,link,0,https://vajiramias.sgp1.cdn.digitaloceanspaces.com/strapi/RAHUL_SHEKHAR_GS_4_AIR_75_2025_d5a4a7ce63.pdf
2369,Rahul Shekhar,46,2024,Optional — Forest Service (IFS),1,Vajiram & Ravi,submission,0,https://vajiramias.sgp1.cdn.digitaloceanspaces.com/strapi/RAHUL_SHEKHAR_UPSC_IFS_2024_AIR_46_GS_2_Vaji_1_compressed_3f0b53e638.pdf
2370,Rahul Shekhar,46,2024,Optional — Forest Service (IFS),1,Vajiram & Ravi,submission,0,https://vajiramias.sgp1.cdn.digitaloceanspaces.com/strapi/RAHUL_SHEKHAR_UPSC_IFS_2024_AIR_46_GS_3_Vaji_2_39f57d413c.pdf
2371,Rahul Shekhar,46,2024,Optional — Forest Service (IFS),1,Vajiram & Ravi,submission,0,https://vajiramias.sgp1.cdn.digitaloceanspaces.com/strapi/RAHUL_SHEKHAR_UPSC_IFS_2024_AIR_46_GS_4_T_12_491cbaba48.pdf
1016,Rahul Srivastava,,,GS4,0,Forumias,upsckata,24,https://drive.google.com/file/d/1584A05lYQJ11iIBayn-mtLluj5YUgZ0p/view
1017,Rahul Srivastava,,,GS4,0,Forumias,upsckata,24,https://drive.google.com/file/d/1eKXYEKR36b4qk-qyI3PSEtwbg6MCbJJ3/view
1018,Rahul Srivastava,,,GS4,0,Forumias,upsckata,18,https://drive.google.com/file/d/1miBW1OvWoFBPbFIfyNh_32TmeepSC1g9/view
1171,Raj Krishna Jha,8,2024,GS1,0,UnlockIAS,link,0,https://drive.google.com/file/d/1VjHV_HzUuY3LnYeqqRLHuKJS4L3j-Bh9/view
1172,Raj Krishna Jha,8,2024,GS1,0,UnlockIAS,link,0,https://drive.google.com/file/d/1ffxm204koH-JlKJ1PopIO1XQIz0RiDnu/view
2129,Rajat Singh,132,2024,Essay,0,VisionIAS,link,0,https://cdn.visionias.in/toppersanswerbooklet/89463-390175_3128_rajat_singh_rank_132.pdf
2130,Rajat Singh,132,2024,GS1,0,VisionIAS,link,0,https://cdn.visionias.in/toppersanswerbooklet/f3e72-390175_2928_rajat_singh_rank_132.pdf
2131,Rajat Singh,132,2024,GS1,0,VisionIAS,link,0,https://cdn.visionias.in/toppersanswerbooklet/524ac-390175_2929_rajat_singh_rank_132.pdf
2132,Rajat Singh,132,2024,GS1,0,VisionIAS,link,0,https://cdn.visionias.in/toppersanswerbooklet/bd233-390175_2930_rajat_singh_rank_132.pdf
2566,Rajat Tripathi,515,2023,Optional — Sociology,1,Level Up IAS,submission,0,https://drive.google.com/file/d/1hSm3CQqsffMgQXzN0sBjOsJRcYpTirHn/view
2189,Rajath R,169,2024,GS1,0,VisionIAS,link,0,https://cdn.visionias.in/toppersanswerbooklet/f2b07-1433221_2085_rajath-r_rank_169.pdf
2190,Rajath R,169,2024,GS1,0,VisionIAS,link,0,https://cdn.visionias.in/toppersanswerbooklet/c7e6f-1433221_2339_rajath-r_rank_169.pdf
2500,Rajeshwari,2,2025,Optional — Sociology,1,Level Up IAS,submission,0,https://drive.google.com/file/d/1xtXgxV0U_sc1xpGFvykWJGRUE6EPdirQ/view
2501,Rajeshwari,2,2025,Optional — Sociology,1,Level Up IAS,submission,0,https://drive.google.com/file/d/1WtZUAkzRyfX97roK1UJEScdcrFKp0Lti/view
2298,Rajkesh Meena,953,2024,Essay,0,VisionIAS,link,0,https://cdn.visionias.in/toppersanswerbooklet/cf072-60766_2121_rajkesh_meena_rank_953.pdf
2296,Rajkesh Meena,953,2024,GS1,0,VisionIAS,link,0,https://cdn.visionias.in/toppersanswerbooklet/80765-60766_2212_rajkesh_meena_rank_953.pdf
2297,Rajkesh Meena,953,2024,GS1,0,VisionIAS,link,0,https://cdn.visionias.in/toppersanswerbooklet/a2532-60766_2930_rajkesh_meena_rank_953.pdf
2294,Rajkesh Meena,953,2024,GS4,0,VisionIAS,link,0,https://cdn.visionias.in/toppersanswerbooklet/01b17-60766_1837_rajkesh_meena_rank_998.pdf
2295,Rajkesh Meena,953,2024,GS4,0,VisionIAS,link,0,https://cdn.visionias.in/toppersanswerbooklet/e514b-60766_2931_rajkesh_meena_rank_998.pdf
2260,Rajnish patel,718,2024,Essay,0,VisionIAS,link,0,https://cdn.visionias.in/toppersanswerbooklet/a265b-984013_3128_rajnish_patel_rank_718.pdf
2257,Rajnish patel,718,2024,GS4,0,VisionIAS,link,0,https://cdn.visionias.in/toppersanswerbooklet/7cff9-984013_2425_rajnish_patel_rank_718.pdf
2258,Rajnish patel,718,2024,GS4,0,VisionIAS,link,0,https://cdn.visionias.in/toppersanswerbooklet/2b2c3-984013_1865_rajnish_patel_rank_718.pdf
2259,Rajnish patel,718,2024,GS4,0,VisionIAS,link,0,https://cdn.visionias.in/toppersanswerbooklet/584ad-984013_2931_rajnish_patel_rank_718.pdf
2310,Rajput Neha,51,2023,Optional — Anthropology,1,Level Up IAS,submission,0,https://drive.google.com/file/d/1pQT6OZSuNoiqo2TeAU-efn7huA9oH_3K/view
1632,Rakhi,65,2025,Essay,0,VisionIAS,link,0,https://cdn.visionias.in/toppersanswerbooklet/0aad2-45942651_3282_rakhi_rank_65.pdf
624,Rakhi,,,GS1,0,Vision,upsckata,20,https://cdn.visionias.in/toppersanswerbooklet/1093d-45942651_4510_rakhi_rank_65.pdf
1633,Rakhi,65,2025,GS1,0,VisionIAS,link,0,https://cdn.visionias.in/toppersanswerbooklet/1093d-45942651_4510_rakhi_rank_65.pdf
625,Rakhi,,,GS2,0,Vision,upsckata,20,https://cdn.visionias.in/toppersanswerbooklet/ea16e-45942651_2714_rakhi_rank_65.pdf
1630,Rakhi,65,2025,GS2,0,VisionIAS,link,0,https://cdn.visionias.in/toppersanswerbooklet/ea16e-45942651_2714_rakhi_rank_65.pdf
626,Rakhi,,,GS3,0,Vision,upsckata,20,https://cdn.visionias.in/toppersanswerbooklet/0123f-45942651_4512_rakhi_rank_65.pdf
1634,Rakhi,65,2025,GS3,0,VisionIAS,link,0,https://cdn.visionias.in/toppersanswerbooklet/0123f-45942651_4512_rakhi_rank_65.pdf
623,Rakhi,,,GS4,0,Vision,upsckata,22,https://cdn.visionias.in/toppersanswerbooklet/8a8d5-45942651_2720_rakhi_rank_65.pdf
1631,Rakhi,65,2025,GS4,0,VisionIAS,link,0,https://cdn.visionias.in/toppersanswerbooklet/8a8d5-45942651_2720_rakhi_rank_65.pdf
2659,Rakhi,65,2025,Optional — PSIR,1,VisionIAS,submission,0,https://cdn.visionias.in/toppersanswerbooklet/19049-45942651_4517_rakhi_rank_65.pdf
2660,Rakhi,65,2025,Optional — PSIR,1,VisionIAS,submission,0,https://cdn.visionias.in/toppersanswerbooklet/d821c-45942651_4518_rakhi_rank_65.pdf
1112,Ram Kishankumar Lakhmanbhai,474,2025,Essay,0,Vajiram & Ravi,link,0,https://vajiramias.sgp1.cdn.digitaloceanspaces.com/strapi/RAM_KISHANKUMAR_LAKHMANBHAI_ESSAY_RANKER_PROGRAMME_TEST_1_AIR_474_2025_3b41462538.pdf
1473,Ram Kishankumar Lakhmanbhai,474,2025,GS4,0,Vajiram & Ravi,link,0,https://vajiramias.sgp1.cdn.digitaloceanspaces.com/strapi/RAM_KISHANKUMAR_LAKHMANBHAI_SS_GS_4_AIR_474_2025_61c32dbd79.pdf
2249,Ram Niwas Siyag,618,2024,GS4,0,VisionIAS,link,0,https://cdn.visionias.in/toppersanswerbooklet/4ee94-01324858_2931_ram_niwas_siyag_rank_618.pdf
627,Ram Singh,,,GS3,0,Nextias,upsckata,3,https://next-ias-appsquadz.s3.ap-south-1.amazonaws.com/file_library/pdf/original/17ef4fb3aefb378e39a7d318fca39819/75/mt23macen007_tc061.pdf
1073,Ranga Manju,24,2024,Essay,0,UnlockIAS,link,0,https://drive.google.com/file/d/1qC7pArXCDFwMuP20eJyX36v_aU0FdNYk/view
1426,Ranga Manju,24,2024,GS4,0,UnlockIAS,link,0,https://drive.google.com/file/d/1NmBiogjYiG0iEuxUHB_90ZPux7AuwHdm/view
1427,Ranga Manju,24,2024,GS4,0,UnlockIAS,link,0,https://drive.google.com/file/d/1TQDrvkutlCTWPjJFVIvaEBfN-tIkuX1s/view
1428,Ranga Manju,24,2024,GS4,0,UnlockIAS,link,0,https://drive.google.com/file/d/1dB69EWxNZ96Ibu0b7fHexKbIBlRSd1sU/view
628,Rasneet Kaur,,,Essay,0,Visionias,upsckata,5,https://cdn.visionias.in/toppersanswerbooklet/0c8d7-46054445_4514_rasneet_kaur_rank_51.pdf
1592,Rasneet Kaur,51,2025,Essay,0,VisionIAS,link,0,https://cdn.visionias.in/toppersanswerbooklet/0c8d7-46054445_4514_rasneet_kaur_rank_51.pdf
630,Rasneet Kaur,,,GS1,0,Vision,upsckata,20,https://cdn.visionias.in/toppersanswerbooklet/565c8-46054445_4510_rasneet_kaur_rank_51.pdf
1588,Rasneet Kaur,51,2025,GS1,0,VisionIAS,link,0,https://cdn.visionias.in/toppersanswerbooklet/565c8-46054445_4510_rasneet_kaur_rank_51.pdf
631,Rasneet Kaur,,,GS2,0,Vision,upsckata,21,https://cdn.visionias.in/toppersanswerbooklet/3dc80-46054445_4511_rasneet_kaur_rank_51.pdf
1589,Rasneet Kaur,51,2025,GS2,0,VisionIAS,link,0,https://cdn.visionias.in/toppersanswerbooklet/3dc80-46054445_4511_rasneet_kaur_rank_51.pdf
632,Rasneet Kaur,,,GS3,0,Vision,upsckata,22,https://cdn.visionias.in/toppersanswerbooklet/6347f-46054445_4512_rasneet_kaur_rank_51.pdf
1590,Rasneet Kaur,51,2025,GS3,0,VisionIAS,link,0,https://cdn.visionias.in/toppersanswerbooklet/6347f-46054445_4512_rasneet_kaur_rank_51.pdf
629,Rasneet Kaur,,,GS4,0,Vision,upsckata,24,https://cdn.visionias.in/toppersanswerbooklet/df294-46054445_4513_rasneet_kaur_rank_51.pdf
1591,Rasneet Kaur,51,2025,GS4,0,VisionIAS,link,0,https://cdn.visionias.in/toppersanswerbooklet/df294-46054445_4513_rasneet_kaur_rank_51.pdf
2653,Rasneet Kaur,51,2025,Optional — Anthropology,1,VisionIAS,submission,0,https://cdn.visionias.in/toppersanswerbooklet/584b6-46054445_4521_rasneet_kaur_rank_51.pdf
2654,Rasneet Kaur,51,2025,Optional — Anthropology,1,VisionIAS,submission,0,https://cdn.visionias.in/toppersanswerbooklet/44cb8-46054445_4522_rasneet_kaur_rank_51.pdf
1487,Ravi Gangwar,616,2023,GS4,0,UnlockIAS,link,0,https://drive.google.com/file/d/1QWVg-269klCuwBvnP1CLeBNpQevrS6h-/view
1100,Ravish Mittal,379,2024,Essay,0,UnlockIAS,link,0,https://drive.google.com/file/d/1nMCHERNc4sfMKqi1FON124iMz9YHvmTW/view
1101,Ravish Mittal,379,2024,Essay,0,UnlockIAS,link,0,https://drive.google.com/file/d/1ZcjociW7595J66fUGymUDIQin-e0tnmu/view
1102,Ravish Mittal,379,2024,Essay,0,UnlockIAS,link,0,https://drive.google.com/file/d/1u_Nm1w_98waMr7Kib5YD5yaWpi5-AJLf/view
1307,Ravish Mittal,379,2024,GS2,0,UnlockIAS,link,0,https://drive.google.com/file/d/1OUwLn3j0FF4ftlDDh4G0_ubjzouA7juY/view
2561,Ravish Mittal,379,2024,Optional — Sociology,1,Level Up IAS,submission,0,https://drive.google.com/file/d/1Xwyf_yTTcKv27BGqX26wTPH0HuZNCXzc/view
2564,Ravish Mittal,405,2023,Optional — Sociology,1,Level Up IAS,submission,0,https://drive.google.com/file/d/128wH7ofevBhQmL8oze3d2ZnOONYkUnOe/view
1437,Ravula Jayasimha Reddy,46,2024,GS4,0,UnlockIAS,link,0,https://drive.google.com/file/d/1C-HaGLQc2KTVUTku7-1tyfwHy4-QR8EW/view
1970,Ravula Jayasimha Reddy,46,2024,GS4,0,VisionIAS,link,0,https://cdn.visionias.in/toppersanswerbooklet/3b8a2-714260_1865_ravula-jayasimha-reddy_rank_46.pdf
1234,Reshma Nivetha R,498,2025,GS1,0,Vajiram & Ravi,link,0,https://vajiramias.sgp1.cdn.digitaloceanspaces.com/strapi/RESHMA_NIVETHA_SS_GS_1_AIR_498_2025_1345e7a8ed.pdf
1317,Reshma Nivetha R,498,2025,GS2,0,Vajiram & Ravi,link,0,https://vajiramias.sgp1.cdn.digitaloceanspaces.com/strapi/RESHMA_NIVETHA_SS_GS_2_AIR_498_2025_c7e1113f21.pdf
1476,Reshma Nivetha R,498,2025,GS4,0,Vajiram & Ravi,link,0,https://vajiramias.sgp1.cdn.digitaloceanspaces.com/strapi/RESHMA_NIVETHA_SS_GS_4_AIR_498_2025_e093c4e273.pdf
2423,Rhythm Kataria,370,2025,Optional — Law,1,De Facto Law,submission,0,https://www.defactolaw.in/_files/ugd/9bce74_c32022c79dab4d55a1c54d798027aba8.pdf
2424,Rhythm Kataria,370,2025,Optional — Law,1,De Facto Law,submission,0,https://www.defactolaw.in/_files/ugd/9bce74_94b56225acc743dfaf946ba0f2a1b43a.pdf
2425,Rhythm Kataria,370,2025,Optional — Law,1,De Facto Law,submission,0,https://www.defactolaw.in/_files/ugd/9bce74_51baf40309a1463a8df82e38ba43f44d.pdf
2426,Rhythm Kataria,370,2025,Optional — Law,1,De Facto Law,submission,0,https://www.defactolaw.in/_files/ugd/9bce74_9fdbe3a6cb5e4b158f073e91f0ff6ded.pdf
1019,Ria Dabi,,,GS4,0,Vision,upsckata,4,https://drive.google.com/file/d/1DtUdzZx4Ge6Ajxo1bCoUVZqXp4lPtIQb/view
1020,Ria Dabi,,,GS4,0,Vision,upsckata,4,https://drive.google.com/file/d/17rhNPXr63xuRgMCWmTXE-kAxEZ5aIduR/view
2524,Ria Kaur,89,2024,Optional — Sociology,1,Level Up IAS,submission,0,https://drive.google.com/file/d/1vP4W9IPIf6FiDOM0babxLEr8m2J3Wlzp/view
2039,Ria Kaur Sethi,89,2024,Essay,0,VisionIAS,link,0,https://cdn.visionias.in/toppersanswerbooklet/b7e10-924617_2121_ria_kaur_sethi_rank_89.pdf
633,Ria Kaur Sethi,,2024,GS2,0,Forumias,upsckata,20,https://forumias.com/blog/wp-content/uploads/2025/04/RIA-KAUR-SETHI-UPSC-2024-Rank-89-MGP-Sample-Copy-2.pdf
634,Rishabh,132,2025,GS2,0,Forumias,upsckata,3,https://forumias.com/blog/wp-content/uploads/2026/03/RISHABH-YADAVUPSC-IAS-2025-Toppers-AIR-132-Sample-GSAP-Copy-1.pdf
1222,Rishabh Bhatt,363,2023,GS1,0,UnlockIAS,link,0,https://drive.google.com/file/d/1zm5B2wotFeKKCEh7NdgQJjhNP3U4kGos/view
1944,Rishabh Choudhary,28,2024,Essay,0,VisionIAS,link,0,https://cdn.visionias.in/toppersanswerbooklet/656d8-1091282_2124_rishabh_choudhary_rank_28.pdf
635,Rishabh Choudhary,,2024,GS1,0,Forumias,upsckata,20,https://forumias.com/blog/wp-content/uploads/2025/04/RISHABH-CHOUDHARY-UPSC-2024-Rank-28-MGP-Sample-Copy-1.pdf
1946,Rishabh Choudhary,28,2024,GS1,0,VisionIAS,link,0,https://cdn.visionias.in/toppersanswerbooklet/34e17-1091282_2086_rishabh_choudhary_rank_28.pdf
1947,Rishabh Choudhary,28,2024,GS1,0,VisionIAS,link,0,https://cdn.visionias.in/toppersanswerbooklet/5d7c7-1091282_2085_rishabh_choudhary_rank_28.pdf
1948,Rishabh Choudhary,28,2024,GS1,0,VisionIAS,link,0,https://cdn.visionias.in/toppersanswerbooklet/a0353-1091282_2087_rishabh_choudhary_rank_28.pdf
1945,Rishabh Choudhary,28,2024,GS4,0,VisionIAS,link,0,https://cdn.visionias.in/toppersanswerbooklet/6aa13-1091282_2092_rishabh_choudhary_rank_28.pdf
636,Rishabh Sharma,116,2025,Essay,0,Forumias,upsckata,3,https://forumias.com/blog/wp-content/uploads/2026/03/RISHABH-SHARMAUPSC-IAS-2025-Toppers-AIR-116-Sample-Essay-Copy-1.pdf
637,Rishabh Sharma,116,2025,GS1,0,Forumias,upsckata,21,https://forumias.com/blog/wp-content/uploads/2026/03/RISHABH-SHARMAUPSC-IAS-2025-Toppers-AIR-116-Sample-MGP-Copy-1.pdf
638,Rishabh Sharma,116,2025,GS3,0,Forumias,upsckata,20,https://forumias.com/blog/wp-content/uploads/2026/03/RISHABH-SHARMAUPSC-IAS-2025-Toppers-AIR-116-Sample-MGP-Copy-2.pdf
639,Rishabh Yadav,132,2025,Essay,0,Forumias,upsckata,2,https://forumias.com/blog/wp-content/uploads/2026/03/RISHABH-YADAVUPSC-IAS-2025-Toppers-AIR-132-Sample-MGP-Copy-2.pdf
640,Rishabh Yadav,132,2025,GS1,0,Forumias,upsckata,20,https://forumias.com/blog/wp-content/uploads/2026/03/RISHABH-YADAVUPSC-IAS-2025-Toppers-AIR-132-Sample-MGP-Copy-3.pdf
641,Rishabh Yadav,132,2025,GS4,0,Forumias,upsckata,21,https://forumias.com/blog/wp-content/uploads/2026/03/RISHABH-YADAVUPSC-IAS-2025-Toppers-AIR-132-Sample-MGP-Copy-4.pdf
2345,Rishikesh Thakre,224,2023,Optional — Anthropology,1,Level Up IAS,submission,0,https://drive.google.com/file/d/1vP08RpBHc1aVMccig06yVYLTKL0TWQ9T/view
642,Rishul Neema,267,2025,GS1,0,Forumias,upsckata,21,https://forumias.com/blog/wp-content/uploads/2026/03/RISHUL-NEEMAUPSC-IAS-2025-Toppers-AIR-267-Sample-MGP-Copy-1.pdf
1216,Rishul Neema,267,2025,GS1,0,Vajiram & Ravi,link,0,https://vajiramias.sgp1.cdn.digitaloceanspaces.com/strapi/RISHUL_NEEMA_MAINS_TEST_SERIES_GS_1_TEST_6_AIR_267_ec807a6ceb.pdf
1835,Rishul Neema,267,2025,GS1,0,VisionIAS,link,0,https://cdn.visionias.in/toppersanswerbooklet/0a788-1483290_4510_rishul-neema_rank_267.pdf
643,Rishul Neema,267,2025,GS2,0,Forumias,upsckata,20,https://forumias.com/blog/wp-content/uploads/2026/03/RISHUL-NEEMAUPSC-IAS-2025-Toppers-AIR-267-Sample-MGP-Copy-2.pdf
1302,Rishul Neema,267,2025,GS2,0,Vajiram & Ravi,link,0,https://vajiramias.sgp1.cdn.digitaloceanspaces.com/strapi/RISHUL_NEEMA_MAINS_TEST_SERIES_GS_2_TEST_3_AIR_267_fdb2dad670.pdf
1303,Rishul Neema,267,2025,GS2,0,Vajiram & Ravi,link,0,https://vajiramias.sgp1.cdn.digitaloceanspaces.com/strapi/RISHUL_NEEMA_MAINS_TEST_SERIES_GS_2_TEST_6_AIR_267_c34a42d80d.pdf
644,Ritik Singhvi,203,2025,Essay,0,Forumias,upsckata,2,https://forumias.com/blog/wp-content/uploads/2026/03/RITIK-SINGHVI-PUPSC-IAS-2025-Toppers-AIR-203-Sample-ESSAY-Copy-2.pdf
645,Ritik Singhvi P,203,2025,Essay,0,Forumias,upsckata,3,https://forumias.com/blog/wp-content/uploads/2026/03/RITIK-SINGHVI-PUPSC-IAS-2025-Toppers-AIR-203-Sample-ESSAY-Copy-1.pdf
647,Ritik Singhvi P,203,2025,GS2,0,Forumias,upsckata,20,https://forumias.com/blog/wp-content/uploads/2026/03/RITIK-SINGHVI-PUPSC-IAS-2025-Toppers-AIR-203-Sample-MGP-Copy-2.pdf
646,Ritik Singhvi P,203,2025,GS3,0,Forumias,upsckata,21,https://forumias.com/blog/wp-content/uploads/2026/03/RITIK-SINGHVI-PUPSC-IAS-2025-Toppers-AIR-203-Sample-MGP-Copy-1.pdf
650,Ritika Chitlangia,,,Essay,0,Nextias,upsckata,1,https://www.nextias.com/newuploads/Nextias/2025/5/ritika-test-10-1747226197292.pdf
652,Ritika Chitlangia,,,Essay,0,Nextias,upsckata,2,https://www.nextias.com/newuploads/Nextias/2025/5/ritika-test-11-1747226220030.pdf
654,Ritika Chitlangia,,,Essay,0,Nextias,upsckata,5,https://www.nextias.com/newuploads/Nextias/2025/5/ritika-test-12-1747226345419.pdf
648,Ritika Chitlangia,,2024,GS1,0,Forumias,upsckata,20,https://forumias.com/blog/wp-content/uploads/2025/04/RITIKA-CHITLANGIA-UPSC-2024-Rank-55-MGP-Sample-Copy-1.pdf
657,Ritika Chitlangia,,,GS1,0,Nextias,upsckata,10,https://www.nextias.com/newuploads/Nextias/2025/5/ritika-test-15-1747226394362.pdf
658,Ritika Chitlangia,,,GS1,0,Nextias,upsckata,20,https://www.nextias.com/newuploads/Nextias/2025/5/ritika-test-16-1747226407397.pdf
664,Ritika Chitlangia,,,GS1,0,Nextias,upsckata,10,https://www.nextias.com/newuploads/Nextias/2025/5/ritika-test-21-1747226504882.pdf
665,Ritika Chitlangia,,,GS1,0,Nextias,upsckata,20,https://www.nextias.com/newuploads/Nextias/2025/5/ritika-test-22-1747226517151.pdf
669,Ritika Chitlangia,,,GS1,0,Nextias,upsckata,10,https://www.nextias.com/newuploads/Nextias/2025/5/ritika-test-27-1747226607278.pdf
670,Ritika Chitlangia,,,GS1,0,Nextias,upsckata,20,https://www.nextias.com/newuploads/Nextias/2025/5/ritika-test-28-1747307294971.pdf
671,Ritika Chitlangia,,,GS1,0,Nextias,upsckata,23,https://www.nextias.com/newuploads/Nextias/2025/5/ritika-test-3-1747228309656.pdf
649,Ritika Chitlangia,,,GS2,0,Nextias,upsckata,20,https://www.nextias.com/newuploads/Nextias/2025/5/ritika-test-1-1747228262606.pdf
651,Ritika Chitlangia,,,GS2,0,Nextias,upsckata,25,https://www.nextias.com/newuploads/Nextias/2025/5/ritika-test-10-1747228522461.pdf
662,Ritika Chitlangia,,,GS2,0,Nextias,upsckata,21,https://www.nextias.com/newuploads/Nextias/2025/5/ritika-test-2-1747228295989.pdf
667,Ritika Chitlangia,,,GS2,0,Nextias,upsckata,10,https://www.nextias.com/newuploads/Nextias/2025/5/ritika-test-25-1747226575083.pdf
668,Ritika Chitlangia,,,GS2,0,Nextias,upsckata,20,https://www.nextias.com/newuploads/Nextias/2025/5/ritika-test-26-1747226589083.pdf
672,Ritika Chitlangia,,,GS2,0,Nextias,upsckata,20,https://www.nextias.com/newuploads/Nextias/2025/5/ritika-test-4-1747228326193.pdf
673,Ritika Chitlangia,,,GS2,0,Nextias,upsckata,20,https://www.nextias.com/newuploads/Nextias/2025/5/ritika-test-5-1747228349207.pdf
675,Ritika Chitlangia,,,GS2,0,Nextias,upsckata,20,https://www.nextias.com/newuploads/Nextias/2025/5/ritika-test-7-1747228468707.pdf
676,Ritika Chitlangia,,,GS2,0,Nextias,upsckata,20,https://www.nextias.com/newuploads/Nextias/2025/5/ritika-test-9-1747228508265.pdf
659,Ritika Chitlangia,,,GS3,0,Nextias,upsckata,10,https://www.nextias.com/newuploads/Nextias/2025/5/ritika-test-17-1747226423981.pdf
660,Ritika Chitlangia,,,GS3,0,Nextias,upsckata,20,https://www.nextias.com/newuploads/Nextias/2025/5/ritika-test-18-1747226444610.pdf
661,Ritika Chitlangia,,,GS3,0,Nextias,upsckata,20,https://www.nextias.com/newuploads/Nextias/2025/5/ritika-test-19-1747226461965.pdf
663,Ritika Chitlangia,,,GS3,0,Nextias,upsckata,22,https://www.nextias.com/newuploads/Nextias/2025/5/ritika-test-20-1747226493378.pdf
666,Ritika Chitlangia,,,GS3,0,Nextias,upsckata,10,https://www.nextias.com/newuploads/Nextias/2025/5/ritika-test-23-1747226531493.pdf
653,Ritika Chitlangia,,,GS4,0,Nextias,upsckata,26,https://www.nextias.com/newuploads/Nextias/2025/5/ritika-test-11-1747228535045.pdf
655,Ritika Chitlangia,,,GS4,0,Nextias,upsckata,11,https://www.nextias.com/newuploads/Nextias/2025/5/ritika-test-13-1747226364895.pdf
656,Ritika Chitlangia,,,GS4,0,Nextias,upsckata,19,https://www.nextias.com/newuploads/Nextias/2025/5/ritika-test-14-1747226380860.pdf
674,Ritika Chitlangia,,,GS4,0,Nextias,upsckata,25,https://www.nextias.com/newuploads/Nextias/2025/5/ritika-test-6-1747228451975.pdf
1761,Ritika Pandey,185,2025,GS1,0,VisionIAS,link,0,https://cdn.visionias.in/toppersanswerbooklet/57619-976428_2928_ritika-pandey_rank_185.pdf
1762,Ritika Pandey,185,2025,GS2,0,VisionIAS,link,0,https://cdn.visionias.in/toppersanswerbooklet/669f9-976428_1812_ritika-pandey_rank_185.pdf
1763,Ritika Pandey,185,2025,GS3,0,VisionIAS,link,0,https://cdn.visionias.in/toppersanswerbooklet/7889c-976428_2930_ritika-pandey_rank_185.pdf
1764,Ritika Pandey,185,2025,GS4,0,VisionIAS,link,0,https://cdn.visionias.in/toppersanswerbooklet/0297a-976428_1827_ritika-pandey_rank_185.pdf
1765,Ritika Pandey,185,2025,GS4,0,VisionIAS,link,0,https://cdn.visionias.in/toppersanswerbooklet/9ed44-976428_2931_ritika-pandey_rank_185.pdf
1976,Ritika Rath,48,2024,Essay,0,VisionIAS,link,0,https://cdn.visionias.in/toppersanswerbooklet/5a4fd-1213334_2488_ritika_rath_rank_48.pdf
677,Ritika Rath,,2024,GS1,0,Forumias,upsckata,20,https://forumias.com/blog/wp-content/uploads/2025/04/RITIKA-RATH-UPSC-2024-Rank-48-MGP-Sample-Copy-3.pdf
1977,Ritika Rath,48,2024,GS1,0,VisionIAS,link,0,https://cdn.visionias.in/toppersanswerbooklet/75826-1213334_2085_ritika_rath_rank_48.pdf
1978,Ritika Rath,48,2024,GS1,0,VisionIAS,link,0,https://cdn.visionias.in/toppersanswerbooklet/c23a0-1213334_2086_ritika_rath_rank_48.pdf
1979,Ritika Rath,48,2024,GS1,0,VisionIAS,link,0,https://cdn.visionias.in/toppersanswerbooklet/b2567-1213334_2087_ritika_rath_rank_48.pdf
1975,Ritika Rath,48,2024,GS4,0,VisionIAS,link,0,https://cdn.visionias.in/toppersanswerbooklet/7501f-1213334_2931_ritika-rath_rank_48.pdf
678,Ritu Goyal,223,2025,GS1,0,Forumias,upsckata,20,https://forumias.com/blog/wp-content/uploads/2026/03/RITU-GOYALUPSC-IAS-2025-Toppers-AIR-223-Sample-MGP-Copy-1.pdf
679,Ritu Goyal,223,2025,GS2,0,Forumias,upsckata,20,https://forumias.com/blog/wp-content/uploads/2026/03/RITU-GOYALUPSC-IAS-2025-Toppers-AIR-223-Sample-MGP-Copy-2.pdf
680,Ritu Goyal,223,2025,GS3,0,Forumias,upsckata,20,https://forumias.com/blog/wp-content/uploads/2026/03/RITU-GOYALUPSC-IAS-2025-Toppers-AIR-223-Sample-MGP-Copy-3.pdf
2084,Ritwik Mehta,115,2024,Essay,0,VisionIAS,link,0,https://cdn.visionias.in/toppersanswerbooklet/b8c72-149946_3128_ritwik-_mehta_rank_115.pdf
2081,Ritwik Mehta,115,2024,GS1,0,VisionIAS,link,0,https://cdn.visionias.in/toppersanswerbooklet/c776a-149946_2085_ritwik-_mehta_rank_115.pdf
2082,Ritwik Mehta,115,2024,GS1,0,VisionIAS,link,0,https://cdn.visionias.in/toppersanswerbooklet/a98c8-149946_2929_ritwik-_mehta_rank_115.pdf
2083,Ritwik Mehta,115,2024,GS1,0,VisionIAS,link,0,https://cdn.visionias.in/toppersanswerbooklet/a45a1-149946_2930_ritwik-_mehta_rank_115.pdf
2080,Ritwik Mehta,115,2024,GS4,0,VisionIAS,link,0,https://cdn.visionias.in/toppersanswerbooklet/36542-149946_1830_ritwik_mehta_rank_115.pdf
1931,Riya Saini,22,2024,GS1,0,VisionIAS,link,0,https://cdn.visionias.in/toppersanswerbooklet/b5e38-1120816_1829_riya_saini_rank_22.pdf
1932,Riya Saini,22,2024,GS1,0,VisionIAS,link,0,https://cdn.visionias.in/toppersanswerbooklet/8f18f-1120816_1832_riya_saini_rank_22.pdf
1933,Riya Saini,22,2024,GS1,0,VisionIAS,link,0,https://cdn.visionias.in/toppersanswerbooklet/29c04-1120816_1826_riya_saini_rank_22.pdf
681,Riya Saini,,2024,GS3,0,Forumias,upsckata,3,https://forumias.com/blog/wp-content/uploads/2025/04/RIYA-SAINI-UPSC-2024-Rank-22-MGP-Sample-Copy-1.pdf
1934,Riya Saini,22,2024,GS4,0,VisionIAS,link,0,https://cdn.visionias.in/toppersanswerbooklet/4dda0-1120816_1827_riya_saini_rank_22.pdf
1935,Riya Saini,22,2024,GS4,0,VisionIAS,link,0,https://cdn.visionias.in/toppersanswerbooklet/89076-1120816_1819_riya_saini_rank_22.pdf
2512,Riya Saini,22,2024,Optional — Sociology,1,Level Up IAS,submission,0,https://drive.google.com/file/d/1c6DSsZRWutgcWQVi8wD1bNkPVgtmHclh/view
682,Rohin Kumar,,,GS1,0,Forumias,upsckata,28,https://forumias.com/blog/wp-content/uploads/2026/03/400960_833220_1910139147.pdf
683,Rohin Kumar,39,2025,GS4,0,Forumias,upsckata,21,https://forumias.com/blog/wp-content/uploads/2026/03/ROHIN-KUMAR-UPSC-IAS-2025-Toppers-AIR-39-Sample-MGP-Copy-2.pdf
2576,Rohit Sattawan,997,2023,Optional — Sociology,1,Level Up IAS,submission,0,https://drive.google.com/file/d/1_eHTNH1qG70Vb3RIJRI5dH-MT9OJmDzv/view
2011,Rohit Singhal,70,2024,Essay,0,VisionIAS,link,0,https://cdn.visionias.in/toppersanswerbooklet/cae0c-562816_3128_rohit_singhal_rank_70.pdf
2010,Rohit Singhal,70,2024,GS4,0,VisionIAS,link,0,https://cdn.visionias.in/toppersanswerbooklet/74d83-562816_2931_rohit_singhal_rank_70.pdf
1942,Romil Dwivedi,27,2024,GS1,0,VisionIAS,link,0,https://cdn.visionias.in/toppersanswerbooklet/99636-1049612_2217_romil_dwivedi_rank_27.pdf
1943,Romil Dwivedi,27,2024,GS1,0,VisionIAS,link,0,https://cdn.visionias.in/toppersanswerbooklet/b040b-1049612_2218_romil_dwivedi_rank_27.pdf
1749,Ruchi Singh,171,2025,Essay,0,VisionIAS,link,0,https://cdn.visionias.in/toppersanswerbooklet/83e83-288173_4514_ruchi-singh_rank_171.pdf
1744,Ruchi Singh,171,2025,GS1,0,VisionIAS,link,0,https://cdn.visionias.in/toppersanswerbooklet/0597c-288173_1417_ruchi-singh_rank_171.pdf
1745,Ruchi Singh,171,2025,GS2,0,VisionIAS,link,0,https://cdn.visionias.in/toppersanswerbooklet/a37ee-288173_2423_ruchi-singh_rank_171.pdf
1746,Ruchi Singh,171,2025,GS3,0,VisionIAS,link,0,https://cdn.visionias.in/toppersanswerbooklet/7fdcb-288173_2424_ruchi-singh_rank_171.pdf
1747,Ruchi Singh,171,2025,GS4,0,VisionIAS,link,0,https://cdn.visionias.in/toppersanswerbooklet/07465-288173_1420_ruchi-singh_rank_171.pdf
1748,Ruchi Singh,171,2025,GS4,0,VisionIAS,link,0,https://cdn.visionias.in/toppersanswerbooklet/e46ab-288173_1525_ruchi-singh_rank_171.pdf
2908,RUCHIR PANDEY,52,2015,Optional — Public Administration,1,VisionIAS,submission,0,https://cdn.visionias.in/toppersanswerbooklet/52_Richir%20Pandey_16882_667_PUB%20AD.pdf
2909,RUCHIR PANDEY,52,2015,Optional — Public Administration,1,VisionIAS,submission,0,https://cdn.visionias.in/toppersanswerbooklet/52_Richir%20Pandey_16882_668_PUB%20AD.pdf
684,Ruhani,5,,GS1,0,Nextias,upsckata,20,https://next-ias-appsquadz.s3.ap-south-1.amazonaws.com/file_library/pdf/original/ee21bf4c91767f03906ea17bc7230b10/105/air-5-ruhani_test-1_gs1.pdf
686,Ruhani,5,,GS2,0,Nextias,upsckata,20,https://next-ias-appsquadz.s3.ap-south-1.amazonaws.com/file_library/pdf/original/ee21bf4c91767f03906ea17bc7230b10/113/air-5-ruhani_test-2_gs2.pdf
685,Ruhani,5,,GS3,0,Nextias,upsckata,20,https://next-ias-appsquadz.s3.ap-south-1.amazonaws.com/file_library/pdf/original/ee21bf4c91767f03906ea17bc7230b10/107/air-5-ruhani_test-3_gs3.pdf
687,Ruhani,5,,GS4,0,Nextias,upsckata,22,https://next-ias-appsquadz.s3.ap-south-1.amazonaws.com/file_library/pdf/original/ee21bf4c91767f03906ea17bc7230b10/115/air-5-ruhani_test-4_gs4.pdf
1574,Rupal Jaiswal,43,2025,Essay,0,VisionIAS,link,0,https://cdn.visionias.in/toppersanswerbooklet/0f653-1378810_2483_rupal_jaiswal_rank_43.pdf
688,Rupal Jaiswal,43,2025,GS3,0,Forumias,upsckata,4,https://forumias.com/blog/wp-content/uploads/2026/03/RUPAL-JAISWAL-UPSC-IAS-2025-Toppers-AIR-43-Sample-MGP-Copy-1.pdf
689,Rupal Jaiswal,43,2025,GS4,0,Forumias,upsckata,12,https://forumias.com/blog/wp-content/uploads/2026/03/RUPAL-JAISWAL-UPSC-IAS-2025-Toppers-AIR-43-Sample-MGP-Copy-2.pdf
690,Rupal Jaiswal,,,GS4,0,Insights,upsckata,3,https://cdn.visionias.in/toppersanswerbooklet/17930-1378810_2487_rupal_jaiswal_rank_43.pdf
1575,Rupal Jaiswal,43,2025,GS4,0,VisionIAS,link,0,https://cdn.visionias.in/toppersanswerbooklet/17930-1378810_2487_rupal_jaiswal_rank_43.pdf
2433,Rupal Jaiswal,512,2025,Optional — Law,1,De Facto Law,submission,0,https://www.defactolaw.in/_files/ugd/9bce74_f5b8eaf0eaaa42a2a4b810f1a74c7281.pdf
2434,Rupal Jaiswal,512,2025,Optional — Law,1,De Facto Law,submission,0,https://www.defactolaw.in/_files/ugd/9bce74_8947bc73b9ba4e0095d9dbc4847db4f7.pdf
2435,Rupal Jaiswal,512,2025,Optional — Law,1,De Facto Law,submission,0,https://www.defactolaw.in/_files/ugd/9bce74_11ad46bedd2d4042a7ddfcdd65c8bbae.pdf
2436,Rupal Jaiswal,512,2025,Optional — Law,1,De Facto Law,submission,0,https://www.defactolaw.in/_files/ugd/9bce74_bbeab2b2eef64f238eea006d81a4d604.pdf
2437,Rupal Jaiswal,512,2025,Optional — Law,1,De Facto Law,submission,0,https://www.defactolaw.in/_files/ugd/9bce74_fccfe2f67efb4fd7acd44750f6e88552.pdf
2438,Rupal Jaiswal,512,2025,Optional — Law,1,De Facto Law,submission,0,https://www.defactolaw.in/_files/ugd/9bce74_f04e251bb03c4d3091bb8b80e9a5ad18.pdf
2439,Rupal Jaiswal,512,2025,Optional — Law,1,De Facto Law,submission,0,https://www.defactolaw.in/_files/ugd/9bce74_be7d5b9d3e5a486b9592af1bd2636752.pdf
2440,Rupal Jaiswal,512,2025,Optional — Law,1,De Facto Law,submission,0,https://www.defactolaw.in/_files/ugd/9bce74_967a074d11094e56bad5ef02d4701bb7.pdf
2441,Rupal Jaiswal,512,2025,Optional — Law,1,De Facto Law,submission,0,https://www.defactolaw.in/_files/ugd/9bce74_675af8e11be64318b0998397733fa058.pdf
691,Saalumarada Thimmakka,,,GS4,0,Nextias,upsckata,2,https://next-ias-appsquadz.s3.ap-south-1.amazonaws.com/file_library/pdf/original/844233c60d0563afaf56a5f899c17647/4/pttp220996_tc063.pdf
692,Sachin B G,,,GS1,0,Nextias,upsckata,10,https://www.nextias.com/newuploads/Nextias/2025/4/mts-cse-test-12-sachin-1745489843457.pdf
693,Sachin B G,,,GS1,0,Nextias,upsckata,10,https://www.nextias.com/newuploads/Nextias/2025/4/mts-cse-test-17-sachin-1745489890523.pdf
694,Sachin B G,,,GS1,0,Nextias,upsckata,10,https://www.nextias.com/newuploads/Nextias/2025/4/mts-cse-test-24-sachin-1745489938527.pdf
1436,Sachin B G,41,2024,GS4,0,UnlockIAS,link,0,https://drive.google.com/file/d/1t-UFDojorkwQ7MO-VlQCr_2chhKaky_m/view
1960,Sachin Basavaraj Guttur,41,2024,GS1,0,VisionIAS,link,0,https://cdn.visionias.in/toppersanswerbooklet/30546-721628_2929_sachin_basavaraj_guttur_rank_41.pdf
1961,Sachin Basavaraj Guttur,41,2024,GS1,0,VisionIAS,link,0,https://cdn.visionias.in/toppersanswerbooklet/5a924-721628_2930_sachin_basavaraj_guttur_rank_41.pdf
1959,Sachin Basavaraj Guttur,41,2024,GS4,0,VisionIAS,link,0,https://cdn.visionias.in/toppersanswerbooklet/6ad34-721628_2931_sachin-basavaraj-guttur_rank_41.pdf
697,Sachin Bg,,,GS1,0,Nextias,upsckata,10,https://www.nextias.com/newuploads/Nextias/2025/4/mts-cse-test-14-sachin-1745489861164.pdf
698,Sachin Bg,,,GS1,0,Nextias,upsckata,20,https://www.nextias.com/newuploads/Nextias/2025/4/mts-cse-test-18-sachin-1745489912102.pdf
696,Sachin Bg,,,GS2,0,Nextias,upsckata,20,https://www.nextias.com/newuploads/Nextias/2025/4/gs-mac-test-1-sachin-1745489695883.pdf
699,Sachin Bg,,,GS2,0,Nextias,upsckata,20,https://www.nextias.com/newuploads/Nextias/2025/4/mts-flt-test-2-sachin-1745489757138.pdf
695,Sachin Bg,,2024,GS3,0,Forumias,upsckata,20,https://forumias.com/blog/wp-content/uploads/2025/04/SACHIN-BASAVARAJ-GUTTUR-UPSC-2024-Rank-41-MGP-Sample-Copy-2.pdf
2307,Sachin BG,41,2024,Optional — Anthropology,1,Level Up IAS,submission,0,https://drive.google.com/file/d/1kU-Ko4yPgKIHoatfUjirLS3atS5Wyz6C/view
2009,Saichaitanya Jadhav,68,2024,Essay,0,VisionIAS,link,0,https://cdn.visionias.in/toppersanswerbooklet/8687e-366934_2488_saichaitanya_jadhav_rank_68.pdf
700,Saichaitanya Jadhav,,2024,GS1,0,Forumias,upsckata,21,https://forumias.com/blog/wp-content/uploads/2025/04/SAICHAITANYA-JADHAV-UPSC-2024-Rank-68-MGP-Sample-Copy-1.pdf
2006,Saichaitanya Jadhav,68,2024,GS1,0,VisionIAS,link,0,https://cdn.visionias.in/toppersanswerbooklet/96f5d-366934_2929_saichaitanya_jadhav_rank_68.pdf
2007,Saichaitanya Jadhav,68,2024,GS1,0,VisionIAS,link,0,https://cdn.visionias.in/toppersanswerbooklet/bb08a-0366934_2422_saichaitanya_jadhav_rank_68.pdf
2008,Saichaitanya Jadhav,68,2024,GS1,0,VisionIAS,link,0,https://cdn.visionias.in/toppersanswerbooklet/4dce6-366934_2930_saichaitanya_jadhav_rank_68.pdf
2004,Saichaitanya Jadhav,68,2024,GS4,0,VisionIAS,link,0,https://cdn.visionias.in/toppersanswerbooklet/006a5-366934_2931_saichaitanya_jadhav_rank_68.pdf
2005,Saichaitanya Jadhav,68,2024,GS4,0,VisionIAS,link,0,https://cdn.visionias.in/toppersanswerbooklet/77f5e-366934_1525_saichaitanya_jadhav_rank_68.pdf
2735,SAIKIRAN NANDALA,27,2023,Optional — Sociology,1,VisionIAS,submission,0,https://cdn.visionias.in/toppersanswerbooklet/9f36b-1002145_2097_saikiran_nandala_rank_27.pdf
2736,SAIKIRAN NANDALA,27,2023,Optional — Sociology,1,VisionIAS,submission,0,https://cdn.visionias.in/toppersanswerbooklet/c4efb-1002145_2094_saikiran_nandala_rank_27.pdf
2737,SAIKIRAN NANDALA,27,2023,Optional — Sociology,1,VisionIAS,submission,0,https://cdn.visionias.in/toppersanswerbooklet/2dbfb-1002145_2093_saikiran_nandala_rank_27.pdf
2738,SAIKIRAN NANDALA,27,2023,Optional — Sociology,1,VisionIAS,submission,0,https://cdn.visionias.in/toppersanswerbooklet/6e02a-1002145_2093_saikiran-nandala_rank_27.pdf
1802,Sakshee Mishra,214,2025,Essay,0,VisionIAS,link,0,https://cdn.visionias.in/toppersanswerbooklet/5dfbd-889186_2574_sakshee-mishra_rank_214.pdf
1803,Sakshee Mishra,214,2025,Essay,0,VisionIAS,link,0,https://cdn.visionias.in/toppersanswerbooklet/49e61-889186_2575_sakshee-mishra_rank_214.pdf
703,Sakshee Mishra,214,2025,GS2,0,Forumias,upsckata,25,https://forumias.com/blog/wp-content/uploads/2026/03/SAKSHEE-MISHRA-UPSC-IAS-2025-Toppers-AIR-214-Sample-MGP-Copy-3.pdf
704,Sakshee Mishra,214,2025,GS2,0,Forumias,upsckata,22,https://forumias.com/blog/wp-content/uploads/2026/03/SAKSHEE-MISHRA-UPSC-IAS-2025-Toppers-AIR-214-Sample-MGP-Copy-4.pdf
701,Sakshee Mishra,214,2025,GS3,0,Forumias,upsckata,21,https://forumias.com/blog/wp-content/uploads/2026/03/SAKSHEE-MISHRA-UPSC-IAS-2025-Toppers-AIR-214-Sample-MGP-Copy-1.pdf
702,Sakshee Mishra,214,2025,GS3,0,Forumias,upsckata,22,https://forumias.com/blog/wp-content/uploads/2026/03/SAKSHEE-MISHRA-UPSC-IAS-2025-Toppers-AIR-214-Sample-MGP-Copy-2.pdf
1801,Sakshee Mishra,214,2025,GS3,0,VisionIAS,link,0,https://cdn.visionias.in/toppersanswerbooklet/8582e-889186_2369_sakshee-mishra_rank_214.pdf
2515,Saloni Chhabra,29,2023,Optional — Sociology,1,Level Up IAS,submission,0,https://drive.google.com/file/d/1SWWjtdb9SYbTOcInGZTv6qu4J9m7RcCc/view
2111,Saloni Gautam,127,2024,Essay,0,VisionIAS,link,0,https://cdn.visionias.in/toppersanswerbooklet/a0621-1167967_3128_saloni_gautam_rank_127.pdf
2112,Saloni Gautam,127,2024,GS1,0,VisionIAS,link,0,https://cdn.visionias.in/toppersanswerbooklet/80087-1167967_2929_saloni_gautam_rank_127.pdf
2113,Saloni Gautam,127,2024,GS1,0,VisionIAS,link,0,https://cdn.visionias.in/toppersanswerbooklet/af4ce-1167967_2930_saloni_gautam_rank_127.pdf
2114,Saloni Gautam,127,2024,GS1,0,VisionIAS,link,0,https://cdn.visionias.in/toppersanswerbooklet/922fa-1167967_2424_saloni_gautam_rank_127.pdf
2110,Saloni Gautam,127,2024,GS4,0,VisionIAS,link,0,https://cdn.visionias.in/toppersanswerbooklet/d22b1-1167967_2931_saloni_gautam_rank_127.pdf
705,Saloni Vats,273,2025,GS1,0,Forumias,upsckata,20,https://forumias.com/blog/wp-content/uploads/2026/03/SALONI-VATSUPSC-IAS-2025-Toppers-AIR-273-Sample-MGP-COPY-1.pdf
1838,Saloni Vats,273,2025,GS1,0,VisionIAS,link,0,https://cdn.visionias.in/toppersanswerbooklet/4864f-741748_1834_saloni-vats_rank_273.pdf
1839,Saloni Vats,273,2025,GS2,0,VisionIAS,link,0,https://cdn.visionias.in/toppersanswerbooklet/de6a3-741748_1835_saloni-vats_rank_273.pdf
1840,Saloni Vats,273,2025,GS3,0,VisionIAS,link,0,https://cdn.visionias.in/toppersanswerbooklet/92b50-741748_2210_saloni-vats_rank_273.pdf
1021,Saloni Verma,,,GS4,0,Vision,upsckata,19,https://drive.google.com/file/d/1kSS4P8iWeHQtBQyVhyNeBO-iyc-WcKNX/view
1022,Saloni Verma,,,GS4,0,Forumias,upsckata,20,https://drive.google.com/file/d/1CbQ4smt_EHACM391nkOiMemByWeT-zSP/view
2867,Sambit Mishra,51,2017,Optional — Geography,1,VisionIAS,submission,0,https://cdn.visionias.in/toppersanswerbooklet/28070_948_Sambit_Mishra_Rank_51.pdf
2868,Sambit Mishra,51,2017,Optional — Geography,1,VisionIAS,submission,0,https://cdn.visionias.in/toppersanswerbooklet/28070_950_Sambit_Mishra_Rank_51.pdf
2869,Sambit Mishra,51,2017,Optional — Geography,1,VisionIAS,submission,0,https://cdn.visionias.in/toppersanswerbooklet/28070_953_Sambit_Mishra_Rank_51.pdf
2755,SAMEER GOEL,222,2023,Optional — Sociology,1,VisionIAS,submission,0,https://cdn.visionias.in/toppersanswerbooklet/eb265-1038135_2299_sameer_goel_rank_222.pdf
2756,SAMEER GOEL,222,2023,Optional — Sociology,1,VisionIAS,submission,0,https://cdn.visionias.in/toppersanswerbooklet/64d0b-1038135_2300_sameer_goel_rank_222.pdf
2757,SAMEER GOEL,222,2023,Optional — Sociology,1,VisionIAS,submission,0,https://cdn.visionias.in/toppersanswerbooklet/dd1db-1038135_2301_sameer_goel_rank_222.pdf
2758,SAMEER GOEL,222,2023,Optional — Sociology,1,VisionIAS,submission,0,https://cdn.visionias.in/toppersanswerbooklet/36774-1038135_2302_sameer_goel_rank_222.pdf
708,Samiksha Dwivedi,,,Essay,0,Visionias,upsckata,2,https://cdn.visionias.in/toppersanswerbooklet/5c642-01430179_4514_samiksha_dwivedi_rank_56.pdf
1609,Samiksha Dwivedi,56,2025,Essay,0,VisionIAS,link,0,https://cdn.visionias.in/toppersanswerbooklet/5c642-01430179_4514_samiksha_dwivedi_rank_56.pdf
1606,Samiksha Dwivedi,56,2025,GS1,0,VisionIAS,link,0,https://cdn.visionias.in/toppersanswerbooklet/35fb8-1430179_2701_samiksha_dwivedi_rank_56.pdf
712,Samiksha Dwivedi,,,GS2,0,Vision,upsckata,21,https://cdn.visionias.in/toppersanswerbooklet/b452f-01430179_4511_samiksha_dwivedi_rank_56.pdf
713,Samiksha Dwivedi,,,GS2,0,Vision,upsckata,20,https://cdn.visionias.in/toppersanswerbooklet/05f4a-1430179_2718_samiksha_dwivedi_rank_56.pdf
1604,Samiksha Dwivedi,56,2025,GS2,0,VisionIAS,link,0,https://cdn.visionias.in/toppersanswerbooklet/b452f-01430179_4511_samiksha_dwivedi_rank_56.pdf
707,Samiksha Dwivedi,56,2025,GS3,0,Forumias,upsckata,21,https://forumias.com/blog/wp-content/uploads/2026/03/SAMIKSHA-DWIVEDIUPSC-IAS-2025-Toppers-AIR-56-Sample-MGP-Copy-2.pdf
711,Samiksha Dwivedi,,,GS3,0,Vision,upsckata,20,https://cdn.visionias.in/toppersanswerbooklet/35fb8-1430179_2701_samiksha_dwivedi_rank_56.pdf
1608,Samiksha Dwivedi,56,2025,GS3,0,VisionIAS,link,0,https://cdn.visionias.in/toppersanswerbooklet/05f4a-1430179_2718_samiksha_dwivedi_rank_56.pdf
706,Samiksha Dwivedi,56,2025,GS4,0,Forumias,upsckata,22,https://forumias.com/blog/wp-content/uploads/2026/03/SAMIKSHA-DWIVEDIUPSC-IAS-2025-Toppers-AIR-56-Sample-MGP-Copy-1.pdf
709,Samiksha Dwivedi,,,GS4,0,Vision,upsckata,24,https://cdn.visionias.in/toppersanswerbooklet/0deab-01430179_4513_samiksha_dwivedi_rank_56.pdf
710,Samiksha Dwivedi,,,GS4,0,Vision,upsckata,19,https://cdn.visionias.in/toppersanswerbooklet/8f29e-1430179_2716_samiksha_dwivedi_rank_56.pdf
1605,Samiksha Dwivedi,56,2025,GS4,0,VisionIAS,link,0,https://cdn.visionias.in/toppersanswerbooklet/0deab-01430179_4513_samiksha_dwivedi_rank_56.pdf
1607,Samiksha Dwivedi,56,2025,GS4,0,VisionIAS,link,0,https://cdn.visionias.in/toppersanswerbooklet/8f29e-1430179_2716_samiksha_dwivedi_rank_56.pdf
2409,Samiksha Dwivedi,56,2025,Optional — History,1,Level Up IAS,submission,0,https://drive.google.com/file/d/1RGucqS__UMUASxOXds0sgm9UJQ_Rwrvu/view
2410,Samiksha Dwivedi,56,2025,Optional — History,1,Level Up IAS,submission,0,https://drive.google.com/file/d/1oKbp3JkuTuo1FmqZ6eDA8oq4XBhv9efv/view
2411,Samiksha Dwivedi,56,2025,Optional — History,1,Level Up IAS,submission,0,https://drive.google.com/file/d/1p1FQwSPdfK-qO005D7PUChGX7okOpXMK/view
2412,Samiksha Dwivedi,56,2025,Optional — History,1,Level Up IAS,submission,0,https://drive.google.com/file/d/156twVBbxqOXmtyG3_vos2-351g3HoPDp/view
2657,Samiksha Dwivedi,56,2025,Optional — History,1,VisionIAS,submission,0,https://cdn.visionias.in/toppersanswerbooklet/3dc9e-01430179_4515_samiksha_dwivedi_rank_56.pdf
2658,Samiksha Dwivedi,56,2025,Optional — History,1,VisionIAS,submission,0,https://cdn.visionias.in/toppersanswerbooklet/6dfa1-01430179_4516_samiksha_dwivedi_rank_56.pdf
2689,Sana Azmi,764,2025,Optional — Sociology,1,VisionIAS,submission,0,https://cdn.visionias.in/toppersanswerbooklet/7b7c5-1126965_3342_sana_azmi_rank_764.pdf
2690,Sana Azmi,764,2025,Optional — Sociology,1,VisionIAS,submission,0,https://cdn.visionias.in/toppersanswerbooklet/cdbe9-1126965_3345_sana_azmi_rank_764.pdf
1194,Sandeep Badad,82,2025,GS1,0,UnlockIAS,link,0,https://drive.google.com/file/d/1MK8EUpdYKN3gqnBt1MSmQh1SlriMPuAM/view
1195,Sandeep Badad,82,2025,GS1,0,Vajiram & Ravi,link,0,https://vajiramias.sgp1.cdn.digitaloceanspaces.com/strapi/SANDEEP_BADAD_GS_1_AIR_82_2025_6b6347a3c2.pdf
1290,Sandeep Badad,82,2025,GS2,0,UnlockIAS,link,0,https://drive.google.com/file/d/1Cwd0q0PFgZJDmR7fQLK9x8Pc-d33mSFE/view
1291,Sandeep Badad,82,2025,GS2,0,Vajiram & Ravi,link,0,https://vajiramias.sgp1.cdn.digitaloceanspaces.com/strapi/SANDEEP_BADAD_GS_2_AIR_82_2025_73e8241478.pdf
1354,Sandeep Badad,82,2025,GS3,0,Vajiram & Ravi,link,0,https://vajiramias.sgp1.cdn.digitaloceanspaces.com/strapi/SANDEEP_BADAD_GS_3_AIR_82_2025_3ac495eaf2.pdf
1447,Sandeep Badad,82,2025,GS4,0,UnlockIAS,link,0,https://drive.google.com/file/d/1we_FDgHPAkX5G8_q9jwC-maiii9_uoDG/view
714,Sandeep Singh,,,Essay,0,Nextias,upsckata,4,https://next-ias-appsquadz.s3.ap-south-1.amazonaws.com/file_library/pdf/original/a4911661fb63cf32bd7e1d24c76e3051/39/pttp220517_tc063.pdf
715,Sandeep Singh Shekhawat,,,Essay,0,Forumias,upsckata,4,https://forumias.com/blog/wp-content/uploads/2026/03/SANDEEP-SINGH-SHEKHAWATUPSC_IAS_2025_Toppers_AIR_369_Sample_ESSAY_COPY_1.pdf
716,Sandeep Singh Shekhawat,,,GS3,0,Forumias,upsckata,11,https://forumias.com/blog/wp-content/uploads/2026/03/SANDEEP-SINGH-SHEKHAWATUPSC_IAS_2025_Toppers_AIR_369_Sample_MGP_COPY_3.pdf
2669,Sandesh Jain,161,2025,Optional — Sociology,1,VisionIAS,submission,0,https://cdn.visionias.in/toppersanswerbooklet/b4a4c-45876992_3342_sandesh_jain_rank_161.pdf
2670,Sandesh Jain,161,2025,Optional — Sociology,1,VisionIAS,submission,0,https://cdn.visionias.in/toppersanswerbooklet/b0c0a-45876992_3343_sandesh_jain_rank_161.pdf
2671,Sandesh Jain,161,2025,Optional — Sociology,1,VisionIAS,submission,0,https://cdn.visionias.in/toppersanswerbooklet/250c0-45876992_3345_sandesh_jain_rank_161.pdf
2672,Sandesh Jain,161,2025,Optional — Sociology,1,VisionIAS,submission,0,https://cdn.visionias.in/toppersanswerbooklet/e4953-45876992_3346_sandesh_jain_rank_161.pdf
2340,Sania Seervi,171,2023,Optional — Anthropology,1,Level Up IAS,submission,0,https://drive.google.com/file/d/1qwE32TIeED50AwFlaJWfUpgFuF0Ynx1g/view
2350,Sanidhya Meena,480,2025,Optional — Anthropology,1,Level Up IAS,submission,0,https://drive.google.com/file/d/1GXTI80rSCoD0PcC_vFz_sa9lrg5HwR6T/view
2359,Sanish Kumar Singh,8,2024,Optional — Forest Service (IFS),1,Vajiram & Ravi,submission,0,https://vajiramias.sgp1.cdn.digitaloceanspaces.com/strapi/SANISH_KUMAR_SINGH_UPSC_IFS_2024_AIR_8_GS_2_T_6_GS_2_Sanish_3a9dd317fb.pdf
2360,Sanish Kumar Singh,8,2024,Optional — Forest Service (IFS),1,Vajiram & Ravi,submission,0,https://vajiramias.sgp1.cdn.digitaloceanspaces.com/strapi/SANISH_KUMAR_SINGH_UPSC_IFS_2024_AIR_8_GS_3_T_7_b407f6707d.pdf
1235,Sanjay Kumar,502,2025,GS1,0,Vajiram & Ravi,link,0,https://vajiramias.sgp1.cdn.digitaloceanspaces.com/strapi/SANJAY_KUMAR_SS_GS_1_AIR_502_a51a46fef6.pdf
1319,Sanjay Kumar,502,2025,GS2,0,Vajiram & Ravi,link,0,https://vajiramias.sgp1.cdn.digitaloceanspaces.com/strapi/SANJAY_KUMAR_SS_GS_2_AIR_502_95c68dc2f3.pdf
1379,Sanjay Kumar,502,2025,GS3,0,Vajiram & Ravi,link,0,https://vajiramias.sgp1.cdn.digitaloceanspaces.com/strapi/SANJAY_KUMAR_SS_GS_3_AIR_502_4e12ca1f86.pdf
1232,Sanjeev Gupta,495,2025,GS1,0,Vajiram & Ravi,link,0,https://vajiramias.sgp1.cdn.digitaloceanspaces.com/strapi/SANJEEV_GUPTA_MAINS_TEST_SERIES_SS_GS_1_AIR_495_fe8c528368.pdf
1375,Sanjeev Gupta,495,2025,GS3,0,Vajiram & Ravi,link,0,https://vajiramias.sgp1.cdn.digitaloceanspaces.com/strapi/SANJEEV_GUPTA_SS_GS_3_AIR_495_d91b195381.pdf
1376,Sanjeev Gupta,495,2025,GS3,0,Vajiram & Ravi,link,0,https://vajiramias.sgp1.cdn.digitaloceanspaces.com/strapi/SANJEEV_GUPTA_SS_MAINS_TEST_SERIES_GS_3_AIR_495_a73c550aad.pdf
1475,Sanjeev Gupta,495,2025,GS4,0,Vajiram & Ravi,link,0,https://vajiramias.sgp1.cdn.digitaloceanspaces.com/strapi/SANJEEV_GUPTA_SS_GS_4_AIR_495_4603eeb2b7.pdf
1847,Sanjeev Kumar,290,2025,Essay,0,VisionIAS,link,0,https://cdn.visionias.in/toppersanswerbooklet/84fab-1360854_3128_sanjeev-kumar_rank_290.pdf
1848,Sanjeev Kumar,290,2025,GS1,0,VisionIAS,link,0,https://cdn.visionias.in/toppersanswerbooklet/e92e4-01360854_2928_sanjeev-kumar_rank_290.pdf
1849,Sanjeev Kumar,290,2025,GS2,0,VisionIAS,link,0,https://cdn.visionias.in/toppersanswerbooklet/6564d-1360854_2929_sanjeev-kumar_rank_290.pdf
1850,Sanjeev Kumar,290,2025,GS3,0,VisionIAS,link,0,https://cdn.visionias.in/toppersanswerbooklet/e4a39-1360854_2930_sanjeev-kumar_rank_290.pdf
1023,Sanjita Mohapatra,,,GS4,0,Vision,upsckata,20,https://drive.google.com/file/d/1P_8X-Rw0F-hpvQP6J1moB4fKw8fnwKTK/view
1024,Sanjita Mohapatra,,,GS4,0,Vision,upsckata,19,https://drive.google.com/file/d/1aKgMBVSTIiX-S-nHNer_cpx74xFBClHL/view
1025,Sanjita Mohapatra,,,GS4,0,Vision,upsckata,22,https://drive.google.com/file/d/1dwOyPeC2TWP8eSCNSIieOurg5nsHGuuR/view
1026,Sanjita Mohapatra,,,GS4,0,Forumias,upsckata,4,https://drive.google.com/file/d/1-WIj6Bnjr09G4QVQMC9RpHUNKwk77duq/view
2918,Sanskriti Jain,11,2014,Optional — Philosophy,1,VisionIAS,submission,0,https://cdn.visionias.in/toppersanswerbooklet/de098-sanskriti-jain_5_2014_philosophy_booklet_1.pdf
2919,Sanskriti Jain,11,2014,Optional — Philosophy,1,VisionIAS,submission,0,https://cdn.visionias.in/toppersanswerbooklet/af2ab-sanskriti-jain_5_2014_philosophy_booklet_2.pdf
2920,Sanskriti Jain,11,2014,Optional — Philosophy,1,VisionIAS,submission,0,https://cdn.visionias.in/toppersanswerbooklet/c7430-sanskriti-jain_5_2014_philosophy_booklet_3.pdf
2921,Sanskriti Jain,11,2014,Optional — Philosophy,1,VisionIAS,submission,0,https://cdn.visionias.in/toppersanswerbooklet/d1e33-sanskriti-jain_5_2014_philosophy_booklet_4.pdf
2922,Sanskriti Jain,11,2014,Optional — Philosophy,1,VisionIAS,submission,0,https://cdn.visionias.in/toppersanswerbooklet/c0250-sanskriti-jain_5_2014_philosophy_booklet_5.pdf
2923,Sanskriti Jain,11,2014,Optional — Philosophy,1,VisionIAS,submission,0,https://cdn.visionias.in/toppersanswerbooklet/70b8d-sanskriti-jain_5_2014_philosophy_booklet_6.pdf
717,Sanskriti Singh,165,2025,GS4,0,Forumias,upsckata,13,https://forumias.com/blog/wp-content/uploads/2026/03/SANSKRITI-SINGH-UPSC-IAS-2025-Toppers-AIR-165-Sample-MGP-Copy-1.pdf
1918,Sanskriti Trivedy,17,2024,Essay,0,VisionIAS,link,0,https://cdn.visionias.in/toppersanswerbooklet/067a3-1146808_3128_sanskriti_trivedy_rank_17.pdf
718,Sanskriti Trivedy,,,GS1,0,Vision,upsckata,21,https://cdn.visionias.in/toppersanswerbooklet/9f6c1-1146808_2928_sanskriti_trivedy_rank_17.pdf
1915,Sanskriti Trivedy,17,2024,GS1,0,VisionIAS,link,0,https://cdn.visionias.in/toppersanswerbooklet/9f6c1-1146808_2928_sanskriti_trivedy_rank_17.pdf
1916,Sanskriti Trivedy,17,2024,GS1,0,VisionIAS,link,0,https://cdn.visionias.in/toppersanswerbooklet/f1cbf-1146808_2929_sanskriti_trivedy_rank_17.pdf
1917,Sanskriti Trivedy,17,2024,GS1,0,VisionIAS,link,0,https://cdn.visionias.in/toppersanswerbooklet/9ab84-1146808_2930_sanskriti_trivedy_rank_17.pdf
719,Sanskriti Trivedy,,,GS2,0,Vision,upsckata,20,https://cdn.visionias.in/toppersanswerbooklet/f1cbf-1146808_2929_sanskriti_trivedy_rank_17.pdf
1919,Sanskriti Trivedy,17,2024,GS4,0,VisionIAS,link,0,https://cdn.visionias.in/toppersanswerbooklet/ecfd2-1146808_2931_sanskriti_trivedy_rank_17.pdf
2850,Sanya Chhabra,84,2018,Optional — Sociology,1,VisionIAS,submission,0,https://cdn.visionias.in/toppersanswerbooklet/d6f21-399525_1210_sanya_chhabra_rank_84.pdf
2851,Sanya Chhabra,84,2018,Optional — Sociology,1,VisionIAS,submission,0,https://cdn.visionias.in/toppersanswerbooklet/01eb0-399525_1209_sanya_chhabra_rank_84.pdf
720,Sapna Chandel,,,GS1,0,Forumias,upsckata,29,https://forumias.com/blog/wp-content/uploads/2026/03/SAPNA-CHANDELUPSC_IAS_2025_Toppers_AIR_356_Sample_MGP_COPY_1.pdf
721,Sapna Chandel,,,GS2,0,Forumias,upsckata,21,https://forumias.com/blog/wp-content/uploads/2026/03/SAPNA-CHANDELUPSC_IAS_2025_Toppers_AIR_356_Sample_MGP_COPY_2.pdf
722,Sapna Chandel,,,GS3,0,Forumias,upsckata,21,https://forumias.com/blog/wp-content/uploads/2026/03/SAPNA-CHANDELUPSC_IAS_2025_Toppers_AIR_356_Sample_MGP_COPY_3.pdf
2417,Sarla Jakher,593,2024,Optional — History,1,Level Up IAS,submission,0,https://drive.google.com/file/d/1twBfAUUbdcwSRmuSSKrX_xCxfYdhAN89/view
2418,Sarla Jakher,593,2024,Optional — History,1,Level Up IAS,submission,0,https://drive.google.com/file/d/10peJDKwHm_98lazfSusLsmLdY5F7SeK-/view
726,Sattwik Satyakam Devta,,,Essay,0,Vision,upsckata,24,https://cdn.visionias.in/toppersanswerbooklet/57ed9-475600_1420_sattwik_satyakam_devta_rank_100.pdf
723,Sattwik Satyakam Devta,100,2025,GS1,0,Forumias,upsckata,9,https://forumias.com/blog/wp-content/uploads/2026/03/SATTWIK-SATYAKAM-DEVTAUPSC-IAS-2025-Toppers-AIR-100-Sample-MGP-Copy-1.pdf
727,Sattwik Satyakam Devta,,,GS2,0,Visionias,upsckata,21,https://cdn.visionias.in/toppersanswerbooklet/2fe3f-475600_2218_sattwik_satyakam_devta_rank_100.pdf
1681,Sattwik Satyakam Devta,100,2025,GS2,0,VisionIAS,link,0,https://cdn.visionias.in/toppersanswerbooklet/2fe3f-475600_2218_sattwik_satyakam_devta_rank_100.pdf
728,Sattwik Satyakam Devta,,,GS3,0,Vision,upsckata,23,https://cdn.visionias.in/toppersanswerbooklet/b0044-475600_2219_sattwik_satyakam_devta_rank_100.pdf
1682,Sattwik Satyakam Devta,100,2025,GS3,0,VisionIAS,link,0,https://cdn.visionias.in/toppersanswerbooklet/b0044-475600_2219_sattwik_satyakam_devta_rank_100.pdf
724,Sattwik Satyakam Devta,100,2025,GS4,0,Forumias,upsckata,18,https://forumias.com/blog/wp-content/uploads/2026/03/SATTWIK-SATYAKAM-DEVTAUPSC-IAS-2025-Toppers-AIR-100-Sample-MGP-Copy-2.pdf
725,Sattwik Satyakam Devta,,,GS4,0,Vision,upsckata,20,https://cdn.visionias.in/toppersanswerbooklet/7090f-475600_1227_sattwik_satyakam_devta_rank_100.pdf
1679,Sattwik Satyakam Devta,100,2025,GS4,0,VisionIAS,link,0,https://cdn.visionias.in/toppersanswerbooklet/7090f-475600_1227_sattwik_satyakam_devta_rank_100.pdf
1680,Sattwik Satyakam Devta,100,2025,GS4,0,VisionIAS,link,0,https://cdn.visionias.in/toppersanswerbooklet/57ed9-475600_1420_sattwik_satyakam_devta_rank_100.pdf
729,Satvik Sharma,327,2025,Essay,0,Forumias,upsckata,3,https://forumias.com/blog/wp-content/uploads/2026/03/SATVIK-SHARMAUPSC-IAS-2025-Toppers-AIR-327-Sample-ESSAY-COPY-1.pdf
732,Satvik Sharma,327,2025,GS1,0,Forumias,upsckata,23,https://forumias.com/blog/wp-content/uploads/2026/03/SATVIK-SHARMAUPSC-IAS-2025-Toppers-AIR-327-Sample-MGP-COPY-3.pdf
731,Satvik Sharma,327,2025,GS2,0,Forumias,upsckata,21,https://forumias.com/blog/wp-content/uploads/2026/03/SATVIK-SHARMAUPSC-IAS-2025-Toppers-AIR-327-Sample-MGP-COPY-2.pdf
730,Satvik Sharma,327,2025,GS3,0,Forumias,upsckata,1,https://forumias.com/blog/wp-content/uploads/2026/03/SATVIK-SHARMAUPSC-IAS-2025-Toppers-AIR-327-Sample-MGP-COPY-1.pdf
2886,Satyam,218,2016,Optional — Sociology,1,VisionIAS,submission,0,https://cdn.visionias.in/toppersanswerbooklet/1536_814_Satyam_Rank_218.pdf
2887,Satyam,218,2016,Optional — Sociology,1,VisionIAS,submission,0,https://cdn.visionias.in/toppersanswerbooklet/1536_815_Satyam_Rank_218.pdf
2888,Satyam,218,2016,Optional — Sociology,1,VisionIAS,submission,0,https://cdn.visionias.in/toppersanswerbooklet/1536_817_Satyam_Rank_218.pdf
2889,Satyam,218,2016,Optional — Sociology,1,VisionIAS,submission,0,https://cdn.visionias.in/toppersanswerbooklet/1536_818_Satyam_Rank_218.pdf
2890,Satyam,218,2016,Optional — Sociology,1,VisionIAS,submission,0,https://cdn.visionias.in/toppersanswerbooklet/1536_820_Satyam_Rank_218.pdf
2891,Satyam,218,2016,Optional — Sociology,1,VisionIAS,submission,0,https://cdn.visionias.in/toppersanswerbooklet/1536_821_Satyam_Rank_218.pdf
2892,Satyam,218,2016,Optional — Sociology,1,VisionIAS,submission,0,https://cdn.visionias.in/toppersanswerbooklet/1536_823_Satyam_Rank_218.pdf
2893,Satyam,218,2016,Optional — Sociology,1,VisionIAS,submission,0,https://cdn.visionias.in/toppersanswerbooklet/1536_822_Satyam_Rank_218.pdf
1027,Satyam Gandhi,,,GS4,0,Lukmaan,upsckata,19,https://drive.google.com/file/d/1h8jdfltz_Oppo_TyUg_1GWd-zxM6KYU-/view
1028,Satyam Gandhi,,,GS4,0,Lukmaan,upsckata,21,https://drive.google.com/file/d/1NvkfoknrYZl65zstvV15L__guc1zSJe_/view
1029,Satyam Gandhi,,,GS4,0,Lukmaan,upsckata,20,https://drive.google.com/file/d/18IR9eo-DpKRiluwkcMqMr8ZrazX4MmTZ/view
1030,Satyam Gandhi,,,GS4,0,Lukmaanias,upsckata,20,https://drive.google.com/file/d/1a7szKv7UAZDsJYv_PGlZ8K6O84n2KplK/view
1031,Satyam Gandhi,,,GS4,0,Vision,upsckata,19,https://drive.google.com/file/d/1hi8pZMzozVzMVUaarhnUTggYZC6ugjTC/view
1032,Satyam Gandhi,,,GS4,0,Lukmaanias,upsckata,20,https://drive.google.com/file/d/1ZEafxqPW9ghKtiDGmg-2OPRQuwonG36A/view
1263,Saumya Mehra,883,2025,GS1,0,Vajiram & Ravi,link,0,https://vajiramias.sgp1.cdn.digitaloceanspaces.com/strapi/SAUMYA_MEHRA_SS_GS_1_AIR_883_2025_138432fee9.pdf
1337,Saumya Mehra,883,2025,GS2,0,Vajiram & Ravi,link,0,https://vajiramias.sgp1.cdn.digitaloceanspaces.com/strapi/SAUMYA_MEHRA_SS_GS_2_AIR_883_2025_1a53a05ec2.pdf
1394,Saumya Mehra,883,2025,GS3,0,Vajiram & Ravi,link,0,https://vajiramias.sgp1.cdn.digitaloceanspaces.com/strapi/SAUMYA_MEHRA_SS_GS_3_AIR_883_2025_f2cce043f3.pdf
1395,Saumya Mehra,883,2025,GS3,0,Vajiram & Ravi,link,0,https://vajiramias.sgp1.cdn.digitaloceanspaces.com/strapi/SAUMYA_MEHRA_SS_GS_3_AIR_883_2025_eb5f68f0e5.pdf
1497,Saumya Mehra,883,2025,GS4,0,Vajiram & Ravi,link,0,https://vajiramias.sgp1.cdn.digitaloceanspaces.com/strapi/SAUMYA_MEHRA_SS_GS_4_AIR_883_2025_57b03c4d5e.pdf
1498,Saumya Mehra,883,2025,GS4,0,Vajiram & Ravi,link,0,https://vajiramias.sgp1.cdn.digitaloceanspaces.com/strapi/SAUMYA_MEHRA_SS_GS_4_AIR_883_2025_30ada10c8c.pdf
733,Saumya Mishra,,2024,GS3,0,Forumias,upsckata,13,https://forumias.com/blog/wp-content/uploads/2025/04/Saumya-Mishra-UPSC-2024-Rank-18-MGP-Sample-Copy-1.pdf
1033,Saumya Sharma,,,GS4,0,Vision,upsckata,20,https://drive.google.com/file/d/15TF2Jh0AKcyopTTBGjaeaLf3ULYBYRvZ/view
736,Saurabh Sharma,,,GS1,0,Vision,upsckata,21,https://cdn.visionias.in/toppersanswerbooklet/0099b-01068271_4510_saurabh-sharma_rank_146.pdf
1719,Saurabh Sharma,146,2025,GS1,0,VisionIAS,link,0,https://cdn.visionias.in/toppersanswerbooklet/0099b-01068271_4510_saurabh-sharma_rank_146.pdf
737,Saurabh Sharma,,,GS2,0,Vision,upsckata,21,https://cdn.visionias.in/toppersanswerbooklet/b0dcc-01068271_4511_saurabh-sharma_rank_146.pdf
1720,Saurabh Sharma,146,2025,GS2,0,VisionIAS,link,0,https://cdn.visionias.in/toppersanswerbooklet/b0dcc-01068271_4511_saurabh-sharma_rank_146.pdf
734,Saurabh Sharma,,,GS3,0,Vision,upsckata,27,https://cdn.visionias.in/toppersanswerbooklet/d5764-1068271_2081_saurabh-sharma_rank_146.pdf
735,Saurabh Sharma,,,GS4,0,Vision,upsckata,26,https://cdn.visionias.in/toppersanswerbooklet/dc354-1068271_2088_saurabh-sharma_rank_146.pdf
1721,Saurabh Sharma,146,2025,GS4,0,VisionIAS,link,0,https://cdn.visionias.in/toppersanswerbooklet/d5764-1068271_2081_saurabh-sharma_rank_146.pdf
1722,Saurabh Sharma,146,2025,GS4,0,VisionIAS,link,0,https://cdn.visionias.in/toppersanswerbooklet/dc354-1068271_2088_saurabh-sharma_rank_146.pdf
2732,SAURABH SHARMA,23,2023,Optional — Sociology,1,VisionIAS,submission,0,https://cdn.visionias.in/toppersanswerbooklet/a13da-1040829_2295_saurabh_sharma_rank_23.pdf
2733,SAURABH SHARMA,23,2023,Optional — Sociology,1,VisionIAS,submission,0,https://cdn.visionias.in/toppersanswerbooklet/39471-1040829_2297_saurabh_sharma_rank_23.pdf
2734,SAURABH SHARMA,23,2023,Optional — Sociology,1,VisionIAS,submission,0,https://cdn.visionias.in/toppersanswerbooklet/94f9a-1040829_2301_saurabh_sharma_rank_23.pdf
1665,Sayali Bhika Pagar,87,2025,GS1,0,VisionIAS,link,0,https://cdn.visionias.in/toppersanswerbooklet/02f36-934203_2346_sayali_bhika_pagar_rank_87.pdf
738,Sayali Bhika Pagar,,,GS3,0,Vision,upsckata,21,https://cdn.visionias.in/toppersanswerbooklet/02f36-934203_2346_sayali_bhika_pagar_rank_87.pdf
1778,Seshan M S,197,2025,GS4,0,VisionIAS,link,0,https://cdn.visionias.in/toppersanswerbooklet/911f2-1344647_2078_seshan-m-s_rank_197.pdf
1779,Seshan M S,197,2025,GS4,0,VisionIAS,link,0,https://cdn.visionias.in/toppersanswerbooklet/50e6d-1344647_2356_seshan-m-s_rank_197.pdf
2379,Seshan M S,197,2025,Optional — Geography,1,LotusArise,submission,0,https://drive.google.com/file/d/1Quv-TOf7O-I4nRdXHU1KCwiGZ5Wb-GdC/view
2380,Seshan M S,197,2025,Optional — Geography,1,LotusArise,submission,0,https://drive.google.com/file/d/1LJEIw4evdvqQgJfxQJwxl1M9PO_2-8mu/view
2381,Seshan M S,197,2025,Optional — Geography,1,LotusArise,submission,0,https://drive.google.com/file/d/1XJ5RqSnI77LgS7FfOfpiaTHCeqayJ0o5/view
1098,Shagun Kaushal,145,2025,Essay,0,UnlockIAS,link,0,https://drive.google.com/file/d/1ESlDba8Zhc-HjAk2HL9RIqvIOBUp9HTU/view
1209,Shagun Kaushal,145,2025,GS1,0,UnlockIAS,link,0,https://drive.google.com/file/d/1LwjxzZVpgf2mSfwoAPCetno0SF75aM26/view
1210,Shagun Kaushal,145,2025,GS1,0,Vajiram & Ravi,link,0,https://vajiramias.sgp1.cdn.digitaloceanspaces.com/strapi/SHAGUN_KAUSHAL_SS_GS_1_AIR_145_5c7672227c.pdf
2536,Shagun Kumar,100,2024,Optional — Sociology,1,Level Up IAS,submission,0,https://drive.google.com/file/d/16fmAU6IX9qaYdz34xyfRCNiI8TKUpSQR/view
1878,Shah Margi Chirag,4,2024,GS1,0,VisionIAS,link,0,https://cdn.visionias.in/toppersanswerbooklet/4496e-141788_1834_shah_margi_chirag_rank_04.pdf
1880,Shah Margi Chirag,4,2024,GS1,0,VisionIAS,link,0,https://cdn.visionias.in/toppersanswerbooklet/736cd-141788_2213_shah_margi_chirag_rank_04.pdf
1881,Shah Margi Chirag,4,2024,GS1,0,VisionIAS,link,0,https://cdn.visionias.in/toppersanswerbooklet/09f99-141788_2211_shah_margi_chirag_rank_04.pdf
1879,Shah Margi Chirag,4,2024,GS4,0,VisionIAS,link,0,https://cdn.visionias.in/toppersanswerbooklet/8ee6b-141788_1837_shah_margi_chirag_rank_04.pdf
1099,Shailputri,315,2023,Essay,0,UnlockIAS,link,0,https://drive.google.com/file/d/1XCnBbNvkWfH5uwkvZ9rQRiYoqxCwFyfX/view
1218,Shailputri,315,2023,GS1,0,UnlockIAS,link,0,https://drive.google.com/file/d/1pL9EzjrRSon6oK1VWP214XUQQ4dIExAy/view
1305,Shailputri,315,2023,GS2,0,UnlockIAS,link,0,https://drive.google.com/file/d/1DpV9x5WOMHicQ6DV4_xonP2hWteBhssc/view
1463,Shailputri,315,2023,GS4,0,UnlockIAS,link,0,https://drive.google.com/file/d/1PwU6iqKPGcJWzuw466-U61eWqAv_M0Ww/view
740,Shakti Dubey,,,Essay,0,Nextias,upsckata,2,https://www.nextias.com/newuploads/Nextias/2025/4/shakti-dubey-essay-1-booklet-1745331781333.pdf
741,Shakti Dubey,,,Essay,0,Nextias,upsckata,4,https://www.nextias.com/newuploads/Nextias/2025/4/shakti-dubey-essay-2-booklet-1745331832894.pdf
742,Shakti Dubey,,,Essay,0,Nextias,upsckata,2,https://www.nextias.com/newuploads/Nextias/2025/4/shakti-dubey-essay-3-booklet-1745331859182.pdf
743,Shakti Dubey,,,Essay,0,Nextias,upsckata,2,https://www.nextias.com/newuploads/Nextias/2025/4/shakti-dubey-essay-4-booklet-1745331911052.pdf
744,Shakti Dubey,,,Essay,0,Nextias,upsckata,2,https://www.nextias.com/newuploads/Nextias/2025/4/shakti-dubey-essay-5-booklet-1745331879543.pdf
1135,Shakti Dubey,1,2024,GS1,0,UnlockIAS,link,0,https://drive.google.com/file/d/11pnkbby3LT_mK1328SabYDDDheI4G3P0/view
1136,Shakti Dubey,1,2024,GS1,0,UnlockIAS,link,0,https://drive.google.com/file/d/1KrqxCteXBw--zAIQL1pnfKZUKdGTDJHh/view
1137,Shakti Dubey,1,2024,GS1,0,Vajiram & Ravi,link,0,https://vajiramias.sgp1.cdn.digitaloceanspaces.com/strapi/Sure_Shot_2024_GS_PAPER_GS_1_T_01_SHAKTI_DUBEY_AIR_01_9e6e373cbd.pdf
1138,Shakti Dubey,1,2024,GS1,0,Vajiram & Ravi,link,0,https://vajiramias.sgp1.cdn.digitaloceanspaces.com/strapi/Sure_Shot_2024_GS_PAPER_GS_1_T_05_SHAKTI_DUBEY_AIR_01_36db95f9ec.pdf
1867,Shakti Dubey,1,2024,GS1,0,VisionIAS,link,0,https://cdn.visionias.in/toppersanswerbooklet/c00c4-553877_2071_shakti_dubey_rank_01.pdf
1868,Shakti Dubey,1,2024,GS1,0,VisionIAS,link,0,https://cdn.visionias.in/toppersanswerbooklet/b6219-553877_2089_shakti_dubey_rank_01.pdf
1869,Shakti Dubey,1,2024,GS1,0,VisionIAS,link,0,https://cdn.visionias.in/toppersanswerbooklet/30638-553877_2090_shakti_dubey_rank_01.pdf
1870,Shakti Dubey,1,2024,GS1,0,VisionIAS,link,0,https://cdn.visionias.in/toppersanswerbooklet/e1c84-553877_2091_shakti_dubey_rank_01.pdf
1269,Shakti Dubey,1,2024,GS2,0,UnlockIAS,link,0,https://drive.google.com/file/d/1CzGB7QQwMz2zHt9NgcUQgbpIpkJ43aJR/view
1270,Shakti Dubey,1,2024,GS2,0,UnlockIAS,link,0,https://drive.google.com/file/d/1vbDVBLuTzRGqnENHtPhd3sGsoJLthiaL/view
1271,Shakti Dubey,1,2024,GS2,0,Vajiram & Ravi,link,0,https://vajiramias.sgp1.cdn.digitaloceanspaces.com/strapi/Sure_Shot_2024_GS_PAPER_GS_2_T_02_SHAKTI_DUBEY_AIR_01_7a7739aae9.pdf
739,Shakti Dubey,,2024,GS3,0,Forumias,upsckata,4,https://forumias.com/blog/wp-content/uploads/2025/04/Shakti-Dubey-UPSC-2024-Rank-1-MGP-Sample-Copy-1.pdf
1341,Shakti Dubey,1,2024,GS3,0,UnlockIAS,link,0,https://drive.google.com/file/d/1kYQO0DPcUO0IEL3Bjpkf2uJUxNaxDZJ8/view
1342,Shakti Dubey,1,2024,GS3,0,UnlockIAS,link,0,https://drive.google.com/file/d/1TbROpB178vDUw61E1l3KRFrSpcdYEaLb/view
1343,Shakti Dubey,1,2024,GS3,0,Vajiram & Ravi,link,0,https://vajiramias.sgp1.cdn.digitaloceanspaces.com/strapi/Sure_Shot_2024_GS_PAPER_GS_3_T_03_SHAKTI_DUBEY_AIR_01_a550150e9f.pdf
1397,Shakti Dubey,1,2024,GS4,0,UnlockIAS,link,0,https://drive.google.com/file/d/1dSAFrKyhvNbjGcJK0__OYYaMdM6tW5D7/view
1398,Shakti Dubey,1,2024,GS4,0,UnlockIAS,link,0,https://drive.google.com/file/d/1HBv8X2YBsIOCFRroRMwTL1yTgUh6NoOm/view
1399,Shakti Dubey,1,2024,GS4,0,Vajiram & Ravi,link,0,https://vajiramias.sgp1.cdn.digitaloceanspaces.com/strapi/Sure_Shot_2024_GS_PAPER_GS_4_T_08_SHAKTI_DUBEY_AIR_01_aeb5119b93.pdf
1871,Shakti Dubey,1,2024,GS4,0,VisionIAS,link,0,https://cdn.visionias.in/toppersanswerbooklet/b54f0-553877_2092_shakti_dubey_rank_01.pdf
1872,Shakti Dubey,1,2024,GS4,0,VisionIAS,link,0,https://cdn.visionias.in/toppersanswerbooklet/877fe-553877_2088_shakti_dubey_rank_01.pdf
2567,Shalini Singh,564,2023,Optional — Sociology,1,Level Up IAS,submission,0,https://drive.google.com/file/d/1hec4ItpW07CuBIkIuVd-M8jZvWTIKz3Z/view
1104,Sheetal Chauhan,405,2025,Essay,0,Vajiram & Ravi,link,0,https://vajiramias.sgp1.cdn.digitaloceanspaces.com/strapi/SHEETAL_CHAUHAN_ESSAY_PROGRAMME_AIR_405_794b131fa1.pdf
1369,Sheetal Chauhan,405,2025,GS3,0,Vajiram & Ravi,link,0,https://vajiramias.sgp1.cdn.digitaloceanspaces.com/strapi/SHEETAL_CHAUHAN_SS_GS_3_AIR_405_0ab1cb5a62.pdf
1230,Shiksha Pathak,453,2025,GS1,0,Vajiram & Ravi,link,0,https://vajiramias.sgp1.cdn.digitaloceanspaces.com/strapi/SHIKSHA_PATHAK_SS_GS_1_AIR_453_2025_03ed613dac.pdf
1314,Shiksha Pathak,453,2025,GS2,0,Vajiram & Ravi,link,0,https://vajiramias.sgp1.cdn.digitaloceanspaces.com/strapi/SHIKSHA_PATHAK_SS_GS_2_AIR_453_2025_e1d16e541d.pdf
1472,Shiksha Pathak,453,2025,GS4,0,Vajiram & Ravi,link,0,https://vajiramias.sgp1.cdn.digitaloceanspaces.com/strapi/SHIKSHA_PATHAK_SS_GS_4_AIR_453_2025_2c4a971348.pdf
2203,Shilpa Chauhan,188,2024,Essay,0,VisionIAS,link,0,https://cdn.visionias.in/toppersanswerbooklet/1b303-1003945_3128_shilpa_chauhan_rank_188.pdf
2205,Shilpa Chauhan,188,2024,GS1,0,VisionIAS,link,0,https://cdn.visionias.in/toppersanswerbooklet/74415-1003945_2930_shilpa_chauhan_rank_188.pdf
2206,Shilpa Chauhan,188,2024,GS1,0,VisionIAS,link,0,https://cdn.visionias.in/toppersanswerbooklet/3e325-1003945_2929_shilpa_chauhan_rank_188.pdf
2207,Shilpa Chauhan,188,2024,GS1,0,VisionIAS,link,0,https://cdn.visionias.in/toppersanswerbooklet/08051-1003945_2928_shilpa_chauhan_rank_188.pdf
2204,Shilpa Chauhan,188,2024,GS4,0,VisionIAS,link,0,https://cdn.visionias.in/toppersanswerbooklet/9b7cc-1003945_2931_shilpa_chauhan_rank_188.pdf
1253,Shinde Rameshwar Mahadu,705,2025,GS1,0,Vajiram & Ravi,link,0,https://vajiramias.sgp1.cdn.digitaloceanspaces.com/strapi/SHINDE_RAMESHWAR_MAHADU_SS_GS_1_AIR_705_2025_f733216d4a.pdf
1330,Shinde Rameshwar Mahadu,705,2025,GS2,0,Vajiram & Ravi,link,0,https://vajiramias.sgp1.cdn.digitaloceanspaces.com/strapi/SHINDE_RAMESHWAR_MAHADU_SS_GS_2_TEST_2_AIR_705_2025_31e1cbc295.pdf
1186,Shishir Gupta,50,2019,GS1,0,UnlockIAS,link,0,https://drive.google.com/file/d/1YHqq5wEa2tdaK7Kv0EvnUwugU3dbDb-M/view
1187,Shishir Gupta,50,2019,GS1,0,UnlockIAS,link,0,https://drive.google.com/file/d/14AuumacHTraZ2YpVmYKXvnS5mNQ3_CWt/view
1188,Shishir Gupta,50,2019,GS1,0,UnlockIAS,link,0,https://drive.google.com/file/d/1TIn6iiVTCpmY2c7zoRP3-JD-8O4lia3N/view
1189,Shishir Gupta,50,2019,GS1,0,UnlockIAS,link,0,https://drive.google.com/file/d/1mylc3wrWxmF1gqss7qUMC8h1Ua58hvDE/view
2617,Shivam Kumar,19,2023,Optional — Mathematics,1,SuccessClap,submission,0,http://successclap.in/wp-content/uploads/Shivam-Kumar-AIR-19-Calculus-SuccessClap.pdf
2618,Shivam Kumar,19,2023,Optional — Mathematics,1,SuccessClap,submission,0,http://successclap.in/wp-content/uploads/Shivam-Kumar-AIR-19-Real-Analysis-SuccessClap.pdf
2619,Shivam Kumar,19,2023,Optional — Mathematics,1,SuccessClap,submission,0,http://successclap.in/wp-content/uploads/Shivam-Kumar-AIR-19-Linear-Algebra-SuccessClap.pdf
2620,Shivam Kumar,19,2023,Optional — Mathematics,1,SuccessClap,submission,0,http://successclap.in/wp-content/uploads/Shivam-Kumar-AIR-19-ODE-SuccessClap.pdf
2621,Shivam Kumar,19,2023,Optional — Mathematics,1,SuccessClap,submission,0,http://successclap.in/wp-content/uploads/Shivam-Kumar-AIR-19-FLT1-SuccessClap.pdf
2622,Shivam Kumar,19,2023,Optional — Mathematics,1,SuccessClap,submission,0,http://successclap.in/wp-content/uploads/Shivam-Kumar-AIR-19-FLT2-SuccessClap.pdf
2623,Shivam Kumar,19,2023,Optional — Mathematics,1,SuccessClap,submission,0,http://successclap.in/wp-content/uploads/Shivam-Kumar-AIR-19-FLT5-SuccessClap.pdf
2624,Shivam Kumar,19,2023,Optional — Mathematics,1,SuccessClap,submission,0,http://successclap.in/wp-content/uploads/Shivam-Kumar-AIR-19-FLT6-SuccessClap.pdf
2625,Shivam Kumar,19,2023,Optional — Mathematics,1,SuccessClap,submission,0,http://successclap.in/wp-content/uploads/Shivam-Kumar-AIR-19-FLT7-SuccessClap.pdf
2626,Shivam Kumar,19,2023,Optional — Mathematics,1,SuccessClap,submission,0,http://successclap.in/wp-content/uploads/Shivam-Kumar-AIR-19-FLT8-SuccessClap.pdf
2627,Shivam Kumar,19,2023,Optional — Mathematics,1,SuccessClap,submission,0,http://successclap.in/wp-content/uploads/Shivam-Kumar-AIR-19-FLT9-SuccessClap.pdf
745,Shivam Singh,,2024,GS2,0,Forumias,upsckata,23,https://forumias.com/blog/wp-content/uploads/2025/04/SHIVAM-SINGH-UPSC-2024-Rank-73-MGP-Sample-Copy-2.pdf
746,Shivani,,2024,GS3,0,Mgp,upsckata,7,https://forumias.com/blog/wp-content/uploads/2025/04/SHIVANI-MOHAN-UPSC-2024-Rank-71-MGP-Sample-Copy.pdf
2701,Shivani Panchal,53,2024,Optional — Sociology,1,VisionIAS,submission,0,https://cdn.visionias.in/toppersanswerbooklet/d27ce-716902_2526_shivani_panchal_rank_53.pdf
2702,Shivani Panchal,53,2024,Optional — Sociology,1,VisionIAS,submission,0,https://cdn.visionias.in/toppersanswerbooklet/42d82-716902_2527_shivani_panchal_rank_53.pdf
2703,Shivani Panchal,53,2024,Optional — Sociology,1,VisionIAS,submission,0,https://cdn.visionias.in/toppersanswerbooklet/61e44-716902_2528_shivani_panchal_rank_53.pdf
2704,Shivani Panchal,53,2024,Optional — Sociology,1,VisionIAS,submission,0,https://cdn.visionias.in/toppersanswerbooklet/2e441-716902_2529_shivani_panchal_rank_53.pdf
2705,Shivani Panchal,53,2024,Optional — Sociology,1,VisionIAS,submission,0,https://cdn.visionias.in/toppersanswerbooklet/26f09-716902_2530_shivani_panchal_rank_53.pdf
2706,Shivani Panchal,53,2024,Optional — Sociology,1,VisionIAS,submission,0,https://cdn.visionias.in/toppersanswerbooklet/0e286-716902_2531_shivani_panchal_rank_53.pdf
2707,Shivani Panchal,53,2024,Optional — Sociology,1,VisionIAS,submission,0,https://cdn.visionias.in/toppersanswerbooklet/5e865-716902_2532_shivani_panchal_rank_53.pdf
747,Shivansh Subhash Jagade,,2024,GS1,0,Forumias,upsckata,22,https://forumias.com/blog/wp-content/uploads/2025/04/SHIVANSH-SUBHASH-JAGADE-UPSC-2024-Rank-26-MGP-Sample-Copy-3.pdf
1459,Shivansh Tripathi,293,2025,GS4,0,Vajiram & Ravi,link,0,https://vajiramias.sgp1.cdn.digitaloceanspaces.com/strapi/SHIVANSH_TIRPATHI_GS_4_AIR_293_2025_cd51164bef.pdf
748,Shivendra Pandey,,,Essay,0,Forumias,upsckata,2,https://forumias.com/blog/wp-content/uploads/2026/03/SHIVENDRA-PANDEYUPSC_IAS_2025_Toppers_AIR_110_Sample_ESSAY_TEST_1.pdf
751,Shivendra Pandey,,,GS3,0,Forumias,upsckata,20,https://forumias.com/blog/wp-content/uploads/2026/03/SHIVENDRA-PANDEYUPSC_IAS_2025_Toppers_AIR_110_Sample_MG_TEST_3.pdf
752,Shivendra Pandey,,,GS3,0,Forumias,upsckata,20,https://forumias.com/blog/wp-content/uploads/2026/03/SHIVENDRA-PANDEYUPSC_IAS_2025_Toppers_AIR_110_Sample_MG_TEST_4.pdf
749,Shivendra Pandey,,,GS4,0,Forumias,upsckata,24,https://forumias.com/blog/wp-content/uploads/2026/03/SHIVENDRA-PANDEYUPSC_IAS_2025_Toppers_AIR_110_Sample_MG_TEST_1.pdf
750,Shivendra Pandey,,,GS4,0,Forumias,upsckata,20,https://forumias.com/blog/wp-content/uploads/2026/03/SHIVENDRA-PANDEYUPSC_IAS_2025_Toppers_AIR_110_Sample_MG_TEST_2.pdf
2558,Shivika Hans,300,2023,Optional — Sociology,1,Level Up IAS,submission,0,https://drive.google.com/file/d/170mB8s-kbbUgHpj9hn4yAxABtKDTU3m8/view
1034,Shivin Chaudhary,,,GS4,0,Forumias,upsckata,9,https://drive.google.com/file/d/1KigC42wnNZHGD85UKxyOpIFCsQqbH4c8/view
1321,Shiwani Kumari,578,2025,GS2,0,Vajiram & Ravi,link,0,https://vajiramias.sgp1.cdn.digitaloceanspaces.com/strapi/SHIWANI_KUMARI_SS_GS_2_AIR_578_e372e4ae55.pdf
1381,Shiwani Kumari,578,2025,GS3,0,Vajiram & Ravi,link,0,https://vajiramias.sgp1.cdn.digitaloceanspaces.com/strapi/SHIWANI_KUMARI_SS_GS_3_AIR_578_426d8c13f6.pdf
1481,Shiwani Kumari,578,2025,GS4,0,Vajiram & Ravi,link,0,https://vajiramias.sgp1.cdn.digitaloceanspaces.com/strapi/SHIWANI_KUMARI_SS_GS_4_AIR_578_edb7c7dc9a.pdf
2169,Shlok Waikar,159,2024,Essay,0,VisionIAS,link,0,https://cdn.visionias.in/toppersanswerbooklet/7b837-883913_2575_shlok_waikar_rank_159.pdf
2170,Shlok Waikar,159,2024,GS1,0,VisionIAS,link,0,https://cdn.visionias.in/toppersanswerbooklet/9fc56-883913_2364_shlok_waikar_rank_159.pdf
2171,Shlok Waikar,159,2024,GS1,0,VisionIAS,link,0,https://cdn.visionias.in/toppersanswerbooklet/412c9-883913_2211_shlok_waikar_rank_159.pdf
2172,Shlok Waikar,159,2024,GS1,0,VisionIAS,link,0,https://cdn.visionias.in/toppersanswerbooklet/da4cd-883913_1399_shlok_waikar_rank_159.pdf
2173,Shlok Waikar,159,2024,GS4,0,VisionIAS,link,0,https://cdn.visionias.in/toppersanswerbooklet/4d61e-883913_1420_shlok_waikar_rank_159.pdf
2516,Shobhika Pathak,37,2024,Optional — Sociology,1,Level Up IAS,submission,0,https://drive.google.com/file/d/1I--KQHlGfLvJXQ6QewT7TW6GDNqdjtN8/view
758,Shoham Teberiwal,77,,GS1,0,Nextias,upsckata,20,https://next-ias-appsquadz.s3.ap-south-1.amazonaws.com/file_library/pdf/original/93393beb2b7e996905ce7ea7f8b78443/86/air-77-shoham-teberiwal_test-5_gs1.pdf
759,Shoham Teberiwal,77,,GS1,0,Nextias,upsckata,20,https://next-ias-appsquadz.s3.ap-south-1.amazonaws.com/file_library/pdf/original/93393beb2b7e996905ce7ea7f8b78443/87/air-77-shoham-teberiwal_test-1_gs1.pdf
756,Shoham Teberiwal,77,,GS2,0,Nextias,upsckata,20,https://next-ias-appsquadz.s3.ap-south-1.amazonaws.com/file_library/pdf/original/93393beb2b7e996905ce7ea7f8b78443/83/air-77-shoham-teberiwal_test-6_gs2.pdf
757,Shoham Teberiwal,77,,GS2,0,Nextias,upsckata,20,https://next-ias-appsquadz.s3.ap-south-1.amazonaws.com/file_library/pdf/original/93393beb2b7e996905ce7ea7f8b78443/85/air-77-shoham-teberiwal_test-2_gs2.pdf
754,Shoham Teberiwal,77,,GS3,0,Nextias,upsckata,20,https://next-ias-appsquadz.s3.ap-south-1.amazonaws.com/file_library/pdf/original/93393beb2b7e996905ce7ea7f8b78443/81/air-77-shoham-teberiwal_test-3_gs3.pdf
755,Shoham Teberiwal,77,,GS3,0,Nextias,upsckata,21,https://next-ias-appsquadz.s3.ap-south-1.amazonaws.com/file_library/pdf/original/93393beb2b7e996905ce7ea7f8b78443/82/air-77-shoham-teberiwal_test-7_gs3.pdf
753,Shoham Teberiwal,77,,GS4,0,Nextias,upsckata,23,https://next-ias-appsquadz.s3.ap-south-1.amazonaws.com/file_library/pdf/original/93393beb2b7e996905ce7ea7f8b78443/80/air-77-shoham-teberiwal_test-8_gs4.pdf
760,Shreya,,,GS3,0,Forumias,upsckata,21,https://forumias.com/blog/wp-content/uploads/2026/04/PRIYADARSHI-SHREYA-DILIPKUMARUPSC_IAS_2025_Toppers_AIR_387_Sample_MGP_1.pdf
761,Shreya,,,GS3,0,Forumias,upsckata,20,https://forumias.com/blog/wp-content/uploads/2026/04/PRIYADARSHI-SHREYA-DILIPKUMARUPSC_IAS_2025_Toppers_AIR_387_Sample_MGP_2.pdf
762,Shreya,,,GS4,0,Forumias,upsckata,22,https://forumias.com/blog/wp-content/uploads/2026/04/PRIYADARSHI-SHREYA-DILIPKUMARUPSC_IAS_2025_Toppers_AIR_387_Sample_MGP_3.pdf
763,Shreya Priyadarshi,,,Essay,0,Forumias,upsckata,1,https://forumias.com/blog/wp-content/uploads/2026/04/PRIYADARSHI-SHREYA-DILIPKUMARUPSC_IAS_2025_Toppers_AIR_387_Sample_ESSAY_1.pdf
764,Shreya Tyagi,,2024,GS1,0,Forumias,upsckata,4,https://forumias.com/blog/wp-content/uploads/2025/04/SHREYA-TYAGI-UPSC-2024-Rank-31-MGP-Sample-Copy-2.pdf
1949,Shreya Tyagi,31,2024,GS1,0,VisionIAS,link,0,https://cdn.visionias.in/toppersanswerbooklet/b4db3-202561_1146_shreya-tyagi_rank_31.pdf
1950,Shreya Tyagi,31,2024,GS1,0,VisionIAS,link,0,https://cdn.visionias.in/toppersanswerbooklet/3af08-202561_1150_shreya-tyagi_rank_31.pdf
765,Shreya Tyagi,,2024,GS2,0,Nextias,upsckata,5,https://www.nextias.com/newuploads/Nextias/2025/4/Shreya-Tyagi-gs-mains-advanced-course-2024-test-4-1745411352524.pdf
1035,Shruti Rajlakshmi,,,GS4,0,Vision,upsckata,22,https://drive.google.com/file/d/1_lfocikJbP7uS31kTSBw3N5Bfcl7C60l/view
1036,Shruti Rajlakshmi,,,GS4,0,Vision,upsckata,20,https://drive.google.com/file/d/1fU3LHFpvZTJpU3wyVbHYNW_kZhtb6iBW/view
1139,Shruti Sharma,1,2021,GS1,0,UnlockIAS,link,0,https://drive.google.com/file/d/1Xl-wv4xM36lg7C9QVNh6g_p4rOnHYG2R/view
1140,Shruti Sharma,1,2021,GS1,0,UnlockIAS,link,0,https://drive.google.com/file/d/1MYpQ8SJN3I2pjKS19sKMoy4FBW0ggVPQ/view
1037,Shruti Sharma,,,GS4,0,Vajiram,upsckata,9,https://drive.google.com/file/d/1ER257NUCPihtWSOte_aYpnJse3k6b89q/view
1038,Shruti Sharma,,,GS4,0,Forumias,upsckata,25,https://drive.google.com/file/d/1yXI30Ci95pwKHymauTdPUTr9PSwNJj4E/view
1039,Shruti Sharma,,,GS4,0,Vajiram,upsckata,10,https://drive.google.com/file/d/17G-qE7hAYGzD2IfLKFpckIRNh8Cf7Obz/view
1040,Shruti Sharma,,,GS4,0,Forumias,upsckata,25,https://drive.google.com/file/d/1vRTYs4z0wIIRN2v3cEFS0GtxMzJKkrPV/view
2468,Shruti Uttam Shrote,981,2023,Optional — PSIR,1,Sleepy Classes,submission,0,https://sleepyclasses.com/wp-content/uploads/2020/08/Social-media-is-inherently-a-selfish-medium_compressed.pdf
2469,Shruti Uttam Shrote,981,2023,Optional — PSIR,1,Sleepy Classes,submission,0,https://sleepyclasses.com/wp-content/uploads/2020/08/fulfillment-of-new-woman_compressed.pdf
2470,Shruti Uttam Shrote,981,2023,Optional — PSIR,1,Sleepy Classes,submission,0,https://sleepyclasses.com/wp-content/uploads/2020/08/Destiny-of-a-nation-is-shaped-in-its-classrooms._compressed.pdf
2471,Shruti Uttam Shrote,981,2023,Optional — PSIR,1,Sleepy Classes,submission,0,https://sleepyclasses.com/wp-content/uploads/2023/06/Yash-Vishen-Full-Length-Test-1-.pdf
2472,Shruti Uttam Shrote,981,2023,Optional — PSIR,1,Sleepy Classes,submission,0,https://sleepyclasses.com/wp-content/uploads/2024/04/Nivedita-Das-Sociology-Test-FLT2_Week-8.pdf
2473,Shruti Uttam Shrote,981,2023,Optional — PSIR,1,Sleepy Classes,submission,0,https://sleepyclasses.com/wp-content/uploads/2023/06/Yash-Vishen-Full-Length-Test-4-.pdf
2474,Shruti Uttam Shrote,981,2023,Optional — PSIR,1,Sleepy Classes,submission,0,https://sleepyclasses.com/wp-content/uploads/2023/06/Yash-Vishen-Full-Length-Test-6.pdf
2475,Shruti Uttam Shrote,981,2023,Optional — PSIR,1,Sleepy Classes,submission,0,https://sleepyclasses.com/wp-content/uploads/2023/06/Komal-Aggarwal-Full-Length-Test-1-Paper-1.pdf
2476,Shruti Uttam Shrote,981,2023,Optional — PSIR,1,Sleepy Classes,submission,0,https://sleepyclasses.com/wp-content/uploads/2020/08/gs1test-Harshit-Kumar_compressed.pdf
2477,Shruti Uttam Shrote,981,2023,Optional — PSIR,1,Sleepy Classes,submission,0,https://sleepyclasses.com/wp-content/uploads/2020/08/Prashant-Sharma-GS-I_compressed.pdf
2478,Shruti Uttam Shrote,981,2023,Optional — PSIR,1,Sleepy Classes,submission,0,https://sleepyclasses.com/wp-content/uploads/2020/08/Prashant-GSII_compressed.pdf
2479,Shruti Uttam Shrote,981,2023,Optional — PSIR,1,Sleepy Classes,submission,0,https://sleepyclasses.com/wp-content/uploads/2020/08/Prashant-GS-III_compressed.pdf
2480,Shruti Uttam Shrote,981,2023,Optional — PSIR,1,Sleepy Classes,submission,0,https://sleepyclasses.com/wp-content/uploads/2020/08/Prashant-GS-IV_compressed.pdf
2481,Shruti Uttam Shrote,981,2023,Optional — PSIR,1,Sleepy Classes,submission,0,https://sleepyclasses.com/wp-content/uploads/2024/05/Shruti-Shrote_HLT1.pdf-1.pdf
2482,Shruti Uttam Shrote,981,2023,Optional — PSIR,1,Sleepy Classes,submission,0,https://sleepyclasses.com/wp-content/uploads/2023/06/Yash-Vishen-Sectional-Test-2-Chapters-4.pdf
2483,Shruti Uttam Shrote,981,2023,Optional — PSIR,1,Sleepy Classes,submission,0,https://sleepyclasses.com/wp-content/uploads/2024/04/Jatin-Jain_Mains-Test-2-1.pdf-1.pdf
2484,Shruti Uttam Shrote,981,2023,Optional — PSIR,1,Sleepy Classes,submission,0,https://sleepyclasses.com/wp-content/uploads/2023/06/Komal-Aggarwal-Sectional-Test-1-Chapters-1-to-3-.pdf
2485,Shruti Uttam Shrote,981,2023,Optional — PSIR,1,Sleepy Classes,submission,0,https://sleepyclasses.com/wp-content/uploads/2023/06/Yash-Vishen-Sectional-Test-1-Chapters-1-to-3.pdf
2486,Shruti Uttam Shrote,981,2023,Optional — PSIR,1,Sleepy Classes,submission,0,https://sleepyclasses.com/wp-content/uploads/2024/04/Nivedita-Das_Mains-Test-2.pdf.pdf
2487,Shruti Uttam Shrote,981,2023,Optional — PSIR,1,Sleepy Classes,submission,0,https://sleepyclasses.com/wp-content/uploads/2024/04/Jatin-Jain_Mains-Test-1.pdf.pdf
2488,Shruti Uttam Shrote,981,2023,Optional — PSIR,1,Sleepy Classes,submission,0,https://sleepyclasses.com/wp-content/uploads/2023/06/Komal-Aggarwal-Sectional-Test-2-Chapter-4-.pdf
2489,Shruti Uttam Shrote,981,2023,Optional — PSIR,1,Sleepy Classes,submission,0,https://sleepyclasses.com/wp-content/uploads/2023/06/Komal-Aggarwal-Sectional-Test-3-Chapter-5-6-And-10-.pdf
2490,Shruti Uttam Shrote,981,2023,Optional — PSIR,1,Sleepy Classes,submission,0,https://sleepyclasses.com/wp-content/uploads/2024/04/Nivedita-Das_Mains-Test-3.pdf.pdf
2491,Shruti Uttam Shrote,981,2023,Optional — PSIR,1,Sleepy Classes,submission,0,https://sleepyclasses.com/wp-content/uploads/2023/06/Komal-Aggarwal-Sectional-Test-4-Chapter-78-and-9-.pdf
2492,Shruti Uttam Shrote,981,2023,Optional — PSIR,1,Sleepy Classes,submission,0,https://sleepyclasses.com/wp-content/uploads/2023/06/Yash-Vishen-Sectional-Test-4-Chapters-78-and-9.pdf
2493,Shruti Uttam Shrote,981,2023,Optional — PSIR,1,Sleepy Classes,submission,0,https://sleepyclasses.com/wp-content/uploads/2024/04/Nivedita-Das_Mains-Test-4.pdf.pdf
2494,Shruti Uttam Shrote,981,2023,Optional — PSIR,1,Sleepy Classes,submission,0,https://sleepyclasses.com/wp-content/uploads/2023/06/Komal-Aggarwal-Sectional-Test-5-Paper-2-Part-A1-A2-B1-B2-.pdf
2495,Shruti Uttam Shrote,981,2023,Optional — PSIR,1,Sleepy Classes,submission,0,https://sleepyclasses.com/wp-content/uploads/2023/06/Yash-Vishen-Sectional-Test-5-Paper-2-Part-A1-A2-B1-B2.pdf
2496,Shruti Uttam Shrote,981,2023,Optional — PSIR,1,Sleepy Classes,submission,0,https://sleepyclasses.com/wp-content/uploads/2023/06/Komal-Aggarwal-Sectional-Test-6-Paper-2-Part-B3-B4-B5-B6.pdf
2497,Shruti Uttam Shrote,981,2023,Optional — PSIR,1,Sleepy Classes,submission,0,https://sleepyclasses.com/wp-content/uploads/2023/06/Komal-Aggarwal-Sectional-Test-7-Paper-2-Part-C1-C2-C3-C4.pdf
2498,Shruti Uttam Shrote,981,2023,Optional — PSIR,1,Sleepy Classes,submission,0,https://sleepyclasses.com/wp-content/uploads/2023/06/Komal-Aggarwal-Sectional-Test-8-Paper-2-Part-C5-C6-C7.pdf
2499,Shruti Uttam Shrote,981,2023,Optional — PSIR,1,Sleepy Classes,submission,0,https://sleepyclasses.com/wp-content/uploads/2024/04/Nivedita-Das-Sociology-Test-8_Week-8.pdf
2759,SHUBHAM,223,2023,Optional — Sociology,1,VisionIAS,submission,0,https://cdn.visionias.in/toppersanswerbooklet/8a9ae-1039940_2100_shubham_rank_223.pdf
2760,SHUBHAM,223,2023,Optional — Sociology,1,VisionIAS,submission,0,https://cdn.visionias.in/toppersanswerbooklet/83eef-1039940_2215_shubham_rank_223.pdf
2761,SHUBHAM,223,2023,Optional — Sociology,1,VisionIAS,submission,0,https://cdn.visionias.in/toppersanswerbooklet/64938-1039940_2216_shubham_rank_223.pdf
768,Shubham Behere,226,2025,GS1,0,Forumias,upsckata,21,https://forumias.com/blog/wp-content/uploads/2026/03/BEHERE-SHUBHAM-SHARAD-UPSC-IAS-2025-Toppers-AIR-226-Sample-MGP-3.pdf
767,Shubham Behere,226,2025,GS2,0,Forumias,upsckata,20,https://forumias.com/blog/wp-content/uploads/2026/03/BEHERE-SHUBHAM-SHARAD-UPSC-IAS-2025-Toppers-AIR-226-Sample-MGP-2.pdf
766,Shubham Behere,226,2025,GS4,0,Forumias,upsckata,26,https://forumias.com/blog/wp-content/uploads/2026/03/BEHERE-SHUBHAM-SHARAD-UPSC-IAS-2025-Toppers-AIR-226-Sample-MGP-1.pdf
769,Shubham Behere,226,2025,GS4,0,Forumias,upsckata,24,https://forumias.com/blog/wp-content/uploads/2026/03/BEHERE-SHUBHAM-SHARAD-UPSC-IAS-2025-Toppers-AIR-226-Sample-MGP-4.pdf
1257,Shubham Gautam,802,2025,GS1,0,Vajiram & Ravi,link,0,https://vajiramias.sgp1.cdn.digitaloceanspaces.com/strapi/SHUBHAM_GAUTAM_SS_GS_1_AIR_802_2025_75d64fffd4.pdf
1063,Shubham Kumar,1,2020,Essay,0,UnlockIAS,link,0,https://drive.google.com/file/d/12KpbppXwmNUfSLi8v4jr7pbiXeTKoV3O/view
1064,Shubham Kumar,1,2020,Essay,0,UnlockIAS,link,0,https://drive.google.com/file/d/1swicyD29-rfjrhXfQZWmn7GkDCk5u4X9/view
1141,Shubham Kumar,1,2020,GS1,0,UnlockIAS,link,0,https://drive.google.com/file/d/1mRQESn4HjiQQ6IpBhMcLuKee0JnXRxPn/view
1142,Shubham Kumar,1,2020,GS1,0,UnlockIAS,link,0,https://drive.google.com/file/d/11osBWxH4EywaQB0_WkNW-F8nFy8ZHZwj/view
1143,Shubham Kumar,1,2020,GS1,0,UnlockIAS,link,0,https://drive.google.com/file/d/1QzCiMp7I-3fSQMGAovXo-Ry_sPMcZb5n/view
1144,Shubham Kumar,1,2020,GS1,0,UnlockIAS,link,0,https://drive.google.com/file/d/1S6GHDkv9HzFSdIu0fmHhAupwREf-8mx1/view
1145,Shubham Kumar,1,2020,GS1,0,UnlockIAS,link,0,https://drive.google.com/file/d/1j9LyHlXVBohovU3iE1I-YW_gXcDHQAiY/view
1041,Shubham Kumar,,,GS4,0,Vision,upsckata,19,https://drive.google.com/file/d/1gCh80iKxKWSdD_bqQ4a0aibkSmcmjOQd/view
1042,Shubham Kumar,,,GS4,0,Vision,upsckata,20,https://drive.google.com/file/d/1dSRwsPMFZKS7ehMm7jBWt9cbbdjv91Mo/view
1043,Shubham Kumar,,,GS4,0,Vision,upsckata,20,https://drive.google.com/file/d/1pelxtCWFu8kAcP8WQxWbAsLJqumNBRs3/view
1400,Shubham Kumar,1,2020,GS4,0,UnlockIAS,link,0,https://drive.google.com/file/d/1VQEzHn-hwQU9tv9R_iaXRr3VF19hQ4GD/view
1264,Shubham Meena,929,2025,GS1,0,Vajiram & Ravi,link,0,https://vajiramias.sgp1.cdn.digitaloceanspaces.com/strapi/SHUBHAM_MEENA_SS_GS_1_AIR_929_08f4371635.pdf
1396,Shubham Meena,929,2025,GS3,0,Vajiram & Ravi,link,0,https://vajiramias.sgp1.cdn.digitaloceanspaces.com/strapi/SHUBHAM_MEENA_SS_GS_3_AIR_929_2025_e03344b4fa.pdf
1480,Shubham Raghuvanshi,556,2024,GS4,0,UnlockIAS,link,0,https://drive.google.com/file/d/1KDE3PKW7FJXlW2fEht1wI5De28B-c7fU/view
1259,Shubham Verma,862,2025,GS1,0,Vajiram & Ravi,link,0,https://vajiramias.sgp1.cdn.digitaloceanspaces.com/strapi/SHUBHAM_VERMA_SS_GS_1_AIR_862_2025_6346c7ef66.pdf
1260,Shubham Verma,862,2025,GS1,0,Vajiram & Ravi,link,0,https://vajiramias.sgp1.cdn.digitaloceanspaces.com/strapi/SHUBHAM_VERMA_SS_GS_1_AIR_862_2025_c839147fd9.pdf
1335,Shubham Verma,862,2025,GS2,0,Vajiram & Ravi,link,0,https://vajiramias.sgp1.cdn.digitaloceanspaces.com/strapi/SHUBHAM_VERMA_SS_GS_2_AIR_862_2025_d436c85760.pdf
1393,Shubham Verma,862,2025,GS3,0,Vajiram & Ravi,link,0,https://vajiramias.sgp1.cdn.digitaloceanspaces.com/strapi/SHUBHAM_VERMA_SS_GS_3_AIR_862_2025_cfc7f8a018.pdf
1495,Shubham Verma,862,2025,GS4,0,Vajiram & Ravi,link,0,https://vajiramias.sgp1.cdn.digitaloceanspaces.com/strapi/SHUBHAM_VERMA_SS_GS_4_AIR_862_2025_fd7239f65a.pdf
1044,Shubhankar Pathak,,,GS4,0,Raus,upsckata,20,https://drive.google.com/file/d/1DnYdB7Uo1rWdRyT8xprDhlyYEorRJ5nf/view
1045,Shubhankar Patilak,,,GS4,0,Raus,upsckata,18,https://drive.google.com/file/d/1izhTHmA0IBatmB_L9tkVldQTTabfIsUQ/view
770,Shubhanshi Singh,,,Essay,0,Forumias,upsckata,2,https://forumias.com/blog/wp-content/uploads/2026/03/SHUBHANSHI-SINGHUPSC_IAS_2025_Toppers_AIR_381_Sample_ESSAY_1.pdf
772,Shubhanshi Singh,,,GS3,0,Forumias,upsckata,20,https://forumias.com/blog/wp-content/uploads/2026/03/SHUBHANSHI-SINGHUPSC_IAS_2025_Toppers_AIR_381_Sample_MGP_2.pdf
771,Shubhanshi Singh,,,GS4,0,Forumias,upsckata,24,https://forumias.com/blog/wp-content/uploads/2026/03/SHUBHANSHI-SINGHUPSC_IAS_2025_Toppers_AIR_381_Sample_MGP_1.pdf
774,Shubhra Roy,,,Essay,0,Vision,upsckata,6,https://cdn.visionias.in/toppersanswerbooklet/9ab70-896282_2488_shubhra_roy_rank_147.pdf
1723,Shubhra Roy,147,2025,Essay,0,VisionIAS,link,0,https://cdn.visionias.in/toppersanswerbooklet/9ab70-896282_2488_shubhra_roy_rank_147.pdf
773,Shubhra Roy,147,2025,GS3,0,Forumias,upsckata,20,https://forumias.com/blog/wp-content/uploads/2026/03/SHUBHRA-ROYUPSC-IAS-2025-Toppers-AIR-147-Sample-MGP-Copy-3.pdf
2571,Shyamala T,695,2023,Optional — Sociology,1,Level Up IAS,submission,0,https://drive.google.com/file/d/1nPQ9JclVIjldVRTST-7MnakEHUf93fRF/view
2165,Sidaq Singh,157,2024,GS1,0,VisionIAS,link,0,https://cdn.visionias.in/toppersanswerbooklet/baad4-160702_1408_sidaq_singh_rank_157.pdf
2166,Sidaq Singh,157,2024,GS1,0,VisionIAS,link,0,https://cdn.visionias.in/toppersanswerbooklet/c2d29-160702_1407_sidaq_singh_rank_157.pdf
2167,Sidaq Singh,157,2024,GS1,0,VisionIAS,link,0,https://cdn.visionias.in/toppersanswerbooklet/eab9b-160702_1391_sidaq_singh_rank_157.pdf
2168,Sidaq Singh,157,2024,GS4,0,VisionIAS,link,0,https://cdn.visionias.in/toppersanswerbooklet/003c1-160702_1420_sidaq_singh_rank_157.pdf
2270,Siddharth Kumar Meena,873,2024,GS1,0,VisionIAS,link,0,https://cdn.visionias.in/toppersanswerbooklet/0878c-74007_2364_siddharth_kumar_meena_rabk_873.pdf
2271,Siddharth Kumar Meena,873,2024,GS1,0,VisionIAS,link,0,https://cdn.visionias.in/toppersanswerbooklet/30120-74007_2368_siddharth_kumar_meena_rabk_873.pdf
2268,Siddharth Kumar Meena,873,2024,GS4,0,VisionIAS,link,0,https://cdn.visionias.in/toppersanswerbooklet/849fb-74007_2366_siddharth_kumar_meena_rabk_873.pdf
2269,Siddharth Kumar Meena,873,2024,GS4,0,VisionIAS,link,0,https://cdn.visionias.in/toppersanswerbooklet/e8d38-74007_2370_siddharth_kumar_meena_rabk_873.pdf
2538,Siddharth Singh,143,2024,Optional — Sociology,1,Level Up IAS,submission,0,https://drive.google.com/file/d/1L--o4CTomf0z9b9JhWwMljdV1_88gvg2/view
2574,Simran Meena,889,2023,Optional — Sociology,1,Level Up IAS,submission,0,https://drive.google.com/file/d/1JN04kIkDR8Xj75YTmPHhm9TRPfLtJnl_/view
775,Simrandeep Kaur,,,Essay,0,Vision,upsckata,2,https://cdn.visionias.in/toppersanswerbooklet/001f4-1158734_4514_simrandeep_kaur_rank_14.pdf
1537,Simrandeep Kaur,15,2025,Essay,0,VisionIAS,link,0,https://cdn.visionias.in/toppersanswerbooklet/001f4-1158734_4514_simrandeep_kaur_rank_14.pdf
1534,Simrandeep Kaur,15,2025,GS1,0,VisionIAS,link,0,https://cdn.visionias.in/toppersanswerbooklet/cbb47-1158734_2930_simrandeep_kaur_rank_14.pdf
1535,Simrandeep Kaur,15,2025,GS1,0,VisionIAS,link,0,https://cdn.visionias.in/toppersanswerbooklet/32f43-1158734_4511_simrandeep_kaur_rank_14.pdf
1536,Simrandeep Kaur,15,2025,GS1,0,VisionIAS,link,0,https://cdn.visionias.in/toppersanswerbooklet/3f1e7-1158734_4512_simrandeep_kaur_rank_14.pdf
779,Simrandeep Kaur,,,GS2,0,Vision,upsckata,20,https://cdn.visionias.in/toppersanswerbooklet/32f43-1158734_4511_simrandeep_kaur_rank_14.pdf
778,Simrandeep Kaur,,,GS3,0,Vision,upsckata,20,https://cdn.visionias.in/toppersanswerbooklet/cbb47-1158734_2930_simrandeep_kaur_rank_14.pdf
780,Simrandeep Kaur,,,GS3,0,Vision,upsckata,21,https://cdn.visionias.in/toppersanswerbooklet/3f1e7-1158734_4512_simrandeep_kaur_rank_14.pdf
776,Simrandeep Kaur,,,GS4,0,Vision,upsckata,24,https://cdn.visionias.in/toppersanswerbooklet/a7a9a-1158734_2931_simrandeep_kaur_rank_14.pdf
777,Simrandeep Kaur,,,GS4,0,Vision,upsckata,23,https://cdn.visionias.in/toppersanswerbooklet/afc4b-1158734_4513_simrandeep_kaur_rank_14.pdf
1532,Simrandeep Kaur,15,2025,GS4,0,VisionIAS,link,0,https://cdn.visionias.in/toppersanswerbooklet/a7a9a-1158734_2931_simrandeep_kaur_rank_14.pdf
1533,Simrandeep Kaur,15,2025,GS4,0,VisionIAS,link,0,https://cdn.visionias.in/toppersanswerbooklet/afc4b-1158734_4513_simrandeep_kaur_rank_14.pdf
2649,Simrandeep Kaur,15,2025,Optional — PSIR,1,VisionIAS,submission,0,https://cdn.visionias.in/toppersanswerbooklet/8ce73-1158734_4517_simrandeep_kaur_rank_15.pdf
2650,Simrandeep Kaur,15,2025,Optional — PSIR,1,VisionIAS,submission,0,https://cdn.visionias.in/toppersanswerbooklet/37c9a-1158734_4518_simrandeep_kaur_rank_15.pdf
1936,Sivachandran B,23,2024,Essay,0,VisionIAS,link,0,https://cdn.visionias.in/toppersanswerbooklet/e4754-1184529_2121_sivachandran_b_rank_23.pdf
1046,Smriti Mishra,,,GS4,0,Forumias,upsckata,30,https://drive.google.com/file/d/1WOiQBObiT3iqr7XyH7gGcYxIC-ou0kXc/view
2939,Smrutiranjan Mohanty,87,2014,Optional — Sociology,1,VisionIAS,submission,0,https://cdn.visionias.in/toppersanswerbooklet/1505e-smrutiranjan_87_2014_sociology_booklet_1.pdf
2940,Smrutiranjan Mohanty,87,2014,Optional — Sociology,1,VisionIAS,submission,0,https://cdn.visionias.in/toppersanswerbooklet/e88e0-smrutiranjan_87_2014_sociology_booklet_2.pdf
2941,Smrutiranjan Mohanty,87,2014,Optional — Sociology,1,VisionIAS,submission,0,https://cdn.visionias.in/toppersanswerbooklet/2f3a7-smrutiranjan_87_2014_sociology_booklet_3.pdf
2942,Smrutiranjan Mohanty,87,2014,Optional — Sociology,1,VisionIAS,submission,0,https://cdn.visionias.in/toppersanswerbooklet/7af71-smrutiranjan_87_2014_sociology_booklet_4.pdf
2943,Smrutiranjan Mohanty,87,2014,Optional — Sociology,1,VisionIAS,submission,0,https://cdn.visionias.in/toppersanswerbooklet/5d4a5-smrutiranjan_87_2014_sociology_booklet_5.pdf
2043,Snehith,94,2024,GS4,0,VisionIAS,link,0,https://cdn.visionias.in/toppersanswerbooklet/6ad20-1370255_1841_snehith__rank_94.pdf
784,Snehith Chakka,139,2025,GS1,0,Forumias,upsckata,20,https://forumias.com/blog/wp-content/uploads/2026/03/CHAKKA-SNEHITHUPSC-IAS-2025-Toppers-AIR-139-Sample-MGP-Copy-3.pdf
783,Snehith Chakka,139,2025,GS2,0,Forumias,upsckata,20,https://forumias.com/blog/wp-content/uploads/2026/03/CHAKKA-SNEHITHUPSC-IAS-2025-Toppers-AIR-139-Sample-MGP-Copy-2.pdf
781,Snehith Chakka,,2024,GS4,0,Forumias,upsckata,24,https://forumias.com/blog/wp-content/uploads/2025/04/CHAKKA-SNEHITH-UPSC-2024-Rank-94-MGP-Sample-Copy-2.pdf
782,Snehith Chakka,139,2025,GS4,0,Forumias,upsckata,20,https://forumias.com/blog/wp-content/uploads/2026/03/CHAKKA-SNEHITHUPSC-IAS-2025-Toppers-AIR-139-Sample-MGP-Copy-1.pdf
1837,Sonali Vats,273,2025,Essay,0,VisionIAS,link,0,https://cdn.visionias.in/toppersanswerbooklet/970ba-741748_2234_saloni-vats_rank_273.pdf
2356,Sooraj KL,713,2023,Optional — Anthropology,1,Level Up IAS,submission,0,https://drive.google.com/file/d/1DhWZFiO3g-IxlmWzaOLskeuOYAh4AUec/view
1215,Sophia Siddiqui,253,2025,GS1,0,Vajiram & Ravi,link,0,https://vajiramias.sgp1.cdn.digitaloceanspaces.com/strapi/SOPHIA_SIDDIQUI_SS_GS_1_AIR_253_2025_3502395857.pdf
1457,Sophia Siddiqui,253,2025,GS4,0,Vajiram & Ravi,link,0,https://vajiramias.sgp1.cdn.digitaloceanspaces.com/strapi/Sophia_Siddiqui_SS_GS_4_AIR_253_2025_303e0da3e7.pdf
1740,Soumya Sharma,168,2025,GS1,0,VisionIAS,link,0,https://cdn.visionias.in/toppersanswerbooklet/82a21-111387_2928_soumya-sharma_rank_168.pdf
1741,Soumya Sharma,168,2025,GS2,0,VisionIAS,link,0,https://cdn.visionias.in/toppersanswerbooklet/c18c8-111387_2929_soumya-sharma_rank_168.pdf
1742,Soumya Sharma,168,2025,GS3,0,VisionIAS,link,0,https://cdn.visionias.in/toppersanswerbooklet/7dac8-111387_2930_soumya-sharma_rank_168.pdf
1743,Soumya Sharma,168,2025,GS4,0,VisionIAS,link,0,https://cdn.visionias.in/toppersanswerbooklet/d37dd-111387_2931_soumya-sharma_rank_168.pdf
1361,Sourabh Kumar,260,2024,GS3,0,Vajiram & Ravi,link,0,https://vajiramias.sgp1.cdn.digitaloceanspaces.com/strapi/Sure_Shot_2024_Sourabh_Kumar_GS_PAPER_GS_3_T_03_AIR_260_be51b9de6f.pdf
1980,Sourav Sinha,49,2024,GS1,0,VisionIAS,link,0,https://cdn.visionias.in/toppersanswerbooklet/d1b19-458407_2212_sourav_sinha_rank_49.pdf
1981,Sourav Sinha,49,2024,GS1,0,VisionIAS,link,0,https://cdn.visionias.in/toppersanswerbooklet/45ec2-458407_1419_sourav_sinha_rank_49.pdf
1982,Sourav Sinha,49,2024,GS1,0,VisionIAS,link,0,https://cdn.visionias.in/toppersanswerbooklet/32a72-458407_1418_sourav_sinha_rank_49.pdf
785,Srigiriraju V P S Sai Krishna,125,2025,Essay,0,Forumias,upsckata,2,https://forumias.com/blog/wp-content/uploads/2026/03/SRIGIRIRAJU-V-P-S-SAI-KRISHNAUPSC-IAS-2025-Toppers-AIR-125-Sample-ESSAY-Copy-5.pdf
787,Srigiriraju V P S Sai Krishna,125,2025,GS2,0,Forumias,upsckata,1,https://forumias.com/blog/wp-content/uploads/2026/03/SRIGIRIRAJU-V-P-S-SAI-KRISHNAUPSC-IAS-2025-Toppers-AIR-125-Sample-MGP-Copy-2.pdf
788,Srigiriraju V P S Sai Krishna,125,2025,GS3,0,Forumias,upsckata,1,https://forumias.com/blog/wp-content/uploads/2026/03/SRIGIRIRAJU-V-P-S-SAI-KRISHNAUPSC-IAS-2025-Toppers-AIR-125-Sample-MGP-Copy-3.pdf
786,Srigiriraju V P S Sai Krishna,125,2025,GS4,0,Forumias,upsckata,1,https://forumias.com/blog/wp-content/uploads/2026/03/SRIGIRIRAJU-V-P-S-SAI-KRISHNAUPSC-IAS-2025-Toppers-AIR-125-Sample-MGP-Copy-1.pdf
1247,Srinjay Kumar,616,2025,GS1,0,Vajiram & Ravi,link,0,https://vajiramias.sgp1.cdn.digitaloceanspaces.com/strapi/SRINJAY_KUMAR_SS_GS_1_TEST_1_AIR_616_2025_c4f6ab6b36.pdf
1248,Srinjay Kumar,616,2025,GS1,0,Vajiram & Ravi,link,0,https://vajiramias.sgp1.cdn.digitaloceanspaces.com/strapi/SRINJAY_KUMAR_SS_GS_1_TEST_5_AIR_616_2025_5e02453976.pdf
1325,Srinjay Kumar,616,2025,GS2,0,Vajiram & Ravi,link,0,https://vajiramias.sgp1.cdn.digitaloceanspaces.com/strapi/SRINJAY_KUMAR_SS_GS_2_TEST_2_AIR_616_2025_d948369e93.pdf
1385,Srinjay Kumar,616,2025,GS3,0,Vajiram & Ravi,link,0,https://vajiramias.sgp1.cdn.digitaloceanspaces.com/strapi/SRINJAY_KUMAR_SS_GS_3_TEST_7_AIR_616_2025_a2d08edf4a.pdf
1467,Srishti,400,2025,GS4,0,Vajiram & Ravi,link,0,https://vajiramias.sgp1.cdn.digitaloceanspaces.com/strapi/SRISHTI_GS_4_AIR_400_2025_ff717f55bc.pdf
2781,Srishti Bhatt,138,2022,Optional — Sociology,1,VisionIAS,submission,0,https://cdn.visionias.in/toppersanswerbooklet/6f718-325249_1528_srishti-bhatt_rank-138.pdf
2782,Srishti Bhatt,138,2022,Optional — Sociology,1,VisionIAS,submission,0,https://cdn.visionias.in/toppersanswerbooklet/40229-325249_1529_srishti-bhatt_rank-138.pdf
1738,Srishti Goyal,160,2025,Essay,0,VisionIAS,link,0,https://cdn.visionias.in/toppersanswerbooklet/e7c1e-1064896_3128_srishti-goyal_rank_160.pdf
1739,Srishti Goyal,160,2025,Essay,0,VisionIAS,link,0,https://cdn.visionias.in/toppersanswerbooklet/4a1e5-1064896_4514_srishti-goyal_rank_160.pdf
1736,Srishti Goyal,160,2025,GS1,0,VisionIAS,link,0,https://cdn.visionias.in/toppersanswerbooklet/bf7b0-1064896_1513_srishti-goyal_rank_160.pdf
1737,Srishti Goyal,160,2025,GS2,0,VisionIAS,link,0,https://cdn.visionias.in/toppersanswerbooklet/68762-1064896_4512_srishti-goyal_rank_160.pdf
791,Srishti Mishra,95,,GS1,0,Nextias,upsckata,20,https://next-ias-appsquadz.s3.ap-south-1.amazonaws.com/file_library/pdf/original/93393beb2b7e996905ce7ea7f8b78443/11/air-95-srishti-mishra_test-9_gs1.pdf
793,Srishti Mishra,95,,GS1,0,Nextias,upsckata,1,https://next-ias-appsquadz.s3.ap-south-1.amazonaws.com/file_library/pdf/original/93393beb2b7e996905ce7ea7f8b78443/15/air-95-srishti-mishra_test-1_gs1.pdf
792,Srishti Mishra,95,,GS2,0,Nextias,upsckata,20,https://next-ias-appsquadz.s3.ap-south-1.amazonaws.com/file_library/pdf/original/93393beb2b7e996905ce7ea7f8b78443/12/air-95-srishti-mishra_test-10_gs2.pdf
789,Srishti Mishra,,,GS3,0,Nextias,upsckata,3,https://next-ias-appsquadz.s3.ap-south-1.amazonaws.com/file_library/pdf/original/05e79e85886db31c562f8e2fb26b6867/27/eco-3_srishti-mishra_-ecfc23l1020.pdf
794,Srishti Mishra,95,,GS3,0,Nextias,upsckata,21,https://next-ias-appsquadz.s3.ap-south-1.amazonaws.com/file_library/pdf/original/93393beb2b7e996905ce7ea7f8b78443/8/air-95-srishti-mishra_test-11_gs3.pdf
790,Srishti Mishra,95,,GS4,0,Nextias,upsckata,21,https://next-ias-appsquadz.s3.ap-south-1.amazonaws.com/file_library/pdf/original/93393beb2b7e996905ce7ea7f8b78443/10/air-95-srishti-mishra_test-12_gs4.pdf
2157,Srishti Singh,145,2024,GS1,0,VisionIAS,link,0,https://cdn.visionias.in/toppersanswerbooklet/b9d01-1070617_2368_srishti_singh_rank_145.pdf
2158,Srishti Singh,145,2024,GS1,0,VisionIAS,link,0,https://cdn.visionias.in/toppersanswerbooklet/ce7a2-1070617_2087_srishti-singh_rank_145.pdf
2160,Srishti Singh,145,2024,GS1,0,VisionIAS,link,0,https://cdn.visionias.in/toppersanswerbooklet/4bc15-1070617_2369_srishti_singh_rank_145.pdf
2161,Srishti Singh,145,2024,GS1,0,VisionIAS,link,0,https://cdn.visionias.in/toppersanswerbooklet/082e8-1070617_2364_srishti_singh_rank_145.pdf
2159,Srishti Singh,145,2024,GS4,0,VisionIAS,link,0,https://cdn.visionias.in/toppersanswerbooklet/a5d4c-1070617_2370_srishti_singh_rank_145.pdf
2311,Srujana Gudelli,55,2025,Optional — Anthropology,1,Level Up IAS,submission,0,https://drive.google.com/file/d/116TlU7qBeH01ro1pLKuG9NXPFy4oLyjU/view
2845,Srushti Deshmukh,5,2018,Optional — Sociology,1,VisionIAS,submission,0,https://cdn.visionias.in/toppersanswerbooklet/6e3e6-106714_1208_srushti_deshmukh_rank_5.pdf
2846,Srushti Deshmukh,5,2018,Optional — Sociology,1,VisionIAS,submission,0,https://cdn.visionias.in/toppersanswerbooklet/cfa3d-106714_1209_srushti_deshmukh_rank_5.pdf
2847,Srushti Deshmukh,5,2018,Optional — Sociology,1,VisionIAS,submission,0,https://cdn.visionias.in/toppersanswerbooklet/b22da-106714_1210_srushti_deshmukh_rank_5.pdf
2848,Srushti Deshmukh,5,2018,Optional — Sociology,1,VisionIAS,submission,0,https://cdn.visionias.in/toppersanswerbooklet/d2b2c-106714_1211_srushti_deshmukh_rank_5.pdf
2849,Srushti Deshmukh,5,2018,Optional — Sociology,1,VisionIAS,submission,0,https://cdn.visionias.in/toppersanswerbooklet/e4790-106714_1213_srushti_deshmukh_rank_5.pdf
1167,Srushti Jayant Deshmukh,5,2018,GS1,0,UnlockIAS,link,0,https://drive.google.com/file/d/1kx_S7bmKlm1wukBuOGwrMGgwBxXu6cIE/view
1168,Srushti Jayant Deshmukh,5,2018,GS1,0,UnlockIAS,link,0,https://drive.google.com/file/d/1vm3q4Q3pjcFdp183INEegoImslj8fQnT/view
2502,Srushti Jayant Deshmukh,5,2018,Optional — Sociology,1,UnlockIAS,submission,0,https://drive.google.com/file/d/1HsuDBldrJ3cjQl8h4LkRW80NH3SM-IJZ/view
795,Sruthii R,18,2025,GS4,0,Forumias,upsckata,3,https://forumias.com/blog/wp-content/uploads/2026/03/SRUTHII-R-UPSC-IAS-2025-Toppers-AIR-18-Sample-AWFG-Copy-1.pdf
2857,Sudhir Kumar,42,2017,Optional — Sociology,1,VisionIAS,submission,0,https://cdn.visionias.in/toppersanswerbooklet/21774_814_Sudhir_Rank_42.pdf
2858,Sudhir Kumar,42,2017,Optional — Sociology,1,VisionIAS,submission,0,https://cdn.visionias.in/toppersanswerbooklet/21774_815_Sudhir_Rank_42.pdf
2859,Sudhir Kumar,42,2017,Optional — Sociology,1,VisionIAS,submission,0,https://cdn.visionias.in/toppersanswerbooklet/21774_816_Sudhir_Rank_42.pdf
2860,Sudhir Kumar,42,2017,Optional — Sociology,1,VisionIAS,submission,0,https://cdn.visionias.in/toppersanswerbooklet/21774_817_Sudhir_Rank_42.pdf
2861,Sudhir Kumar,42,2017,Optional — Sociology,1,VisionIAS,submission,0,https://cdn.visionias.in/toppersanswerbooklet/21774_818_Sudhir_Rank_42.pdf
2862,Sudhir Kumar,42,2017,Optional — Sociology,1,VisionIAS,submission,0,https://cdn.visionias.in/toppersanswerbooklet/21774_819_Sudhir_Rank_42.pdf
797,Sudipa Dutta,,,GS1,0,Vision,upsckata,24,https://cdn.visionias.in/toppersanswerbooklet/5efb7-1244110_2092_sudipa_dutta_rank_41.pdf
1570,Sudipa Dutta,41,2025,GS1,0,VisionIAS,link,0,https://cdn.visionias.in/toppersanswerbooklet/08dc0-1244110_2063_sudipa_dutta_rank_41.pdf
798,Sudipa Dutta,,,GS2,0,Vision,upsckata,24,https://cdn.visionias.in/toppersanswerbooklet/08dc0-1244110_2063_sudipa_dutta_rank_41.pdf
1571,Sudipa Dutta,41,2025,GS2,0,VisionIAS,link,0,https://cdn.visionias.in/toppersanswerbooklet/0644c-1244110_2091_sudipa_dutta_rank_41.pdf
796,Sudipa Dutta,,,GS4,0,Vision,upsckata,19,https://cdn.visionias.in/toppersanswerbooklet/e12b1-1244110_2070_sudipa_dutta_rank_41.pdf
1568,Sudipa Dutta,41,2025,GS4,0,VisionIAS,link,0,https://cdn.visionias.in/toppersanswerbooklet/e12b1-1244110_2070_sudipa_dutta_rank_41.pdf
1569,Sudipa Dutta,41,2025,GS4,0,VisionIAS,link,0,https://cdn.visionias.in/toppersanswerbooklet/5efb7-1244110_2092_sudipa_dutta_rank_41.pdf
1818,Sukant Jain,244,2025,GS1,0,VisionIAS,link,0,https://cdn.visionias.in/toppersanswerbooklet/0dc23-1225613_1838_sukant-jain_rank_244.pdf
2236,Sukh Ram,448,2024,GS1,0,VisionIAS,link,0,https://cdn.visionias.in/toppersanswerbooklet/ef205-370763_1839_sukh_ram_rank_448_watermark.pdf
2238,Sukh Ram,448,2024,GS1,0,VisionIAS,link,0,https://cdn.visionias.in/toppersanswerbooklet/d9393-370763_1836_sukh_ram_rank_448_watermark.pdf
2239,Sukh Ram,448,2024,GS1,0,VisionIAS,link,0,https://cdn.visionias.in/toppersanswerbooklet/3f503-370763_2211_sukh_ram_rank_448_watermark.pdf
2234,Sukh Ram,448,2024,GS4,0,VisionIAS,link,0,https://cdn.visionias.in/toppersanswerbooklet/ef4cf-370763_2906_sukh_ram_rank_448_watermark.pdf
2235,Sukh Ram,448,2024,GS4,0,VisionIAS,link,0,https://cdn.visionias.in/toppersanswerbooklet/ba89e-370763_2366_sukh_ram_rank_448_watermark.pdf
2237,Sukh Ram,448,2024,GS4,0,VisionIAS,link,0,https://cdn.visionias.in/toppersanswerbooklet/41526-370763_2366_sukh_ram_rank_448_watermark.pdf
2240,Sukh Ram,448,2024,GS4,0,VisionIAS,link,0,https://cdn.visionias.in/toppersanswerbooklet/b9665-370763_1837_sukh_ram_rank_448_watermark.pdf
2225,Sumit kumar Gupta,200,2024,GS1,0,VisionIAS,link,0,https://cdn.visionias.in/toppersanswerbooklet/89bf9-936769_1838_sumit_kumar_gupta_rank_200.pdf
2226,Sumit kumar Gupta,200,2024,GS1,0,VisionIAS,link,0,https://cdn.visionias.in/toppersanswerbooklet/b8777-936769_1840_sumit_kumar_gupta_rank_200.pdf
2224,Sumit Kumar Gupta,200,2024,GS4,0,VisionIAS,link,0,https://cdn.visionias.in/toppersanswerbooklet/d0192-936769_1837_sumit_kumar_gupta_rank_200.pdf
799,Sunawardeep Singh,76,2025,GS2,0,Forumias,upsckata,22,https://forumias.com/blog/wp-content/uploads/2026/03/SUNAWARDEEP-SINGH-MASOUN-Rank-76UPSC-IAS-2025-Toppers-AIR-76-Sample-MGP-Copy-1.pdf
800,Sunawardeep Singh,76,2025,GS2,0,Forumias,upsckata,21,https://forumias.com/blog/wp-content/uploads/2026/03/SUNAWARDEEP-SINGH-MASOUN-Rank-76UPSC-IAS-2025-Toppers-AIR-76-Sample-MGP-Copy-2.pdf
801,Sunita,,,Essay,0,Forumias,upsckata,3,https://forumias.com/blog/wp-content/uploads/2026/03/SUNITAUPSC_IAS_2025_Toppers_AIR_364_Sample_ESSAY_COPY_2.pdf
802,Sunita,,,GS2,0,Forumias,upsckata,21,https://forumias.com/blog/wp-content/uploads/2026/03/SUNITAUPSC_IAS_2025_Toppers_AIR_364_Sample_MGP_COPY_1.pdf
1306,Sunita,364,2025,GS2,0,Vajiram & Ravi,link,0,https://vajiramias.sgp1.cdn.digitaloceanspaces.com/strapi/SUNITA_SS_GS_2_AIR_364_2025_967ca0df6e.pdf
803,Sunita,,,GS3,0,Forumias,upsckata,20,https://forumias.com/blog/wp-content/uploads/2026/03/SUNITAUPSC_IAS_2025_Toppers_AIR_364_Sample_MGP_COPY_2.pdf
1365,Sunita,364,2025,GS3,0,Vajiram & Ravi,link,0,https://vajiramias.sgp1.cdn.digitaloceanspaces.com/strapi/SUNITA_SS_GS_3_AIR_364_5ac8858b1e.pdf
807,Surabhi Srivastava,56,,GS1,0,Nextias,upsckata,22,https://next-ias-appsquadz.s3.ap-south-1.amazonaws.com/file_library/pdf/original/ee21bf4c91767f03906ea17bc7230b10/66/air-56-surabhi-srivastava_test-1_gs1.pdf
805,Surabhi Srivastava,56,,GS3,0,Nextias,upsckata,20,https://next-ias-appsquadz.s3.ap-south-1.amazonaws.com/file_library/pdf/original/ee21bf4c91767f03906ea17bc7230b10/58/air-56-surabhi-srivastava_test-3_gs3.pdf
804,Surabhi Srivastava,56,,GS4,0,Nextias,upsckata,25,https://next-ias-appsquadz.s3.ap-south-1.amazonaws.com/file_library/pdf/original/ee21bf4c91767f03906ea17bc7230b10/49/air-56-surabhi-srivastava_test-8_gs4.pdf
806,Surabhi Srivastava,56,,GS4,0,Nextias,upsckata,23,https://next-ias-appsquadz.s3.ap-south-1.amazonaws.com/file_library/pdf/original/ee21bf4c91767f03906ea17bc7230b10/64/air-56-surabhi-srivastava_test-4_gs4.pdf
808,Surabhi Yadav,,,Essay,0,Forumias,upsckata,3,https://forumias.com/blog/wp-content/uploads/2026/03/SURABHI-YADAVUPSC_IAS_2025_Toppers_AIR_14_Sample_ESSAY_TEST.pdf
809,Surabhi Yadav,,,GS1,0,Forumias,upsckata,20,https://forumias.com/blog/wp-content/uploads/2026/03/SURABHI-YADAVUPSC_IAS_2025_Toppers_AIR_14_Sample_MGP_TEST_1.pdf
810,Surabhi Yadav,,,GS2,0,Forumias,upsckata,20,https://forumias.com/blog/wp-content/uploads/2026/03/SURABHI-YADAVUPSC_IAS_2025_Toppers_AIR_14_Sample_MGP_TEST_2.pdf
813,Surabhi Yadav,,,GS2,0,Vision,upsckata,20,https://cdn.visionias.in/toppersanswerbooklet/36f5c-1133075_1820_surabhi-yadav_rank_14.pdf
1528,Surabhi Yadav,14,2025,GS2,0,VisionIAS,link,0,https://cdn.visionias.in/toppersanswerbooklet/36f5c-1133075_1820_surabhi-yadav_rank_14.pdf
814,Surabhi Yadav,,,GS3,0,Vision,upsckata,20,https://cdn.visionias.in/toppersanswerbooklet/c4fce-1133075_1828_surabhi-yadav_rank_14.pdf
1529,Surabhi Yadav,14,2025,GS3,0,VisionIAS,link,0,https://cdn.visionias.in/toppersanswerbooklet/c4fce-1133075_1828_surabhi-yadav_rank_14.pdf
811,Surabhi Yadav,,,GS4,0,Vision,upsckata,19,https://cdn.visionias.in/toppersanswerbooklet/52623-1133075_1819_surabhi-yadav_rank_14.pdf
812,Surabhi Yadav,,,GS4,0,Vision,upsckata,20,https://cdn.visionias.in/toppersanswerbooklet/29352-1133075_1827_surabhi-yadav_rank_14.pdf
1530,Surabhi Yadav,14,2025,GS4,0,VisionIAS,link,0,https://cdn.visionias.in/toppersanswerbooklet/52623-1133075_1819_surabhi-yadav_rank_14.pdf
1531,Surabhi Yadav,14,2025,GS4,0,VisionIAS,link,0,https://cdn.visionias.in/toppersanswerbooklet/29352-1133075_1827_surabhi-yadav_rank_14.pdf
2405,Surabhi Yadav,14,2025,Optional — History,1,Level Up IAS,submission,0,https://drive.google.com/file/d/1o9NkmRENCbf048MKI1f3XSNmxJ60LiXY/view
2572,Suraj Nikam,706,2023,Optional — Sociology,1,Level Up IAS,submission,0,https://drive.google.com/file/d/1qn5ilXyj1Rl0Qc1z9NIYL7k5dfK1ROwT/view
817,Suramya Sharma,,,GS1,0,Forumias,upsckata,20,https://forumias.com/blog/wp-content/uploads/2026/03/SURAMYA-SHARMAUPSC_IAS_2025_Toppers_AIR_359_Sample_MGP_COPY_4.pdf
816,Suramya Sharma,,,GS2,0,Forumias,upsckata,20,https://forumias.com/blog/wp-content/uploads/2026/03/SURAMYA-SHARMAUPSC_IAS_2025_Toppers_AIR_359_Sample_MGP_COPY_3.pdf
815,Suramya Sharma,,,GS3,0,Forumias,upsckata,20,https://forumias.com/blog/wp-content/uploads/2026/03/SURAMYA-SHARMAUPSC_IAS_2025_Toppers_AIR_359_Sample_MGP_COPY_2.pdf
2141,Surbhi Pathak,136,2024,Essay,0,VisionIAS,link,0,https://cdn.visionias.in/toppersanswerbooklet/9b6e6-1130753_2122_surbhi_pathak_rank_136.pdf
2142,Surbhi Pathak,136,2024,Essay,0,VisionIAS,link,0,https://cdn.visionias.in/toppersanswerbooklet/bb4dc-1130753_2488_surbhi_pathak_rank_136.pdf
2144,Surbhi Pathak,136,2024,Essay,0,VisionIAS,link,0,https://cdn.visionias.in/toppersanswerbooklet/5eaee-1130753_2572_surbhi_pathak_rank_136.pdf
2145,Surbhi Pathak,136,2024,Essay,0,VisionIAS,link,0,https://cdn.visionias.in/toppersanswerbooklet/2e4dd-1130753_3128_surbhi_pathak_rank_136.pdf
2143,Surbhi Pathak,136,2024,GS1,0,VisionIAS,link,0,https://cdn.visionias.in/toppersanswerbooklet/b06cb-1130753_2123_surbhi_pathak_rank_136.pdf
2146,Surbhi Pathak,136,2024,GS1,0,VisionIAS,link,0,https://cdn.visionias.in/toppersanswerbooklet/09b75-1130753_2928_surbhi_pathak_rank_136.pdf
2147,Surbhi Pathak,136,2024,GS1,0,VisionIAS,link,0,https://cdn.visionias.in/toppersanswerbooklet/19edb-1130753_2929_surbhi_pathak_rank_136.pdf
2148,Surbhi Pathak,136,2024,GS1,0,VisionIAS,link,0,https://cdn.visionias.in/toppersanswerbooklet/66645-1130753_2930_surbhi_pathak_rank_136.pdf
2149,Surbhi Pathak,136,2024,GS4,0,VisionIAS,link,0,https://cdn.visionias.in/toppersanswerbooklet/7a07d-1130753_2931_surbhi_pathak_rank_136.pdf
1857,Surya Godara,343,2025,GS2,0,VisionIAS,link,0,https://cdn.visionias.in/toppersanswerbooklet/8cc08-125093_1835_surya_godara_rank_343.pdf
1858,Surya Godara,343,2025,GS3,0,VisionIAS,link,0,https://cdn.visionias.in/toppersanswerbooklet/28cd8-125093_1836_surya_godara_rank_343.pdf
2339,Sushir Shrikrushna,155,2023,Optional — Anthropology,1,Level Up IAS,submission,0,https://drive.google.com/file/d/1meXfxGsSxj1CqryrDyeSUVKXwMCoDntv/view
2278,Sushma Sagar,890,2024,Essay,0,VisionIAS,link,0,https://cdn.visionias.in/toppersanswerbooklet/c880f-1370539_3128_sushma_sagar_rank_890.pdf
2272,Sushma Sagar,890,2024,GS1,0,VisionIAS,link,0,https://cdn.visionias.in/toppersanswerbooklet/b9f13-1370539_1835_sushma_sagar_rank_890.pdf
2273,Sushma Sagar,890,2024,GS1,0,VisionIAS,link,0,https://cdn.visionias.in/toppersanswerbooklet/22900-1370539_1840_sushma_sagar_rank_890.pdf
2274,Sushma Sagar,890,2024,GS1,0,VisionIAS,link,0,https://cdn.visionias.in/toppersanswerbooklet/5ba35-1370539_2901_sushma_sagar_rank_890.pdf
2275,Sushma Sagar,890,2024,GS1,0,VisionIAS,link,0,https://cdn.visionias.in/toppersanswerbooklet/a2e47-1370539_2902_sushma_sagar_rank_890.pdf
2276,Sushma Sagar,890,2024,GS4,0,VisionIAS,link,0,https://cdn.visionias.in/toppersanswerbooklet/27763-1370539_1837_sushma-sagar_rank_890.pdf
2277,Sushma Sagar,890,2024,GS4,0,VisionIAS,link,0,https://cdn.visionias.in/toppersanswerbooklet/ad4fe-1370539_2356_sushma-sagar_rank_890.pdf
821,Suvan Sharma,,,GS1,0,Vision,upsckata,21,https://cdn.visionias.in/toppersanswerbooklet/ec56e-88099_2422_suvan-sharma_rank_148.pdf
1724,Suvan Sharma,148,2025,GS1,0,VisionIAS,link,0,https://cdn.visionias.in/toppersanswerbooklet/ec56e-88099_2422_suvan-sharma_rank_148.pdf
818,Suvan Sharma,148,2025,GS2,0,Forumias,upsckata,20,https://forumias.com/blog/wp-content/uploads/2026/03/SUVAN-SHARMAUPSC-IAS-2025-Toppers-AIR-148-Sample-MGP-Copy-1.pdf
819,Suvan Sharma,148,2025,GS2,0,Forumias,upsckata,22,https://forumias.com/blog/wp-content/uploads/2026/03/SUVAN-SHARMAUPSC-IAS-2025-Toppers-AIR-148-Sample-MGP-Copy-2.pdf
822,Suvan Sharma,,,GS2,0,Vision,upsckata,20,https://cdn.visionias.in/toppersanswerbooklet/828d7-88099_2423_suvan-sharma_rank_148.pdf
1725,Suvan Sharma,148,2025,GS2,0,VisionIAS,link,0,https://cdn.visionias.in/toppersanswerbooklet/828d7-88099_2423_suvan-sharma_rank_148.pdf
823,Suvan Sharma,,,GS3,0,Visionias,upsckata,20,https://cdn.visionias.in/toppersanswerbooklet/3a4ee-88099_2424_suvan-sharma_rank_148.pdf
1726,Suvan Sharma,148,2025,GS3,0,VisionIAS,link,0,https://cdn.visionias.in/toppersanswerbooklet/3a4ee-88099_2424_suvan-sharma_rank_148.pdf
820,Suvan Sharma,,,GS4,0,Vision,upsckata,24,https://cdn.visionias.in/toppersanswerbooklet/e91f9-88099_2425_suvan-sharma_rank_148.pdf
1727,Suvan Sharma,148,2025,GS4,0,VisionIAS,link,0,https://cdn.visionias.in/toppersanswerbooklet/e91f9-88099_2425_suvan-sharma_rank_148.pdf
824,Suyash,,,GS1,0,Vision,upsckata,20,https://cdn.visionias.in/toppersanswerbooklet/c7a64-269847_1417_suyash_dwivedi_rank_94.pdf
825,Suyash Dwivedi,,,Essay,0,Vision,upsckata,5,https://cdn.visionias.in/toppersanswerbooklet/ce5c5-269847_3281_suyash_dwivedi_rank_94.pdf
1672,Suyash Dwivedi,94,2025,Essay,0,VisionIAS,link,0,https://cdn.visionias.in/toppersanswerbooklet/ce5c5-269847_3281_suyash_dwivedi_rank_94.pdf
827,Suyash Dwivedi,,,GS1,0,Vision,upsckata,21,https://cdn.visionias.in/toppersanswerbooklet/c1279-269847_1509_suyash_dwivedi_rank_94.pdf
1669,Suyash Dwivedi,94,2025,GS1,0,VisionIAS,link,0,https://cdn.visionias.in/toppersanswerbooklet/c7a64-269847_1417_suyash_dwivedi_rank_94.pdf
826,Suyash Dwivedi,,,GS3,0,Vision,upsckata,21,https://cdn.visionias.in/toppersanswerbooklet/ca7b4-269847_3612_suyash_dwivedi_rank_94.pdf
828,Suyash Dwivedi,,,GS3,0,Vision,upsckata,21,https://cdn.visionias.in/toppersanswerbooklet/42993-269847_1511_suyash_dwivedi_rank_94.pdf
1670,Suyash Dwivedi,94,2025,GS3,0,VisionIAS,link,0,https://cdn.visionias.in/toppersanswerbooklet/c1279-269847_1509_suyash_dwivedi_rank_94.pdf
1671,Suyash Dwivedi,94,2025,GS3,0,VisionIAS,link,0,https://cdn.visionias.in/toppersanswerbooklet/42993-269847_1511_suyash_dwivedi_rank_94.pdf
1673,Suyash Dwivedi,94,2025,GS4,0,VisionIAS,link,0,https://cdn.visionias.in/toppersanswerbooklet/ca7b4-269847_3612_suyash_dwivedi_rank_94.pdf
2594,Swapnil Khare,43,2016,Optional — Mathematics,1,IMS4Maths,submission,0,https://ims4maths.com/coaching/files/CSE-Successful-Student-AIR-43-SWAPNIL-KHARE-T-6.pdf
2595,Swapnil Khare,43,2016,Optional — Mathematics,1,IMS4Maths,submission,0,https://ims4maths.com/coaching/files/CSE-Successful-Student-AIR-43-SWAPNIL%20KHARE-T-7.pdf
2610,Swapnil Khare,236,2014,Optional — Mathematics,1,IMS4Maths,submission,0,https://ims4maths.com/coaching/files/Swapnil-Khare-Test-2-Copy.pdf
1797,Tanisha Mishra,211,2025,Essay,0,VisionIAS,link,0,https://cdn.visionias.in/toppersanswerbooklet/465cf-1502746_3128_tanisha-mishra_rank_211.pdf
1795,Tanisha Mishra,211,2025,GS1,0,VisionIAS,link,0,https://cdn.visionias.in/toppersanswerbooklet/6e734-1502746_2928_tanisha-mishra_rank_211.pdf
1796,Tanisha Mishra,211,2025,GS3,0,VisionIAS,link,0,https://cdn.visionias.in/toppersanswerbooklet/27d1f-1502746_2930_tanisha-mishra_rank_211.pdf
1191,Tanmai Khanna,61,2022,GS1,0,UnlockIAS,link,0,https://drive.google.com/file/d/1ZaAqC1T5etHVomfLK1f6SIeYIa6bXLNf/view
1286,Tanmai Khanna,61,2022,GS2,0,UnlockIAS,link,0,https://drive.google.com/file/d/1QAlTFD1gBkUui7j2mIXVIR-LcuYEbzPJ/view
1287,Tanmai Khanna,61,2022,GS2,0,UnlockIAS,link,0,https://drive.google.com/file/d/1Il2AaH3GNHferuWS_w9Ftmtt9JSE5ZVt/view
2777,Tanmai Khanna,61,2022,Optional — Sociology,1,VisionIAS,submission,0,https://cdn.visionias.in/toppersanswerbooklet/2be35-1051062_2093_tanmai-khanna_rank-61.pdf
2778,Tanmai Khanna,61,2022,Optional — Sociology,1,VisionIAS,submission,0,https://cdn.visionias.in/toppersanswerbooklet/2402d-1051062_2099_tanmai-khanna_rank-61.pdf
2317,Tanuj Pathak,72,2023,Optional — Anthropology,1,Level Up IAS,submission,0,https://drive.google.com/file/d/1i4CvFhhnYIzbV6Hl1S4sVnrcUkvRTwZW/view
2200,Tanvi Gupta,187,2024,GS1,0,VisionIAS,link,0,https://cdn.visionias.in/toppersanswerbooklet/550f4-45958906_2928_tanvi_gupta_187.pdf
2201,Tanvi Gupta,187,2024,GS1,0,VisionIAS,link,0,https://cdn.visionias.in/toppersanswerbooklet/ae06c-45958906_2929_tanvi_gupta_187.pdf
2202,Tanvi Gupta,187,2024,GS1,0,VisionIAS,link,0,https://cdn.visionias.in/toppersanswerbooklet/203ba-45958906_2930_tanvi_gupta_187.pdf
2199,Tanvi Gupta,187,2024,GS4,0,VisionIAS,link,0,https://cdn.visionias.in/toppersanswerbooklet/b32d8-45958906_2931_tanvi_gupta_rank_187.pdf
1097,Tejasvi Deshpande,99,2024,Essay,0,UnlockIAS,link,0,https://drive.google.com/file/d/12hmPLsVxS4AeF92dwTrBpui4i4abDWWx/view
1208,Tejasvi Deshpande,99,2024,GS1,0,UnlockIAS,link,0,https://drive.google.com/file/d/1kjnNuPzG2FtUIA2JqaCkKSc9OA5IG3lf/view
1294,Tejasvi Deshpande,99,2024,GS2,0,UnlockIAS,link,0,https://drive.google.com/file/d/1uFkKRGBv126fxoUVbkeVqbYnmUiD-gJe/view
1356,Tejasvi Deshpande,99,2024,GS3,0,UnlockIAS,link,0,https://drive.google.com/file/d/1Jn1z7unY6guCHVgVN3cpyYq1Y2e5s29K/view
2261,Teshukant,731,2024,GS4,0,VisionIAS,link,0,https://cdn.visionias.in/toppersanswerbooklet/31296-45958636_2931_teshukant-_rank_731.pdf
829,Thakur Anjali Ajay,43,,GS2,0,Nextias,upsckata,22,https://next-ias-appsquadz.s3.ap-south-1.amazonaws.com/file_library/pdf/original/ee21bf4c91767f03906ea17bc7230b10/133/air-43-thakur-anjali-ajay_test-2_gs2.pdf
2303,Tharun Patnaik,33,2022,Optional — Anthropology,1,Level Up IAS,submission,0,https://drive.google.com/file/d/13sCFWByy_Q_Ol9d3QMbSn6F6SxKBXj5x/view
831,Tharun Teja,123,2025,Essay,0,Forumias,upsckata,3,https://forumias.com/blog/wp-content/uploads/2026/03/ATLA-THARUN-TEJA-UPSC-IAS-2025-Toppers-AIR-123-Sample-ESSAY-Copy-1.pdf
832,Tharun Teja,123,2025,GS2,0,Forumias,upsckata,22,https://forumias.com/blog/wp-content/uploads/2026/03/ATLA-THARUN-TEJA-UPSC-IAS-2025-Toppers-AIR-123-Sample-MGP-Copy-2.pdf
830,Tharun Teja,123,2025,GS3,0,Forumias,upsckata,1,https://forumias.com/blog/wp-content/uploads/2026/03/ATLA-THARUN-TEJA-UPSC-IAS-2025-Toppers-AIR-123-Sample-AWFG-Copy-4.pdf
833,Tharun Teja,123,2025,GS3,0,Forumias,upsckata,20,https://forumias.com/blog/wp-content/uploads/2026/03/ATLA-THARUN-TEJA-UPSC-IAS-2025-Toppers-AIR-123-Sample-MGP-Copy-3.pdf
1255,Thousif Ulla Khan,741,2025,GS1,0,Vajiram & Ravi,link,0,https://vajiramias.sgp1.cdn.digitaloceanspaces.com/strapi/THOUSIF_ULLA_KHAN_SS_GS_1_AIR_741_2025_3207a4b10a.pdf
1492,Thousif Ulla Khan,741,2025,GS4,0,Vajiram & Ravi,link,0,https://vajiramias.sgp1.cdn.digitaloceanspaces.com/strapi/THOUSIF_ULLA_KHAN_SS_GS_4_TEST_4_AIR_741_2025_ac16ce2f26.pdf
1493,Thousif Ulla Khan,741,2025,GS4,0,Vajiram & Ravi,link,0,https://vajiramias.sgp1.cdn.digitaloceanspaces.com/strapi/THOUSIF_ULLA_KHAN_SS_GS_4_TEST_8_AIR_741_2025_8330e73f0c.pdf
1047,Tina Dabi,,,GS4,0,Vision,upsckata,21,https://drive.google.com/file/d/1f6-ekqXtyqxaKoRqbc3XdGVwMtU1I0Qr/view
1048,Tina Dabi,,,GS4,0,Vision,upsckata,19,https://drive.google.com/file/d/1328AxhEyeMDDh-yCl_Azjq4jaRLzFaGJ/view
1049,Tina Dabi,,,GS4,0,Vision,upsckata,21,https://drive.google.com/file/d/19uzwD3PCtkgBWWJ_-XSLkrpzO4OR6ABn/view
2557,Tiwari Anoop,293,2023,Optional — Sociology,1,Level Up IAS,submission,0,https://drive.google.com/file/d/1_jWISkG17XH3nt4Cps_6MOkOM6X-JGAr/view
1925,Trilok Singh,20,2024,Essay,0,VisionIAS,link,0,https://cdn.visionias.in/toppersanswerbooklet/1c8f0-1238934_3128_trilok_singh_rank_20.pdf
1922,Trilok Singh,20,2024,GS1,0,VisionIAS,link,0,https://cdn.visionias.in/toppersanswerbooklet/2fbf4-1238934_2928_trilok_singh_rank_20.pdf
1923,Trilok Singh,20,2024,GS1,0,VisionIAS,link,0,https://cdn.visionias.in/toppersanswerbooklet/dba61-1238934_2929_trilok_singh_rank_20.pdf
1924,Trilok Singh,20,2024,GS1,0,VisionIAS,link,0,https://cdn.visionias.in/toppersanswerbooklet/8b9d5-1238934_2930_trilok_singh_rank_20.pdf
1926,Trilok Singh,20,2024,GS4,0,VisionIAS,link,0,https://cdn.visionias.in/toppersanswerbooklet/6f413-1238934_2931_trilok_singh_rank_20.pdf
1804,Tushar Chauhan,216,2025,GS1,0,VisionIAS,link,0,https://cdn.visionias.in/toppersanswerbooklet/5575a-1005570_2422_tushar-chauhan_rank_216.pdf
834,Tushar Chauhan,216,2025,GS2,0,Forumias,upsckata,20,https://forumias.com/blog/wp-content/uploads/2026/03/TUSHAR-CHAUHANUPSC-IAS-2025-Toppers-AIR-216-Sample-MGP-Copy-1.pdf
1805,Tushar Chauhan,216,2025,GS2,0,VisionIAS,link,0,https://cdn.visionias.in/toppersanswerbooklet/03d00-1005570_2423_tushar-chauhan_rank_216.pdf
836,Tushar Chauhan,216,2025,GS3,0,Forumias,upsckata,22,https://forumias.com/blog/wp-content/uploads/2026/03/TUSHAR-CHAUHANUPSC-IAS-2025-Toppers-AIR-216-Sample-MGP-Copy-3.pdf
1806,Tushar Chauhan,216,2025,GS3,0,VisionIAS,link,0,https://cdn.visionias.in/toppersanswerbooklet/60d99-1005570_2424_tushar-chauhan_rank_216.pdf
835,Tushar Chauhan,216,2025,GS4,0,Forumias,upsckata,23,https://forumias.com/blog/wp-content/uploads/2026/03/TUSHAR-CHAUHANUPSC-IAS-2025-Toppers-AIR-216-Sample-MGP-Copy-2.pdf
837,Tushar Chauhan,216,2025,GS4,0,Forumias,upsckata,24,https://forumias.com/blog/wp-content/uploads/2026/03/TUSHAR-CHAUHANUPSC-IAS-2025-Toppers-AIR-216-Sample-MGP-Copy-4.pdf
2556,Tushar Dobhal,284,2023,Optional — Sociology,1,Level Up IAS,submission,0,https://drive.google.com/file/d/1gban7KDNuiiwOpksBZ65Nl3QJ60sXiMQ/view
1103,Tushar Giri,395,2025,Essay,0,Vajiram & Ravi,link,0,https://vajiramias.sgp1.cdn.digitaloceanspaces.com/strapi/TUSHAR_GIRI_ESSAY_PROGRAMME_AIR_395_2025_c637e39a7d.pdf
838,Twinkle Arora,,,GS4,0,Vision,upsckata,19,https://cdn.visionias.in/toppersanswerbooklet/0cf51-784458_1819_twinkle_arora_rank_91.pdf
1667,Twinkle Arora,91,2025,GS4,0,VisionIAS,link,0,https://cdn.visionias.in/toppersanswerbooklet/0cf51-784458_1819_twinkle_arora_rank_91.pdf
1755,Ujjwal,174,2025,Essay,0,VisionIAS,link,0,https://cdn.visionias.in/toppersanswerbooklet/5d062-1273820_3128_ujjwal_rank_174.pdf
1754,Ujjwal,174,2025,GS4,0,VisionIAS,link,0,https://cdn.visionias.in/toppersanswerbooklet/30754-1273820_2931_ujjwal_rank_174.pdf
843,Ujjwal Priyank,10,2025,Essay,0,Forumias,upsckata,2,https://forumias.com/blog/wp-content/uploads/2026/03/UJJWAL-PRIYANK-UPSC-IAS-2025-Toppers-AIR-10-Sample-MGP-Copy-3.pdf
844,Ujjwal Priyank,,,Essay,0,Vision,upsckata,2,https://cdn.visionias.in/toppersanswerbooklet/94b5b-1501361_2488_ujjwal_priyank_rank_10.pdf
845,Ujjwal Priyank,,,Essay,0,Vision,upsckata,3,https://cdn.visionias.in/toppersanswerbooklet/50357-1501361_4514_ujjwal_priyank_rank_10.pdf
1521,Ujjwal Priyank,10,2025,Essay,0,VisionIAS,link,0,https://cdn.visionias.in/toppersanswerbooklet/94b5b-1501361_2488_ujjwal_priyank_rank_10.pdf
1522,Ujjwal Priyank,10,2025,Essay,0,VisionIAS,link,0,https://cdn.visionias.in/toppersanswerbooklet/50357-1501361_4514_ujjwal_priyank_rank_10.pdf
839,Ujjwal Priyank,10,,GS2,0,Forumias,upsckata,20,https://forumias.com/blog/wp-content/uploads/2026/03/UJJWAL-PRIYANK-AIR-10-GS-Paper-2.pdf
841,Ujjwal Priyank,10,2025,GS2,0,Forumias,upsckata,20,https://forumias.com/blog/wp-content/uploads/2026/03/UJJWAL-PRIYANK-UPSC-IAS-2025-Toppers-AIR-10-Sample-MGP-Copy-1.pdf
848,Ujjwal Priyank,,,GS2,0,Vision,upsckata,21,https://cdn.visionias.in/toppersanswerbooklet/5da05-1501361_4511_ujjwal_priyank_rank_10.pdf
1518,Ujjwal Priyank,10,2025,GS2,0,VisionIAS,link,0,https://cdn.visionias.in/toppersanswerbooklet/5da05-1501361_4511_ujjwal_priyank_rank_10.pdf
840,Ujjwal Priyank,10,,GS3,0,Forumias,upsckata,20,https://forumias.com/blog/wp-content/uploads/2026/03/UJJWAL-PRIYANK-AIR-10-GS-Paper-3.pdf
849,Ujjwal Priyank,,,GS3,0,Vision,upsckata,20,https://cdn.visionias.in/toppersanswerbooklet/a1bd8-1501361_4512_jjwal_priyank_rank_10.pdf
1523,Ujjwal Priyank,10,2025,GS3,0,VisionIAS,link,0,https://cdn.visionias.in/toppersanswerbooklet/a1bd8-1501361_4512_jjwal_priyank_rank_10.pdf
842,Ujjwal Priyank,10,2025,GS4,0,Forumias,upsckata,23,https://forumias.com/blog/wp-content/uploads/2026/03/UJJWAL-PRIYANK-UPSC-IAS-2025-Toppers-AIR-10-Sample-MGP-Copy-2.pdf
846,Ujjwal Priyank,,,GS4,0,Vision,upsckata,26,https://cdn.visionias.in/toppersanswerbooklet/57993-1501361_2931_ujjwal_priyank_rank_10.pdf
847,Ujjwal Priyank,,,GS4,0,Vision,upsckata,27,https://cdn.visionias.in/toppersanswerbooklet/3f2f4-1501361_4513_ujjwal_priyank_rank_10.pdf
1519,Ujjwal Priyank,10,2025,GS4,0,VisionIAS,link,0,https://cdn.visionias.in/toppersanswerbooklet/57993-1501361_2931_ujjwal_priyank_rank_10.pdf
1520,Ujjwal Priyank,10,2025,GS4,0,VisionIAS,link,0,https://cdn.visionias.in/toppersanswerbooklet/3f2f4-1501361_4513_ujjwal_priyank_rank_10.pdf
2647,Ujjwal Priyank,10,2025,Optional — Sociology,1,VisionIAS,submission,0,https://cdn.visionias.in/toppersanswerbooklet/e21e8-1501361_4527_ujjwal_priyank_rank_10.pdf
2648,Ujjwal Priyank,10,2025,Optional — Sociology,1,VisionIAS,submission,0,https://cdn.visionias.in/toppersanswerbooklet/5a69a-1501361_4528_ujjwal_priyank_rank_10.pdf
1054,Umaharathi,,,GS2,0,Vision,upsckata,19,https://drive.google.com/file/d/10nYs5f7_e3hkGvU3qPhxiOXtlUu2TnM9/view
1050,Umaharathi,,,GS4,0,Lukmaanias,upsckata,20,https://drive.google.com/file/d/1vhSkPM5unVfjWtj-O_RNSmRXJVK5DXiV/view
1051,Umaharathi,,,GS4,0,Lukmaanias,upsckata,23,https://drive.google.com/file/d/1kUhNZOLMOxNX1FFqQ3dFhnaEWMaeXTFx/view
1052,Umaharathi,,,GS4,0,Lukmaanias,upsckata,20,https://drive.google.com/file/d/1OBoNofGBt0wYMRJs4AjAB3up0yaaaAbC/view
1053,Umaharathi,,,GS4,0,Vision,upsckata,20,https://drive.google.com/file/d/1l_XLyFVmlTBTh1je2aZeWJwsTePBsq3q/view
1055,Umaharathi,,,GS4,0,Forumias,upsckata,25,https://drive.google.com/file/d/18Ns0m-hldCHPM7O8fz9sgoaLWNuw38WI/view
0,Unknown,,,Other,0,,upsckata,2,https://next-ias-appsquadz.s3.ap-south-1.amazonaws.com/file_library/pdf/original/0c5d8a271baa8365b53b9742105dcf10/15/pttp220870_tc063.pdf
1,Unknown,,,Other,0,,upsckata,2,https://next-ias-appsquadz.s3.ap-south-1.amazonaws.com/file_library/pdf/original/17ef4fb3aefb378e39a7d318fca39819/40/pttp220127_tc061.pdf
2,Unknown,,,Other,0,,upsckata,2,https://next-ias-appsquadz.s3.ap-south-1.amazonaws.com/file_library/pdf/original/17ef4fb3aefb378e39a7d318fca39819/59/ecfc23l1020_tc031.pdf
3,Unknown,,,Other,0,,upsckata,5,https://next-ias-appsquadz.s3.ap-south-1.amazonaws.com/file_library/pdf/original/17ef4fb3aefb378e39a7d318fca39819/60/ecfc23l1020_tc034.pdf
4,Unknown,,,Other,0,,upsckata,1,https://next-ias-appsquadz.s3.ap-south-1.amazonaws.com/file_library/pdf/original/17ef4fb3aefb378e39a7d318fca39819/63/pttp220359_tc061.pdf
5,Unknown,,,Other,0,,upsckata,2,https://next-ias-appsquadz.s3.ap-south-1.amazonaws.com/file_library/pdf/original/17ef4fb3aefb378e39a7d318fca39819/64/pttp220359_tc062.pdf
6,Unknown,,,Other,0,,upsckata,2,https://next-ias-appsquadz.s3.ap-south-1.amazonaws.com/file_library/pdf/original/17ef4fb3aefb378e39a7d318fca39819/65/pttp220359_tc063.pdf
7,Unknown,,,Other,0,,upsckata,3,https://next-ias-appsquadz.s3.ap-south-1.amazonaws.com/file_library/pdf/original/17ef4fb3aefb378e39a7d318fca39819/76/mt23macen007_tc062.pdf
8,Unknown,,,Other,0,,upsckata,5,https://next-ias-appsquadz.s3.ap-south-1.amazonaws.com/file_library/pdf/original/17ef4fb3aefb378e39a7d318fca39819/77/mt23macen007_tc063.pdf
9,Unknown,,,Other,0,,upsckata,3,https://next-ias-appsquadz.s3.ap-south-1.amazonaws.com/file_library/pdf/original/17ef4fb3aefb378e39a7d318fca39819/78/pttp220297_tc061.pdf
10,Unknown,,,Other,0,,upsckata,6,https://next-ias-appsquadz.s3.ap-south-1.amazonaws.com/file_library/pdf/original/17ef4fb3aefb378e39a7d318fca39819/79/pttp220297_tc062.pdf
11,Unknown,,,Other,0,,upsckata,2,https://next-ias-appsquadz.s3.ap-south-1.amazonaws.com/file_library/pdf/original/17ef4fb3aefb378e39a7d318fca39819/80/pttp220297_tc063.pdf
12,Unknown,,,Other,0,,upsckata,2,https://next-ias-appsquadz.s3.ap-south-1.amazonaws.com/file_library/pdf/original/48f94f4c58dc4d501f6f42102607e751/20/pttp221279_tc061.pdf
13,Unknown,,,Other,0,,upsckata,3,https://next-ias-appsquadz.s3.ap-south-1.amazonaws.com/file_library/pdf/original/48f94f4c58dc4d501f6f42102607e751/21/pttp221279_tc062.pdf
14,Unknown,,,Other,0,,upsckata,2,https://next-ias-appsquadz.s3.ap-south-1.amazonaws.com/file_library/pdf/original/48f94f4c58dc4d501f6f42102607e751/22/pttp221279_tc063.pdf
15,Unknown,,,Other,0,,upsckata,7,https://next-ias-appsquadz.s3.ap-south-1.amazonaws.com/file_library/pdf/original/65d93cae1265db5ffeffd2e87a3f6506/18/pttp220137_tc061.pdf
16,Unknown,,,Other,0,,upsckata,2,https://next-ias-appsquadz.s3.ap-south-1.amazonaws.com/file_library/pdf/original/65d93cae1265db5ffeffd2e87a3f6506/19/pttp220137_tc062.pdf
17,Unknown,,,Other,0,,upsckata,5,https://next-ias-appsquadz.s3.ap-south-1.amazonaws.com/file_library/pdf/original/65d93cae1265db5ffeffd2e87a3f6506/4/pttp220370_tc061.pdf
18,Unknown,,,Other,0,,upsckata,2,https://next-ias-appsquadz.s3.ap-south-1.amazonaws.com/file_library/pdf/original/65d93cae1265db5ffeffd2e87a3f6506/7/pttp221589_tc061.pdf
19,Unknown,,,Other,0,,upsckata,2,https://next-ias-appsquadz.s3.ap-south-1.amazonaws.com/file_library/pdf/original/65d93cae1265db5ffeffd2e87a3f6506/8/pttp221589_tc063.pdf
20,Unknown,,,Other,0,,upsckata,2,https://next-ias-appsquadz.s3.ap-south-1.amazonaws.com/file_library/pdf/original/65d93cae1265db5ffeffd2e87a3f6506/9/pttp221589_tc065.pdf
21,Unknown,,,Other,0,,upsckata,3,https://next-ias-appsquadz.s3.ap-south-1.amazonaws.com/file_library/pdf/original/844233c60d0563afaf56a5f899c17647/10/pttp220189_tc064.pdf
22,Unknown,,,Other,0,,upsckata,2,https://next-ias-appsquadz.s3.ap-south-1.amazonaws.com/file_library/pdf/original/844233c60d0563afaf56a5f899c17647/12/mt23rcapa113_702.pdf
23,Unknown,,,Other,0,,upsckata,2,https://next-ias-appsquadz.s3.ap-south-1.amazonaws.com/file_library/pdf/original/844233c60d0563afaf56a5f899c17647/15/pttp220870_tc061.pdf
24,Unknown,,,Other,0,,upsckata,2,https://next-ias-appsquadz.s3.ap-south-1.amazonaws.com/file_library/pdf/original/844233c60d0563afaf56a5f899c17647/16/mt23rcapa113_tc701.pdf
25,Unknown,,,Other,0,,upsckata,1,https://next-ias-appsquadz.s3.ap-south-1.amazonaws.com/file_library/pdf/original/844233c60d0563afaf56a5f899c17647/18/pttp220063_tc061.pdf
26,Unknown,,,Other,0,,upsckata,6,https://next-ias-appsquadz.s3.ap-south-1.amazonaws.com/file_library/pdf/original/844233c60d0563afaf56a5f899c17647/2/pttp220870_tc064.pdf
27,Unknown,,,Other,0,,upsckata,3,https://next-ias-appsquadz.s3.ap-south-1.amazonaws.com/file_library/pdf/original/844233c60d0563afaf56a5f899c17647/3/pttp220996_tc061.pdf
28,Unknown,,,Other,0,,upsckata,2,https://next-ias-appsquadz.s3.ap-south-1.amazonaws.com/file_library/pdf/original/844233c60d0563afaf56a5f899c17647/5/pttp220870_tc062.pdf
29,Unknown,,,Other,0,,upsckata,2,https://next-ias-appsquadz.s3.ap-south-1.amazonaws.com/file_library/pdf/original/844233c60d0563afaf56a5f899c17647/7/pttp220189_tc061.pdf
30,Unknown,,,Other,0,,upsckata,5,https://next-ias-appsquadz.s3.ap-south-1.amazonaws.com/file_library/pdf/original/844233c60d0563afaf56a5f899c17647/8/mt23avea001_tc115.pdf
31,Unknown,,,Other,0,,upsckata,3,https://next-ias-appsquadz.s3.ap-south-1.amazonaws.com/file_library/pdf/original/a4911661fb63cf32bd7e1d24c76e3051/1/pttp220166_tc061.pdf
32,Unknown,,,Other,0,,upsckata,3,https://next-ias-appsquadz.s3.ap-south-1.amazonaws.com/file_library/pdf/original/a4911661fb63cf32bd7e1d24c76e3051/18/mt23flton003_tc061.pdf
33,Unknown,,,Other,0,,upsckata,4,https://next-ias-appsquadz.s3.ap-south-1.amazonaws.com/file_library/pdf/original/a4911661fb63cf32bd7e1d24c76e3051/19/mt23flton003_tc062.pdf
34,Unknown,,,Other,0,,upsckata,5,https://next-ias-appsquadz.s3.ap-south-1.amazonaws.com/file_library/pdf/original/a4911661fb63cf32bd7e1d24c76e3051/32/pttp220487_tc061.pdf
35,Unknown,,,Other,0,,upsckata,3,https://next-ias-appsquadz.s3.ap-south-1.amazonaws.com/file_library/pdf/original/a4911661fb63cf32bd7e1d24c76e3051/33/pttp220487_tc062.pdf
36,Unknown,,,Other,0,,upsckata,3,https://next-ias-appsquadz.s3.ap-south-1.amazonaws.com/file_library/pdf/original/a4911661fb63cf32bd7e1d24c76e3051/34/pttp220487_tc063.pdf
37,Unknown,,,Other,0,,upsckata,3,https://next-ias-appsquadz.s3.ap-south-1.amazonaws.com/file_library/pdf/original/a4911661fb63cf32bd7e1d24c76e3051/35/pttp220487_tc064.pdf
38,Unknown,,,Other,0,,upsckata,2,https://next-ias-appsquadz.s3.ap-south-1.amazonaws.com/file_library/pdf/original/a4911661fb63cf32bd7e1d24c76e3051/38/pttp220517_tc062.pdf
39,Unknown,,,Other,0,,upsckata,2,https://next-ias-appsquadz.s3.ap-south-1.amazonaws.com/file_library/pdf/original/a4911661fb63cf32bd7e1d24c76e3051/40/pttp220517_tc065.pdf
40,Unknown,,,Other,0,,upsckata,1,https://www.nextias.com/newuploads/Nextias/2025/4/ashi-essay-test-1-1745478431250.pdf
41,Unknown,,,Other,0,,upsckata,1,https://www.nextias.com/newuploads/Nextias/2025/4/essay-test-1-neelesh-goyal-1745488789130.pdf
42,Unknown,,,Other,0,,upsckata,1,https://www.nextias.com/newuploads/Nextias/2025/4/essay-test-2-neelesh-goyal-1745488821482.pdf
43,Unknown,,,Other,0,,upsckata,11,https://www.nextias.com/newuploads/Nextias/2025/5/abhishek-singh-test-7-1746617050656.pdf
44,Unknown,270,2025,Other,0,,upsckata,3,https://forumias.com/blog/wp-content/uploads/2026/03/ADITYA-TALWARUPSC-IAS-2025-Toppers-AIR-270-Sample-Essay-Copy-1.pdf
45,Unknown,,,Other,0,,upsckata,4,https://forumias.com/blog/wp-content/uploads/2026/03/SANDEEP-SINGH-SHEKHAWATUPSC_IAS_2025_Toppers_AIR_369_Sample_MGP_COPY_2.pdf
46,Unknown,165,2025,Other,0,,upsckata,4,https://forumias.com/blog/wp-content/uploads/2026/03/SANSKRITI-SINGH-UPSC-IAS-2025-Toppers-AIR-165-Sample-MGP-Copy-3.pdf
47,Unknown,147,2025,Other,0,,upsckata,1,https://forumias.com/blog/wp-content/uploads/2026/03/SHUBHRA-ROYUPSC-IAS-2025-Toppers-AIR-147-Sample-ESSAY-Copy-1.pdf
48,Unknown,,,Other,0,,upsckata,21,https://cdn.visionias.in/toppersanswerbooklet/77a71-661968_4512_akansh_dhull_rank_03.pdf
49,Unknown,,,Other,0,,upsckata,22,https://cdn.visionias.in/toppersanswerbooklet/0644c-1244110_2091_sudipa_dutta_rank_41.pdf
50,Unknown,,,Other,0,,upsckata,2,https://cdn.visionias.in/toppersanswerbooklet/0f653-1378810_2483_rupal_jaiswal_rank_43.pdf
925,Unknown,,,Other,0,,upsckata,6,https://drive.google.com/file/d/1wHYc4gim8jwC3rm_jboPiEjp8UXZO2qk/view
926,Unknown,,,Other,0,,upsckata,9,https://drive.google.com/file/d/1Gy4QayZpQnmvoZGp0TZMFNKfYZxX3N51/view
927,Unknown,,,Other,0,,upsckata,6,https://drive.google.com/file/d/14aypR0nJi3CvatOmumzEIHxokDwbbfrP/view
928,Unknown,,,Other,0,,upsckata,19,https://drive.google.com/file/d/1PqFUSYYuDbghj8Gop4jf7TxhWL6vp5Xb/view
929,Unknown,,,Other,0,,upsckata,13,https://drive.google.com/file/d/1djJ-FJuhDFNzfQH2F4Ye-xN4x7OZMa61/view
2191,Urmi Sinha,170,2024,Essay,0,VisionIAS,link,0,https://cdn.visionias.in/toppersanswerbooklet/9f5eb-45900312_2576_urmi_sinha_rank_170.pdf
851,Utkarsh Mishra,,,GS2,0,Forumias,upsckata,20,https://forumias.com/blog/wp-content/uploads/2026/03/UTKARSH-MISHRAUPSC_IAS_2025_Toppers_AIR_337_Sample_MGP_COPY_3.pdf
850,Utkarsh Mishra,,,GS3,0,Forumias,upsckata,20,https://forumias.com/blog/wp-content/uploads/2026/03/UTKARSH-MISHRAUPSC_IAS_2025_Toppers_AIR_337_Sample_MGP_COPY_2.pdf
852,Utkarsh Mishra,,,GS4,0,Forumias,upsckata,22,https://forumias.com/blog/wp-content/uploads/2026/03/UTKARSH-MISHRAUPSC_IAS_2025_Toppers_AIR_337_Sample_MGP_COPY_4.pdf
854,Utkarsh Pathak,179,2025,Essay,0,Forumias,upsckata,1,https://forumias.com/blog/wp-content/uploads/2026/03/UTKARSH-PATHAKUPSC-IAS-2025-Toppers-AIR-179-Sample-ESSAY-Copy-1.pdf
2038,Utkarsh Pathak,88,2024,Essay,0,VisionIAS,link,0,https://cdn.visionias.in/toppersanswerbooklet/65342-972959_3128_utkarsh_pathak_rank_88.pdf
1196,Utkarsh Pathak,88,2024,GS1,0,UnlockIAS,link,0,https://drive.google.com/file/d/1LcP9YAsf_SGvL2WegJnQ4LQ8ffDEk_tP/view
2035,Utkarsh Pathak,88,2024,GS1,0,VisionIAS,link,0,https://cdn.visionias.in/toppersanswerbooklet/2df63-972959_2928_utkarsh_pathak_rank_88.pdf
2036,Utkarsh Pathak,88,2024,GS1,0,VisionIAS,link,0,https://cdn.visionias.in/toppersanswerbooklet/475d4-972959_2929_utkarsh_pathak_rank_88.pdf
2037,Utkarsh Pathak,88,2024,GS1,0,VisionIAS,link,0,https://cdn.visionias.in/toppersanswerbooklet/1e5e1-972959_2930_utkarsh_pathak_rank_88.pdf
855,Utkarsh Pathak,179,2025,GS2,0,Forumias,upsckata,20,https://forumias.com/blog/wp-content/uploads/2026/03/UTKARSH-PATHAKUPSC-IAS-2025-Toppers-AIR-179-Sample-MGP-Copy-1.pdf
853,Utkarsh Pathak,,2024,GS3,0,Forumias,upsckata,20,https://forumias.com/blog/wp-content/uploads/2025/04/UTKARSH-PATHAK-UPSC-2024-Rank-88-MGP-Sample-Copy-1.pdf
856,Utkarsh Pathak,179,2025,GS3,0,Forumias,upsckata,20,https://forumias.com/blog/wp-content/uploads/2026/03/UTKARSH-PATHAKUPSC-IAS-2025-Toppers-AIR-179-Sample-MGP-Copy-2.pdf
857,Utkarsh Pathak,179,2025,GS3,0,Forumias,upsckata,20,https://forumias.com/blog/wp-content/uploads/2026/03/UTKARSH-PATHAKUPSC-IAS-2025-Toppers-AIR-179-Sample-MGP-Copy-3.pdf
2034,Utkarsh Pathak,88,2024,GS4,0,VisionIAS,link,0,https://cdn.visionias.in/toppersanswerbooklet/f2205-972959_2931_utkarsh_pathak_rank_88.pdf
2315,Utkarsh Ujjwal,68,2022,Optional — Anthropology,1,Level Up IAS,submission,0,https://drive.google.com/file/d/1PubNNKugruimH_VTcSGmwuOaWI9emwlK/view
1951,Utkarsh Yadav,32,2024,Essay,0,VisionIAS,link,0,https://cdn.visionias.in/toppersanswerbooklet/71837-1344779_2122_utkarsh_yadav_rank_32.pdf
1952,Utkarsh Yadav,32,2024,GS1,0,VisionIAS,link,0,https://cdn.visionias.in/toppersanswerbooklet/3a48b-1344779_2209_utkarsh_yadav_rank_32.pdf
1953,Utkarsh Yadav,32,2024,GS1,0,VisionIAS,link,0,https://cdn.visionias.in/toppersanswerbooklet/572c8-1344779_2208_utkarsh_yadav_rank_32.pdf
858,Utkarsh Yadav,,2024,GS2,0,Nextias,upsckata,20,https://www.nextias.com/newuploads/Nextias/2025/4/Utkarsh-Yadav-GS-MAINS-ADVANCED-COURSE-2024-1745409936271.pdf
859,Utkarsh Yadav,,2024,GS2,0,Nextias,upsckata,23,https://www.nextias.com/newuploads/Nextias/2025/4/Utkarsh-Yadav-GS-MAINS-ADVANCED-COURSE-2024-TEST-6-1745410044012.pdf
2302,Utkarsh Yadav,32,2024,Optional — Anthropology,1,Level Up IAS,submission,0,https://drive.google.com/file/d/1Oz4GDUBH06T9fyAxRhae8Wgox2FeYe-k/view
2593,Utsav Kaushal,14,2016,Optional — Mathematics,1,IMS4Maths,submission,0,https://ims4maths.com/coaching/files/CSE-Successful-Student-AIR-14-UTSAV-KAUSHAL-T-6.pdf
860,Vaibhav Kumar,,2024,Essay,0,Forumias,upsckata,1,https://forumias.com/blog/wp-content/uploads/2025/04/VAIBHAV-KUMAR-UPSC-2024-Rank-90-MGP-Sample-Copy-1.pdf
861,Vaibhav Kumar,,,Essay,0,Nextias,upsckata,4,https://www.nextias.com/newuploads/Nextias/2025/4/essay-test-1-vaibhav-1745477756474.pdf
2326,Vaibhav Kumar,90,2024,Optional — Anthropology,1,Level Up IAS,submission,0,https://drive.google.com/file/d/1waEvP8KLm1z-Ll68hb6bPlNiRp0-rVBr/view
2020,Vaibhav Singh,82,2024,Essay,0,VisionIAS,link,0,https://cdn.visionias.in/toppersanswerbooklet/46543-1175053_2575_vaibhav_singh_rank_82.pdf
2021,Vaibhav Singh,82,2024,Essay,0,VisionIAS,link,0,https://cdn.visionias.in/toppersanswerbooklet/4a231-1175053_2572_vaibhav_singh_rank_82.pdf
862,Vaibhav Singh,,2024,GS3,0,Forumias,upsckata,21,https://forumias.com/blog/wp-content/uploads/2025/04/VAIBHAV-SINGH-UPSC-2024-Rank-82-MGP-Sample-Copy-1.pdf
2018,Vaibhav Singh,82,2024,GS4,0,VisionIAS,link,0,https://cdn.visionias.in/toppersanswerbooklet/e475a-1175053_2370_vaibhav_singh_rank_82.pdf
2019,Vaibhav Singh,82,2024,GS4,0,VisionIAS,link,0,https://cdn.visionias.in/toppersanswerbooklet/536fc-1175053_2425_vaibhav_singh_rank_82.pdf
863,Vaibhavi Agrawal,,,Essay,0,Vision,upsckata,3,https://cdn.visionias.in/toppersanswerbooklet/68efc-1439609_4514_vaibhavi_agrawal_rank_35.pdf
1565,Vaibhavi Agrawal,35,2025,Essay,0,VisionIAS,link,0,https://cdn.visionias.in/toppersanswerbooklet/68efc-1439609_4514_vaibhavi_agrawal_rank_35.pdf
866,Vaibhavi Agrawal,,,GS2,0,Vision,upsckata,21,https://cdn.visionias.in/toppersanswerbooklet/9b995-1439609_2423_vaibhavi_agrawal_rank_35.pdf
1563,Vaibhavi Agrawal,35,2025,GS2,0,VisionIAS,link,0,https://cdn.visionias.in/toppersanswerbooklet/9b995-1439609_2423_vaibhavi_agrawal_rank_35.pdf
867,Vaibhavi Agrawal,,,GS3,0,Vision,upsckata,22,https://cdn.visionias.in/toppersanswerbooklet/72616-1439609_4512_vaibhavi_agrawal_rank_35.pdf
1564,Vaibhavi Agrawal,35,2025,GS3,0,VisionIAS,link,0,https://cdn.visionias.in/toppersanswerbooklet/72616-1439609_4512_vaibhavi_agrawal_rank_35.pdf
864,Vaibhavi Agrawal,,,GS4,0,Vision,upsckata,24,https://cdn.visionias.in/toppersanswerbooklet/d8515-1439609_2425_vaibhavi_agrawal_rank_35.pdf
865,Vaibhavi Agrawal,,,GS4,0,Vision,upsckata,23,https://cdn.visionias.in/toppersanswerbooklet/d17dd-1439609_4513_vaibhavi_agrawal_rank_35.pdf
1566,Vaibhavi Agrawal,35,2025,GS4,0,VisionIAS,link,0,https://cdn.visionias.in/toppersanswerbooklet/d8515-1439609_2425_vaibhavi_agrawal_rank_35.pdf
1567,Vaibhavi Agrawal,35,2025,GS4,0,VisionIAS,link,0,https://cdn.visionias.in/toppersanswerbooklet/d17dd-1439609_4513_vaibhavi_agrawal_rank_35.pdf
1056,Vaishali,,,GS4,0,Masterstroke,upsckata,20,https://drive.google.com/file/d/17yqvWF7XAhNjuQdyOJQPYrhD1TaS-cV7/view
2559,Vaishna Biswas,367,2025,Optional — Sociology,1,Sleepy Classes,submission,0,https://sleepyclasses.com/wp-content/uploads/2026/04/Vaishna_Biswas_Mains_Test_2_lyst1754060046558_lyst1754379888098.pdf
2609,Valluru Kranthi,230,2014,Optional — Mathematics,1,IMS4Maths,submission,0,https://ims4maths.com/coaching/files/V-Kranthi1.pdf
868,Vanaj Vidyan,278,2025,GS2,0,Forumias,upsckata,7,https://forumias.com/blog/wp-content/uploads/2026/03/VANAJ-VIDYAN-UPSC-IAS-2025-Toppers-AIR-278-Sample-AWFG-Copy-1.pdf
869,Vanaj Vidyan,278,2025,GS2,0,Forumias,upsckata,21,https://forumias.com/blog/wp-content/uploads/2026/03/VANAJ-VIDYAN-UPSC-IAS-2025-Toppers-AIR-278-Sample-MGP-Copy-1.pdf
870,Vanaj Vidyan,278,2025,GS4,0,Forumias,upsckata,24,https://forumias.com/blog/wp-content/uploads/2026/03/VANAJ-VIDYAN-UPSC-IAS-2025-Toppers-AIR-278-Sample-MGP-Copy-2.pdf
1309,Vandita,403,2024,GS2,0,UnlockIAS,link,0,https://drive.google.com/file/d/1fLBeitGNpn_e7rviAigLhCHglAmysw8H/view
1368,Vandita,403,2024,GS3,0,UnlockIAS,link,0,https://drive.google.com/file/d/1Z7lsdcgGgwDPJBHBG8pxRbkgzLRx5ygs/view
1468,Vandita,403,2024,GS4,0,UnlockIAS,link,0,https://drive.google.com/file/d/1lLDKYRwjpoSrIwrz8uTM4mbVqzpQDJ__/view
1057,Varnit Negi,,,GS4,0,Forumias,upsckata,18,https://drive.google.com/file/d/1oPEl03NQTrC949ztXKSzycqX9RQOvjcc/view
2611,Varun Guntupalli,261,2014,Optional — Mathematics,1,IMS4Maths,submission,0,https://ims4maths.com/coaching/files/Varun-Guntupalli-Test-3.pdf
2612,Varun Guntupalli,261,2014,Optional — Mathematics,1,IMS4Maths,submission,0,https://ims4maths.com/coaching/files/VARUN-GUNTUPALLI-maths-TEST-4-Copy.pdf
2613,Varun Guntupalli,261,2014,Optional — Mathematics,1,IMS4Maths,submission,0,https://ims4maths.com/coaching/files/Varun-Guntupalli-Test-5.pdf
2614,Varun Guntupalli,261,2014,Optional — Mathematics,1,IMS4Maths,submission,0,https://ims4maths.com/coaching/files/IMS-varun%20guntupalli-t7-Copy.pdf
2615,Varun Guntupalli,261,2014,Optional — Mathematics,1,IMS4Maths,submission,0,https://ims4maths.com/coaching/files/Varun-Test-8-Copy.pdf
2616,Varun Guntupalli,261,2014,Optional — Mathematics,1,IMS4Maths,submission,0,https://ims4maths.com/coaching/files/IMS-Test-9-Varun-G-Copy.pdf
873,Varun Tokas,,,GS1,0,Vision,upsckata,20,https://cdn.visionias.in/toppersanswerbooklet/a8a69-46100045_2713_varun-tokas_rank_117.pdf
1700,Varun Tokas,117,2025,GS1,0,VisionIAS,link,0,https://cdn.visionias.in/toppersanswerbooklet/a8a69-46100045_2713_varun-tokas_rank_117.pdf
872,Varun Tokas,,,GS2,0,Vision,upsckata,21,https://cdn.visionias.in/toppersanswerbooklet/74ce6-46100045_3612_varun-tokas_rank_117.pdf
874,Varun Tokas,,,GS2,0,Vision,upsckata,20,https://cdn.visionias.in/toppersanswerbooklet/4e783-46100045_2714_varun-tokas_rank_117.pdf
1701,Varun Tokas,117,2025,GS2,0,VisionIAS,link,0,https://cdn.visionias.in/toppersanswerbooklet/4e783-46100045_2714_varun-tokas_rank_117.pdf
875,Varun Tokas,,,GS3,0,Vision,upsckata,20,https://cdn.visionias.in/toppersanswerbooklet/23ca7-46100045_2715_varun-tokas_rank_117.pdf
1702,Varun Tokas,117,2025,GS3,0,VisionIAS,link,0,https://cdn.visionias.in/toppersanswerbooklet/23ca7-46100045_2715_varun-tokas_rank_117.pdf
871,Varun Tokas,,,GS4,0,Vision,upsckata,23,https://cdn.visionias.in/toppersanswerbooklet/cdd4c-46100045_2716_varun-tokas_rank_117.pdf
1703,Varun Tokas,117,2025,GS4,0,VisionIAS,link,0,https://cdn.visionias.in/toppersanswerbooklet/cdd4c-46100045_2716_varun-tokas_rank_117.pdf
1704,Varun Tokas,117,2025,GS4,0,VisionIAS,link,0,https://cdn.visionias.in/toppersanswerbooklet/74ce6-46100045_3612_varun-tokas_rank_117.pdf
1072,Vibhor Bhardwaj,19,2024,Essay,0,UnlockIAS,link,0,https://drive.google.com/file/d/1JiCGg_CjC15_vWN_XLqjO_8O6U9D6whZ/view
1921,Vibhor Bhardwaj,19,2024,GS1,0,VisionIAS,link,0,https://cdn.visionias.in/toppersanswerbooklet/77b95-1310907_1836_vibhor_bhardwaj_rank_19.pdf
876,Vibhor Bhardwaj,,2024,GS3,0,Forumias,upsckata,20,https://forumias.com/blog/wp-content/uploads/2025/04/VIBHOR-BHARDWAJ-UPSC-2024-Rank-19-MGP-Sample-Copy-1.pdf
1920,Vibhor Bhardwaj,19,2024,GS4,0,VisionIAS,link,0,https://cdn.visionias.in/toppersanswerbooklet/51099-1310907_1841_vibhor_bhardwaj_rank_19.pdf
2312,Vidhyanshu Shekhar,59,2024,Optional — Anthropology,1,Level Up IAS,submission,0,https://drive.google.com/file/d/1gZSpdIrx2S5_i1XX3VxPOawy9fd_gF20/view
1058,Vidushi Singh,,,GS4,0,Vision,upsckata,23,https://drive.google.com/file/d/1fZOeuHXJcEzg1yh7oIn213LDwzti0zi0/view
1059,Vidushi Singh,,,GS4,0,Vision,upsckata,4,https://drive.google.com/file/d/1Xk_8qWefLjDZRvLszXEqcYoMvnTAH0WE/view
1990,Vidyanshu Shekhar Jha,59,2024,GS1,0,VisionIAS,link,0,https://cdn.visionias.in/toppersanswerbooklet/4b7c2-84658_1061_vidyanshu_shekhar_jha_rank_59.pdf
1991,Vidyanshu Shekhar Jha,59,2024,GS1,0,VisionIAS,link,0,https://cdn.visionias.in/toppersanswerbooklet/a058d-84658_1062_vidyanshu_shekhar_jha_rank_59.pdf
1992,Vidyanshu Shekhar Jha,59,2024,GS1,0,VisionIAS,link,0,https://cdn.visionias.in/toppersanswerbooklet/7f455-84658_1071_vidyanshu_shekhar_jha_rank_59.pdf
1988,Vidyanshu Shekhar Jha,59,2024,GS4,0,VisionIAS,link,0,https://cdn.visionias.in/toppersanswerbooklet/799d0-84658_1073_vidyanshu_shekhar_jha_rank_59.pdf
1989,Vidyanshu Shekhar Jha,59,2024,GS4,0,VisionIAS,link,0,https://cdn.visionias.in/toppersanswerbooklet/cdb49-84658_1069_vidyanshu_shekhar_jha_rank_59.pdf
2293,Vijendra kumar meena,925,2024,Essay,0,VisionIAS,link,0,https://cdn.visionias.in/toppersanswerbooklet/e14da-333326_2488_vijendra_kumar_meena_rank_925.pdf
2291,Vijendra Kumar Meena,925,2024,GS4,0,VisionIAS,link,0,https://cdn.visionias.in/toppersanswerbooklet/9c99c-333326_2425_vijendra_kumar_meena_rank_925.pdf
2292,Vijendra Kumar Meena,925,2024,GS4,0,VisionIAS,link,0,https://cdn.visionias.in/toppersanswerbooklet/8cae5-333326_2931_vijendra_kumar_meena_rank_925.pdf
1074,Vikas,27,2025,Essay,0,UnlockIAS,link,0,https://drive.google.com/file/d/15wjX2WPGF9h9cH3n-u0HYdkhL9x356Fx/view
1175,Vikas,27,2025,GS1,0,UnlockIAS,link,0,https://drive.google.com/file/d/1on_NdGeRM6OXAbkTX0wazk7t1YZcWj3I/view
1176,Vikas,27,2025,GS1,0,Vajiram & Ravi,link,0,https://vajiramias.sgp1.cdn.digitaloceanspaces.com/strapi/VIKAS_SS_GS_1_AIR_27_a59d0601ae.pdf
1280,Vikas,27,2025,GS2,0,UnlockIAS,link,0,https://drive.google.com/file/d/1IHYjzFBbTjGX_MnVSlrJSkjVGKGHwir3/view
1281,Vikas,27,2025,GS2,0,Vajiram & Ravi,link,0,https://vajiramias.sgp1.cdn.digitaloceanspaces.com/strapi/VIKAS_SS_GS_2_AIR_27_ae48d764de.pdf
1347,Vikas,27,2025,GS3,0,UnlockIAS,link,0,https://drive.google.com/file/d/18DvvabAw3GqbnwAJEumCkqGVe-K_Ddlt/view
1348,Vikas,27,2025,GS3,0,Vajiram & Ravi,link,0,https://vajiramias.sgp1.cdn.digitaloceanspaces.com/strapi/VIKAS_SS_GS_3_AIR_27_851f8bb7f7.pdf
1429,Vikas,27,2025,GS4,0,UnlockIAS,link,0,https://drive.google.com/file/d/1C2cRCKGqzKhhaFYskywlFvdO7eRXuU9F/view
1430,Vikas,27,2025,GS4,0,Vajiram & Ravi,link,0,https://vajiramias.sgp1.cdn.digitaloceanspaces.com/strapi/VIKAS_SS_GS_4_AIR_27_d603e68673.pdf
1694,Vimal kumar,107,2025,GS4,0,VisionIAS,link,0,https://cdn.visionias.in/toppersanswerbooklet/da19e-696670_1512_vimal-kumar_rank_107.pdf
1295,Vimal Kumar,107,2025,GS2,0,UnlockIAS,link,0,https://drive.google.com/file/d/13Rse4Q15-RscU0RkS-Nx9Xwq7rpwVMOv/view
1296,Vimal Kumar,107,2025,GS2,0,Vajiram & Ravi,link,0,https://vajiramias.sgp1.cdn.digitaloceanspaces.com/strapi/VIMAL_KUMAR_SS_GS_2_TEST_7_AIR_107_c677d3cf94.pdf
877,Vimal Kumar,,,GS4,0,Vision,upsckata,11,https://cdn.visionias.in/toppersanswerbooklet/da19e-696670_1512_vimal-kumar_rank_107.pdf
1452,Vimal Kumar,107,2025,GS4,0,UnlockIAS,link,0,https://drive.google.com/file/d/1vD6f682ysa0DstEcQaPZtojEk7z85D39/view
1453,Vimal Kumar,107,2025,GS4,0,Vajiram & Ravi,link,0,https://vajiramias.sgp1.cdn.digitaloceanspaces.com/strapi/VIMAL_KUMAR_SS_2025_GS_4_AIR_107_70da4ad1f8.pdf
2465,Vinay Verma,712,2025,Optional — PSIR,1,Level Up IAS,submission,0,https://drive.google.com/file/d/1moQHJQHU1k-qPv5YPfO8qNMjiFv31ohp/view
2466,Vinay Verma,712,2025,Optional — PSIR,1,Level Up IAS,submission,0,https://drive.google.com/file/d/1CmPH5iWbR_kKTmo5qBBWD35xmAQ5RRQV/view
878,Vineeth Lohidakshan,129,2025,Essay,0,Forumias,upsckata,1,https://forumias.com/blog/wp-content/uploads/2026/03/VINEETH-LOHIDAKSHANUPSC-IAS-2025-Toppers-AIR-129-Sample-Essay-Copy-1.pdf
879,Vineeth Lohidakshan,129,2025,Essay,0,Forumias,upsckata,2,https://forumias.com/blog/wp-content/uploads/2026/03/VINEETH-LOHIDAKSHANUPSC-IAS-2025-Toppers-AIR-129-Sample-Essay-Copy-2.pdf
880,Vineeth Lohidakshan,129,2025,Essay,0,Forumias,upsckata,2,https://forumias.com/blog/wp-content/uploads/2026/03/VINEETH-LOHIDAKSHANUPSC-IAS-2025-Toppers-AIR-129-Sample-Essay-Copy-3.pdf
881,Vineeth Lohidakshan,129,2025,GS4,0,Forumias,upsckata,33,https://forumias.com/blog/wp-content/uploads/2026/03/VINEETH-LOHIDAKSHANUPSC-IAS-2025-Toppers-AIR-129-Sample-MGP-Copy-1.pdf
2355,Vinoth AR,683,2023,Optional — Anthropology,1,Level Up IAS,submission,0,https://drive.google.com/file/d/1dhOOBNktamjiKAJVXfEE1OTvjktHrNGs/view
1856,Vipin Dev Yadav,316,2025,Essay,0,VisionIAS,link,0,https://cdn.visionias.in/toppersanswerbooklet/6907f-46121298_4514_vipin_dev_yadav_rank_316.pdf
1855,Vipin Dev Yadav,316,2025,GS1,0,VisionIAS,link,0,https://cdn.visionias.in/toppersanswerbooklet/996ba-46121298_4511_vipin_dev_yadav_rank_316.pdf
882,Vipul Chaudhary,115,2025,Essay,0,Forumias,upsckata,3,https://forumias.com/blog/wp-content/uploads/2026/03/CHAUDHARY-VIPULBHAI-KARMANBHAI-UPSC-IAS-2025-Toppers-AIR-115-Sample-ESSAY-Copy-1.pdf
883,Vipul Chaudhary,115,2025,Essay,0,Forumias,upsckata,3,https://forumias.com/blog/wp-content/uploads/2026/03/CHAUDHARY-VIPULBHAI-KARMANBHAI-UPSC-IAS-2025-Toppers-AIR-115-Sample-ESSAY-Copy-2.pdf
886,Vipul Chaudhary,,,Essay,0,Vision,upsckata,3,https://cdn.visionias.in/toppersanswerbooklet/1fd57-118042_4514_chaudhary_vipulbhai_karmanbhai_rank_115.pdf
885,Vipul Chaudhary,115,2025,GS1,0,Forumias,upsckata,20,https://forumias.com/blog/wp-content/uploads/2026/03/CHAUDHARY-VIPULBHAI-KARMANBHAI-UPSC-IAS-2025-Toppers-AIR-115-Sample-MGP-Copy-2.pdf
888,Vipul Chaudhary,,,GS1,0,Vision,upsckata,20,https://cdn.visionias.in/toppersanswerbooklet/e1d12-118042_4510_vipulbhai-karmanbhai-chaudhary_rank_115.pdf
889,Vipul Chaudhary,,,GS2,0,Vision,upsckata,21,https://cdn.visionias.in/toppersanswerbooklet/0cf40-118042_4511_vipulbhai-karmanbhai-chaudhary_rank_115.pdf
890,Vipul Chaudhary,,,GS3,0,Vision,upsckata,20,https://cdn.visionias.in/toppersanswerbooklet/7a28e-118042_4512_vipulbhai-karmanbhai-chaudhary_rank_115.pdf
884,Vipul Chaudhary,115,2025,GS4,0,Forumias,upsckata,26,https://forumias.com/blog/wp-content/uploads/2026/03/CHAUDHARY-VIPULBHAI-KARMANBHAI-UPSC-IAS-2025-Toppers-AIR-115-Sample-MGP-Copy-1.pdf
887,Vipul Chaudhary,,,GS4,0,Vision,upsckata,25,https://cdn.visionias.in/toppersanswerbooklet/5cf7a-118042_2931_vipulbhai-karmanbhai-chaudhary_rank_115.pdf
1695,Vipulbhai Karmanbhai Chaudhary,115,2025,Essay,0,VisionIAS,link,0,https://cdn.visionias.in/toppersanswerbooklet/1fd57-118042_4514_chaudhary_vipulbhai_karmanbhai_rank_115.pdf
1696,Vipulbhai Karmanbhai Chaudhary,115,2025,GS1,0,VisionIAS,link,0,https://cdn.visionias.in/toppersanswerbooklet/e1d12-118042_4510_vipulbhai-karmanbhai-chaudhary_rank_115.pdf
1697,Vipulbhai Karmanbhai Chaudhary,115,2025,GS2,0,VisionIAS,link,0,https://cdn.visionias.in/toppersanswerbooklet/0cf40-118042_4511_vipulbhai-karmanbhai-chaudhary_rank_115.pdf
1698,Vipulbhai Karmanbhai Chaudhary,115,2025,GS3,0,VisionIAS,link,0,https://cdn.visionias.in/toppersanswerbooklet/7a28e-118042_4512_vipulbhai-karmanbhai-chaudhary_rank_115.pdf
1699,Vipulbhai Karmanbhai Chaudhary,115,2025,GS4,0,VisionIAS,link,0,https://cdn.visionias.in/toppersanswerbooklet/5cf7a-118042_2931_vipulbhai-karmanbhai-chaudhary_rank_115.pdf
2568,Virender Singh,609,2024,Optional — Sociology,1,Level Up IAS,submission,0,https://drive.google.com/file/d/1S4g8qGDZpqAtpu3e6xCuNy80YV6QcN3o/view
1060,Vishaka Yadav,,,GS4,0,Vision,upsckata,20,https://drive.google.com/file/d/1bSUTjHvrIky6QsV6NPBJ2ycxzAsU4mDp/view
1061,Vishakha Yadav,,,GS4,0,Vision,upsckata,20,https://drive.google.com/file/d/19qxnT0ux5j2A1qaT8ERdzJ_u-sZioLSW/view
2863,Vishal Mishra,49,2017,Optional — Sociology,1,VisionIAS,submission,0,https://cdn.visionias.in/toppersanswerbooklet/13955_938_Vishal_Mishra_Rank_49.pdf
2864,Vishal Mishra,49,2017,Optional — Sociology,1,VisionIAS,submission,0,https://cdn.visionias.in/toppersanswerbooklet/13955_939_Vishal_Mishra_Rank_49.pdf
2865,Vishal Mishra,49,2017,Optional — Sociology,1,VisionIAS,submission,0,https://cdn.visionias.in/toppersanswerbooklet/13955_940_Vishal_Mishra_Rank_49.pdf
2866,Vishal Mishra,49,2017,Optional — Sociology,1,VisionIAS,submission,0,https://cdn.visionias.in/toppersanswerbooklet/13955_941_Vishal_Mishra_Rank_49.pdf
1081,Vishal Singh,56,2024,Essay,0,UnlockIAS,link,0,https://drive.google.com/file/d/19vyA9OH1DU9HyOEk6dCPwvHmhD4HePW9/view
1082,Vishal Singh,56,2024,Essay,0,Vajiram & Ravi,link,0,https://vajiramias.sgp1.cdn.digitaloceanspaces.com/strapi/ESSAY_PROGRAME_VISHAL_SINGH_AIR_56_8686522043.pdf
891,Vishnu Sasikumar,31,,GS1,0,Nextias,upsckata,22,https://next-ias-appsquadz.s3.ap-south-1.amazonaws.com/file_library/pdf/original/ee21bf4c91767f03906ea17bc7230b10/10/air-31-vishnu-sasikumar_test-1_gs1.pdf
892,Vishnu Sasikumar,31,,GS4,0,Nextias,upsckata,22,https://next-ias-appsquadz.s3.ap-south-1.amazonaws.com/file_library/pdf/original/ee21bf4c91767f03906ea17bc7230b10/11/air-31-vishnu-sasikumar_test-4_gs4.pdf
2048,Vishwa Varddhan,101,2024,Essay,0,VisionIAS,link,0,https://cdn.visionias.in/toppersanswerbooklet/8e693-657113_3128_vishwa_varddhan_rank_101.pdf
2045,Vishwa Varddhan,101,2024,GS1,0,VisionIAS,link,0,https://cdn.visionias.in/toppersanswerbooklet/e4c41-657113_2929_vishwa_varddhan_rank_101.pdf
2046,Vishwa Varddhan,101,2024,GS1,0,VisionIAS,link,0,https://cdn.visionias.in/toppersanswerbooklet/aaecb-657113_2930_vishwa_varddhan_rank_101.pdf
2047,Vishwa Varddhan,101,2024,GS4,0,VisionIAS,link,0,https://cdn.visionias.in/toppersanswerbooklet/669a6-657113_2931_vishwa_varddhan_rank_101.pdf
895,Vishwajeet Gupta,,,Essay,0,Vision,upsckata,3,https://cdn.visionias.in/toppersanswerbooklet/76bb3-1317840_3128_vishwajeet_gupta_rank_67.pdf
1636,Vishwajeet Gupta,67,2025,Essay,0,VisionIAS,link,0,https://cdn.visionias.in/toppersanswerbooklet/76bb3-1317840_3128_vishwajeet_gupta_rank_67.pdf
898,Vishwajeet Gupta,,,GS1,0,Vision,upsckata,21,https://cdn.visionias.in/toppersanswerbooklet/a17d4-1317840_4510_vishwajeet_gupta_rank_67.pdf
1637,Vishwajeet Gupta,67,2025,GS1,0,VisionIAS,link,0,https://cdn.visionias.in/toppersanswerbooklet/a17d4-1317840_4510_vishwajeet_gupta_rank_67.pdf
894,Vishwajeet Gupta,67,2025,GS2,0,Forumias,upsckata,22,https://forumias.com/blog/wp-content/uploads/2026/03/VISHWAJEET-GUPTAUPSC-IAS-2025-Toppers-AIR-67-Sample-MGP-Copy-2.pdf
899,Vishwajeet Gupta,,,GS3,0,Vision,upsckata,20,https://cdn.visionias.in/toppersanswerbooklet/5e6f8-1317840_4512_vishwajeet_gupta_rank_67.pdf
1638,Vishwajeet Gupta,67,2025,GS3,0,VisionIAS,link,0,https://cdn.visionias.in/toppersanswerbooklet/5e6f8-1317840_4512_vishwajeet_gupta_rank_67.pdf
893,Vishwajeet Gupta,67,2025,GS4,0,Forumias,upsckata,26,https://forumias.com/blog/wp-content/uploads/2026/03/VISHWAJEET-GUPTAUPSC-IAS-2025-Toppers-AIR-67-Sample-MGP-Copy-1.pdf
896,Vishwajeet Gupta,,,GS4,0,Visionias,upsckata,22,https://cdn.visionias.in/toppersanswerbooklet/dae30-1317840_2931_vishwajeet_gupta_rank_67.pdf
897,Vishwajeet Gupta,,,GS4,0,Vision,upsckata,23,https://cdn.visionias.in/toppersanswerbooklet/61364-1317840_4513_vishwajeet_gupta_rank_67.pdf
1635,Vishwajeet Gupta,67,2025,GS4,0,VisionIAS,link,0,https://cdn.visionias.in/toppersanswerbooklet/dae30-1317840_2931_vishwajeet_gupta_rank_67.pdf
1639,Vishwajeet Gupta,67,2025,GS4,0,VisionIAS,link,0,https://cdn.visionias.in/toppersanswerbooklet/61364-1317840_4513_vishwajeet_gupta_rank_67.pdf
2661,Vishwajeet Gupta,67,2025,Optional — PSIR,1,VisionIAS,submission,0,https://cdn.visionias.in/toppersanswerbooklet/7abc4-1317840_4517_vishwajeet_gupta_rank_67.pdf
2662,Vishwajeet Gupta,67,2025,Optional — PSIR,1,VisionIAS,submission,0,https://cdn.visionias.in/toppersanswerbooklet/b2f9e-1317840_4518_vishwajeet_gupta_rank_67.pdf
900,Vivek Shinde,,2024,GS4,0,Forumias,upsckata,13,https://forumias.com/blog/wp-content/uploads/2025/04/VIVEK-SHINDE-UPSC-2024-Rank-93-MGP-Sample-Copy-1.pdf
901,Vivek Singh,276,2025,Essay,0,Forumias,upsckata,5,https://forumias.com/blog/wp-content/uploads/2026/03/VIVEK-SINGH-UPSC-IAS-2025-Toppers-AIR-276-Sample-Essay-Copy-2.pdf
902,Vivek Singh,276,2025,GS1,0,Forumias,upsckata,21,https://forumias.com/blog/wp-content/uploads/2026/03/VIVEK-SINGH-UPSC-IAS-2025-Toppers-AIR-276-Sample-MGP-Copy-1.pdf
903,Vivek Singh,276,2025,GS2,0,Forumias,upsckata,21,https://forumias.com/blog/wp-content/uploads/2026/03/VIVEK-SINGH-UPSC-IAS-2025-Toppers-AIR-276-Sample-MGP-Copy-2.pdf
904,Vivek Singh,276,2025,GS3,0,Forumias,upsckata,20,https://forumias.com/blog/wp-content/uploads/2026/03/VIVEK-SINGH-UPSC-IAS-2025-Toppers-AIR-276-Sample-MGP-Copy-3.pdf
1860,Vivek Yadav,487,2025,Essay,0,VisionIAS,link,0,https://cdn.visionias.in/toppersanswerbooklet/2ad49-916209_3128_vivek_yadav_rank_487.pdf
1859,Vivek Yadav,487,2025,GS1,0,VisionIAS,link,0,https://cdn.visionias.in/toppersanswerbooklet/bf6df-916209_2928_vivek_yadav_rank_487.pdf
1861,Vivek Yadav,487,2025,GS2,0,VisionIAS,link,0,https://cdn.visionias.in/toppersanswerbooklet/19433-916209_4511_vivek_yadav_rank_487.pdf
1862,Vivek Yadav,487,2025,GS3,0,VisionIAS,link,0,https://cdn.visionias.in/toppersanswerbooklet/59ddb-916209_4512_vivek_yadav_rank_487.pdf
2509,Wardah Khan,18,2023,Optional — Sociology,1,Level Up IAS,submission,0,https://drive.google.com/file/d/1_1fVCnoNWp3zvn5WdMb7zBdhLS7JZE0F/view
907,Wasim Ur Rahman,157,2025,GS1,0,Forumias,upsckata,21,https://forumias.com/blog/wp-content/uploads/2026/03/WASIM-UR-RAHMAN-UPSC-IAS-2025-Toppers-AIR-157-Sample-MGP-Copy-4.pdf
1728,Wasim Ur Rahman,157,2025,GS1,0,VisionIAS,link,0,https://cdn.visionias.in/toppersanswerbooklet/e9b40-30458_1417_wasim-ur-rahman_rank_157.pdf
905,Wasim Ur Rahman,157,2025,GS2,0,Forumias,upsckata,21,https://forumias.com/blog/wp-content/uploads/2026/03/WASIM-UR-RAHMAN-UPSC-IAS-2025-Toppers-AIR-157-Sample-MGP-Copy-2.pdf
1729,Wasim Ur Rahman,157,2025,GS2,0,VisionIAS,link,0,https://cdn.visionias.in/toppersanswerbooklet/d9b98-30458_2929_wasim-ur-rahman_rank_157.pdf
906,Wasim Ur Rahman,157,2025,GS3,0,Forumias,upsckata,20,https://forumias.com/blog/wp-content/uploads/2026/03/WASIM-UR-RAHMAN-UPSC-IAS-2025-Toppers-AIR-157-Sample-MGP-Copy-3.pdf
908,Wasim Ur Rahman,157,2025,GS3,0,Forumias,upsckata,21,https://forumias.com/blog/wp-content/uploads/2026/03/WASIM-UR-RAHMAN-UPSC-IAS-2025-Toppers-AIR-157-Sample-MGP-Copy-5.pdf
1730,Wasim Ur Rahman,157,2025,GS3,0,VisionIAS,link,0,https://cdn.visionias.in/toppersanswerbooklet/34911-30458_1693_wasim-ur-rahman_rank_157.pdf
1731,Wasim Ur Rahman,157,2025,GS4,0,VisionIAS,link,0,https://cdn.visionias.in/toppersanswerbooklet/e2dce-30458_1525_wasim-ur-rahman_rank_157.pdf
1732,Wasim Ur Rahman,157,2025,GS4,0,VisionIAS,link,0,https://cdn.visionias.in/toppersanswerbooklet/5970d-30458_2425_wasim-ur-rahman_rank_157.pdf
2577,Yadav Suryabhan Achchhelal,27,2022,Optional — Mathematics,1,IMS4Maths,submission,0,https://ims4maths.com/files/SURYABHAN%20yadav%20test-1.pdf
2578,Yadav Suryabhan Achchhelal,27,2022,Optional — Mathematics,1,IMS4Maths,submission,0,https://ims4maths.com/files/yadav%20suryabhan%20test-6.pdf
2579,Yadav Suryabhan Achchhelal,27,2022,Optional — Mathematics,1,IMS4Maths,submission,0,https://ims4maths.com/files/suryabhan%20test-7.pdf
2580,Yadav Suryabhan Achchhelal,27,2022,Optional — Mathematics,1,IMS4Maths,submission,0,https://ims4maths.com/files/suryabhan%20test%20no%208.pdf
2581,Yadav Suryabhan Achchhelal,27,2022,Optional — Mathematics,1,IMS4Maths,submission,0,https://ims4maths.com/files/suryabhan%20yadav%20test-9.pdf
2795,Yaksh Chaudhary,6,2021,Optional — Sociology,1,VisionIAS,submission,0,https://cdn.visionias.in/toppersanswerbooklet/f3e22-342734_1526_yaksh-chaudhary_rank_06.pdf
2796,Yaksh Chaudhary,6,2021,Optional — Sociology,1,VisionIAS,submission,0,https://cdn.visionias.in/toppersanswerbooklet/36731-342734_1527_yaksh-chaudhary_rank_06.pdf
2797,Yaksh Chaudhary,6,2021,Optional — Sociology,1,VisionIAS,submission,0,https://cdn.visionias.in/toppersanswerbooklet/a96ba-342734_1528_yaksh-chaudhary_rank_06.pdf
2798,Yaksh Chaudhary,6,2021,Optional — Sociology,1,VisionIAS,submission,0,https://cdn.visionias.in/toppersanswerbooklet/a1cfc-342734_1531_yaksh-chaudhary_rank_06.pdf
2799,Yaksh Chaudhary,6,2021,Optional — Sociology,1,VisionIAS,submission,0,https://cdn.visionias.in/toppersanswerbooklet/08867-342734_1533_yaksh-chaudhary_rank06.pdf
909,Yarasi Tusharika,,,GS1,0,Forumias,upsckata,20,https://forumias.com/blog/wp-content/uploads/2026/04/YARASI-TUSHARIKAUPSC_IAS_2025_Toppers_AIR_393_Sample_MGP_1.pdf
1223,Yarasi Tusharika,393,2025,GS1,0,Vajiram & Ravi,link,0,https://vajiramias.sgp1.cdn.digitaloceanspaces.com/strapi/YARASI_TUSHARIKA_SS_GS_1_TEST_5_AIR_393_2025_4a6edb3afc.pdf
1224,Yarasi Tusharika,393,2025,GS1,0,Vajiram & Ravi,link,0,https://vajiramias.sgp1.cdn.digitaloceanspaces.com/strapi/YARASI_TUSHARIKA_SS_GS_1_TEST_6_AIR_393_2025_1_a2706059a1.pdf
1366,Yarasi Tusharika,393,2025,GS3,0,Vajiram & Ravi,link,0,https://vajiramias.sgp1.cdn.digitaloceanspaces.com/strapi/YARASI_TUSHARIKA_SS_GS_3_TEST_7_AIR_393_2025_4409eb9529.pdf
1367,Yarasi Tusharika,393,2025,GS3,0,Vajiram & Ravi,link,0,https://vajiramias.sgp1.cdn.digitaloceanspaces.com/strapi/YARASI_TUSHARIKA_SS_GS_3_TEST_8_AIR_3932025_7188c95b7b.pdf
910,Yarasi Tusharika,,,GS4,0,Forumias,upsckata,22,https://forumias.com/blog/wp-content/uploads/2026/04/YARASI-TUSHARIKAUPSC_IAS_2025_Toppers_AIR_393_Sample_MGP_2.pdf
911,Yarasi Tusharika,,,GS4,0,Forumias,upsckata,24,https://forumias.com/blog/wp-content/uploads/2026/04/YARASI-TUSHARIKAUPSC_IAS_2025_Toppers_AIR_393_Sample_MGP_3.pdf
2077,Yash Pal Singh,112,2024,GS1,0,VisionIAS,link,0,https://cdn.visionias.in/toppersanswerbooklet/2b3f4-243102_2929_yash_pal_singh_rank_112.pdf
2078,Yash Pal Singh,112,2024,GS4,0,VisionIAS,link,0,https://cdn.visionias.in/toppersanswerbooklet/f13c7-243102_2034_yash_pal_singh_rank_112.pdf
1173,Yashaswi Raj Vardhan,11,2025,GS1,0,UnlockIAS,link,0,https://drive.google.com/file/d/1PUPHFVIVCobOSgZ3JNhnst_t_w0O9IMM/view
1278,Yashaswi Raj Vardhan,11,2025,GS2,0,UnlockIAS,link,0,https://drive.google.com/file/d/1DGw5u_FdGZaSwVWz7ZxOoQ9Ye8Ocdt98/view
1062,Yashini Nagarajan,,,GS4,0,Forumias,upsckata,4,https://drive.google.com/file/d/1OXuZtA6iHvOTpJRiLPQkTZXA9ZgLprsY/view
1799,Yashvardhan Singh,212,2025,Essay,0,VisionIAS,link,0,https://cdn.visionias.in/toppersanswerbooklet/5d426-964337_3283_yashvardhan-singh_rank_212.pdf
1800,Yashvardhan Singh,212,2025,Essay,0,VisionIAS,link,0,https://cdn.visionias.in/toppersanswerbooklet/e6048-964337_4514_yashvardhan-singh_rank_212.pdf
1798,Yashvardhan Singh,212,2025,GS1,0,VisionIAS,link,0,https://cdn.visionias.in/toppersanswerbooklet/41917-964337_2422_yashvardhan-singh_rank_212.pdf
912,Yashvi Jain,,,Essay,0,Forumias,upsckata,3,https://forumias.com/blog/wp-content/uploads/2026/03/YASHVI_JAIN_UPSC_IAS_2025_Toppers_AIR_97_Sample_ESSAY_Copy_2.pdf
1095,Yashvi Jain,97,2025,Essay,0,UnlockIAS,link,0,https://drive.google.com/file/d/1RfMUfUvGXEqrP6Qg1BepaF1weNMC_viZ/view
1096,Yashvi Jain,97,2025,Essay,0,UnlockIAS,link,0,https://drive.google.com/file/d/1UpgzrV7GH7UHZI7L6d_sNtozFrab8bRw/view
914,Yashvi Jain,,,GS2,0,Forumias,upsckata,20,https://forumias.com/blog/wp-content/uploads/2026/03/YASHVI_JAIN_UPSC_IAS_2025_Toppers_AIR_97_Sample_MGP_Copy_3.pdf
915,Yashvi Jain,,,GS3,0,Forumias,upsckata,21,https://forumias.com/blog/wp-content/uploads/2026/03/YASHVI_JAIN_UPSC_IAS_2025_Toppers_AIR_97_Sample_MGP_Copy_4.pdf
913,Yashvi Jain,,,GS4,0,Forumias,upsckata,25,https://forumias.com/blog/wp-content/uploads/2026/03/YASHVI_JAIN_UPSC_IAS_2025_Toppers_AIR_97_Sample_MGP_Copy_1.pdf
916,Yashvi Jain,,,GS4,0,Forumias,upsckata,21,https://forumias.com/blog/wp-content/uploads/2026/03/YASHVI_JAIN_UPSC_IAS_2025_Toppers_AIR_97_Sample_MGP_Copy_5.pdf
2569,Yogender Meena,647,2023,Optional — Sociology,1,Level Up IAS,submission,0,https://drive.google.com/file/d/1V_Bf7ghxuyxA393vTRIV58XVMrBovc2M/view
1844,Yogendra Kumar,286,2025,GS2,0,VisionIAS,link,0,https://cdn.visionias.in/toppersanswerbooklet/6b67e-379894_4511_yogendra-kumar_rank_286.pdf
1845,Yogendra Kumar,286,2025,GS3,0,VisionIAS,link,0,https://cdn.visionias.in/toppersanswerbooklet/ef11e-379894_4512_yogendra-kumar_rank_286.pdf
2352,Yugal Kapse,535,2023,Optional — Anthropology,1,Level Up IAS,submission,0,https://drive.google.com/file/d/15Ow7f-0pCxIO6fO-aHZxQNy71tvtLKA9/view
917,Zinnia,,,Essay,0,Vision,upsckata,3,https://cdn.visionias.in/toppersanswerbooklet/690b0-1347890_3128_zinnia_arora_rank_06.pdf
1512,Zinnia Arora,6,2025,Essay,0,VisionIAS,link,0,https://cdn.visionias.in/toppersanswerbooklet/690b0-1347890_3128_zinnia_arora_rank_06.pdf
2162,Zinnia Arora,156,2024,Essay,0,VisionIAS,link,0,https://cdn.visionias.in/toppersanswerbooklet/f243b-1347890_3128_zinnia_arora_rank_156.pdf
1507,Zinnia Arora,6,2025,GS1,0,VisionIAS,link,0,https://cdn.visionias.in/toppersanswerbooklet/2dd3a-1347890_2928_zinnia_arora_rank_06.pdf
1509,Zinnia Arora,6,2025,GS2,0,VisionIAS,link,0,https://cdn.visionias.in/toppersanswerbooklet/81577-1347890_4511_zinnia_arora_rank_06.pdf
918,Zinnia Arora,,,GS3,0,Vision,upsckata,20,https://cdn.visionias.in/toppersanswerbooklet/bd4aa-1347890_2930_zinnia_arora_rank_06.pdf
1508,Zinnia Arora,6,2025,GS3,0,VisionIAS,link,0,https://cdn.visionias.in/toppersanswerbooklet/bd4aa-1347890_2930_zinnia_arora_rank_06.pdf
1510,Zinnia Arora,6,2025,GS4,0,VisionIAS,link,0,https://cdn.visionias.in/toppersanswerbooklet/85704-1347890_2931_zinnia_arora_rank_06.pdf
1511,Zinnia Arora,6,2025,GS4,0,VisionIAS,link,0,https://cdn.visionias.in/toppersanswerbooklet/dd048-1347890_4513_zinnia_arora_rank_06.pdf
919,Zinnia Aurora,6,2025,Essay,0,Forumias,upsckata,2,https://forumias.com/blog/wp-content/uploads/2026/03/ZINNIA-AURORA-UPSC-IAS-2025-Toppers-AIR-6-Sample-EGP-Copy-1.pdf
1067,Zinnia Aurora,6,2025,Essay,0,UnlockIAS,link,0,https://drive.google.com/file/d/1_9BStbelzLugmmGSyUhK5nrJERSSclIL/view
923,Zinnia Aurora,,,GS1,0,Vision,upsckata,20,https://cdn.visionias.in/toppersanswerbooklet/2dd3a-1347890_2928_zinnia_arora_rank_06.pdf
1169,Zinnia Aurora,6,2025,GS1,0,UnlockIAS,link,0,https://drive.google.com/file/d/1dAgXc2Wnz-b3RC1Z24gYzZVLcMqjHibO/view
2163,Zinnia Aurora,156,2024,GS1,0,VisionIAS,link,0,https://cdn.visionias.in/toppersanswerbooklet/9384b-1347890_2928_zinnia_aurora_156.pdf
2164,Zinnia Aurora,156,2024,GS1,0,VisionIAS,link,0,https://cdn.visionias.in/toppersanswerbooklet/86dfd-1347890_2929_zinnia_aurora_156.pdf
920,Zinnia Aurora,6,2025,GS2,0,Forumias,upsckata,17,https://forumias.com/blog/wp-content/uploads/2026/03/ZINNIA-AURORA-UPSC-IAS-2025-Toppers-AIR-6-Sample-MGP-Copy-1.pdf
924,Zinnia Aurora,,,GS2,0,Vision,upsckata,20,https://cdn.visionias.in/toppersanswerbooklet/81577-1347890_4511_zinnia_arora_rank_06.pdf
921,Zinnia Aurora,,,GS4,0,Visionias,upsckata,24,https://cdn.visionias.in/toppersanswerbooklet/85704-1347890_2931_zinnia_arora_rank_06.pdf
922,Zinnia Aurora,,,GS4,0,Vision,upsckata,23,https://cdn.visionias.in/toppersanswerbooklet/dd048-1347890_4513_zinnia_arora_rank_06.pdf
2646,Zinnia Aurora,6,2025,Optional — PSIR,1,VisionIAS,submission,0,https://cdn.visionias.in/toppersanswerbooklet/2da14-1347890_3110_zinnia_aurora_156.pdf
2349,Zohra Banu,469,2023,Optional — Anthropology,1,Level Up IAS,submission,0,https://drive.google.com/file/d/1mtdVBVzFPriN0XcZzi9FKBtUzR86U8k2/view
2304,Zufishan Haque,34,2023,Optional — Anthropology,1,Level Up IAS,submission,0,https://drive.google.com/file/d/1jYxYdON72a4kRqfZD-EZQTpsPu3ljciJ/view
