topper,coaching,subject,page_number,question,metadata,url
Zinnia Aurora,VisionIAS,GS1,6,How does tribal art provide valuable insights into the cultural perspectives and values of Indian tribal communities? (Answer in 150 words),"Type: question, Word limit: 150, Marks: ",https://cdn.visionias.in/toppersanswerbooklet/9384b-1347890_2928_zinnia_aurora_156.pdf#page=6
Zinnia Aurora,VisionIAS,GS1,10,What are the key factors that accelerated decolonization post-World War II? (Answer in 150 words),"Type: question, Word limit: 150, Marks: ",https://cdn.visionias.in/toppersanswerbooklet/9384b-1347890_2928_zinnia_aurora_156.pdf#page=10
Zinnia Aurora,VisionIAS,GS1,12,How does human encroachment impact water bodies in urban areas? (Answer in 150 words),"Type: question, Word limit: 150, Marks: ",https://cdn.visionias.in/toppersanswerbooklet/9384b-1347890_2928_zinnia_aurora_156.pdf#page=12
Zinnia Aurora,VisionIAS,GS1,14,How do physical geographical features influence the development and operation of transportation systems? (Answer in 150 words),"Type: question, Word limit: 150, Marks: ",https://cdn.visionias.in/toppersanswerbooklet/9384b-1347890_2928_zinnia_aurora_156.pdf#page=14
Zinnia Aurora,VisionIAS,GS1,16,How are ocean trenches formed? Describe the significant characteristics of these oceanic relief formations. (Answer in 150words),"Type: question, Word limit: 150, Marks: ",https://cdn.visionias.in/toppersanswerbooklet/9384b-1347890_2928_zinnia_aurora_156.pdf#page=16
Zinnia Aurora,VisionIAS,GS1,18,Identify the reasons behind increasing number of extreme rainfall events throughout India in recent times. Assess their socio-economic impact. (Answer in 150 words),"Type: question, Word limit: 150, Marks: ",https://cdn.visionias.in/toppersanswerbooklet/9384b-1347890_2928_zinnia_aurora_156.pdf#page=18
Zinnia Aurora,VisionIAS,GS1,20,India is expected to have the largest working-age population in the world by 2030 and it cannot afford low participation of women in the workforce anymore. Discuss. (Answer in 150 words),"Type: question, Word limit: 150, Marks: ",https://cdn.visionias.in/toppersanswerbooklet/9384b-1347890_2928_zinnia_aurora_156.pdf#page=20
Zinnia Aurora,VisionIAS,GS1,22,Do you agree that there has been a progressive secularization of caste in India? Support your view with relevant examples. (Answer in 150 words),"Type: question, Word limit: 150, Marks: ",https://cdn.visionias.in/toppersanswerbooklet/9384b-1347890_2928_zinnia_aurora_156.pdf#page=22
Zinnia Aurora,VisionIAS,GS1,24,Why is inequality increasing in India despite the fall in overall poverty? (Answer in 150 words),"Type: question, Word limit: 150, Marks: ",https://cdn.visionias.in/toppersanswerbooklet/9384b-1347890_2928_zinnia_aurora_156.pdf#page=24
Zinnia Aurora,VisionIAS,GS1,26,"How did the competitive and hostile dynamic between Brahminism and Buddhism over funding, followers, and ideology mark the decline of Buddhism? (Answer in 250 words)","Type: question, Word limit: 250, Marks: ",https://cdn.visionias.in/toppersanswerbooklet/9384b-1347890_2928_zinnia_aurora_156.pdf#page=26
Zinnia Aurora,VisionIAS,GS1,29,European travellers' accounts in the medieval period have played an important role in shaping our understanding of the empires and people of that period in India. Comment. (Answer in 250 words),"Type: question, Word limit: 250, Marks: ",https://cdn.visionias.in/toppersanswerbooklet/9384b-1347890_2928_zinnia_aurora_156.pdf#page=29
Zinnia Aurora,VisionIAS,GS1,32,The British victory in the Battle of Plassey in 1757 not just changed the course of history but also that of the world. Discuss. (Answer in 250 words),"Type: question, Word limit: 250, Marks: ",https://cdn.visionias.in/toppersanswerbooklet/9384b-1347890_2928_zinnia_aurora_156.pdf#page=32
Zinnia Aurora,VisionIAS,GS1,35,Why was it more difficult to rehabilitate refugees in West Bengal as compared to Punjab after partition? (Answer in 250 words),"Type: question, Word limit: 250, Marks: ",https://cdn.visionias.in/toppersanswerbooklet/9384b-1347890_2928_zinnia_aurora_156.pdf#page=35
Zinnia Aurora,VisionIAS,GS1,38,Discuss the economic and social costs associated with the transition from coal to green energy in India. (Answer in 250 words),"Type: question, Word limit: 250, Marks: ",https://cdn.visionias.in/toppersanswerbooklet/9384b-1347890_2928_zinnia_aurora_156.pdf#page=38
Zinnia Aurora,VisionIAS,GS1,41,Explain the process of formation of volcanic calderas. How do they contribute to the scenic beauty of the region? (Answer in 250 words),"Type: question, Word limit: 250, Marks: ",https://cdn.visionias.in/toppersanswerbooklet/9384b-1347890_2928_zinnia_aurora_156.pdf#page=41
Zinnia Aurora,VisionIAS,GS1,44,What are the reasons behind the increased frequency and intensity of heat waves globally? How will it impact global food security? (Answer in 250 words),"Type: question, Word limit: 250, Marks: ",https://cdn.visionias.in/toppersanswerbooklet/9384b-1347890_2928_zinnia_aurora_156.pdf#page=44
Zinnia Aurora,VisionIAS,GS1,50,India's approach to secularism does not merely challenge inter-religious domination but intra-religious domination as well. Discuss. (Answer in 250 words),"Type: question, Word limit: 250, Marks: ",https://cdn.visionias.in/toppersanswerbooklet/9384b-1347890_2928_zinnia_aurora_156.pdf#page=50
Zinnia Aurora,VisionIAS,GS1,53,Do you agree with the view that Indian cities are turning into landscapes of stark inequality and social exclusion? What steps can be taken to make urban areas more egalitarian in India? (Answer in 250 words),"Type: question, Word limit: 250, Marks: ",https://cdn.visionias.in/toppersanswerbooklet/9384b-1347890_2928_zinnia_aurora_156.pdf#page=53
Srajit Kumar,NextIAS,Essay,7,The art of progress is to preserve order amid change and to preserve change amid order.,"Type: question, Word limit: , Marks: ",https://cdnstatic.nextias.com/newuploads/Nextias/2026/3/GSMACT24A1558_TC063.pdf#page=7
Srajit Kumar,NextIAS,Essay,7,The world is a gymnasium where we come to make ourselves strong.,"Type: question, Word limit: , Marks: ",https://cdnstatic.nextias.com/newuploads/Nextias/2026/3/GSMACT24A1558_TC063.pdf#page=7
Srajit Kumar,NextIAS,Essay,7,The greatest risk is to risk nothing at all.,"Type: question, Word limit: , Marks: ",https://cdnstatic.nextias.com/newuploads/Nextias/2026/3/GSMACT24A1558_TC063.pdf#page=7
Srajit Kumar,NextIAS,Essay,7,The strength of a nation derives from the integrity of home.,"Type: question, Word limit: , Marks: ",https://cdnstatic.nextias.com/newuploads/Nextias/2026/3/GSMACT24A1558_TC063.pdf#page=7
Srajit Kumar,NextIAS,Essay,20,"Geopolitics affects every country, whether at war or at peace.","Type: question, Word limit: , Marks: ",https://cdnstatic.nextias.com/newuploads/Nextias/2026/3/GSMACT24A1558_TC063.pdf#page=20
Srajit Kumar,NextIAS,Essay,20,It is time for moving towards gender equality in climate change.,"Type: question, Word limit: , Marks: ",https://cdnstatic.nextias.com/newuploads/Nextias/2026/3/GSMACT24A1558_TC063.pdf#page=20
Srajit Kumar,NextIAS,Essay,20,"Migration continues to be part of the solution in a rapidly changing world, but challenges remain.","Type: question, Word limit: , Marks: ",https://cdnstatic.nextias.com/newuploads/Nextias/2026/3/GSMACT24A1558_TC063.pdf#page=20
Srajit Kumar,NextIAS,Essay,20,Employment is the crucial link between growth and prosperity.,"Type: question, Word limit: , Marks: ",https://cdnstatic.nextias.com/newuploads/Nextias/2026/3/GSMACT24A1558_TC063.pdf#page=20
Arpit Gupta,VisionIAS,GS1,3,Dadabhai Naoroji left an indelible imprint on the national movement. Explain. (150 words),"Type: question, Word limit: 150, Marks: ",https://cdn.visionias.in/toppersanswerbooklet/17482-638107_1417_arpit-gupta_rank_54.pdf#page=3
Arpit Gupta,VisionIAS,GS1,5,The Quit India movement marked a new direction in the struggle against the British colonial rule in India. Analyse. (150 words),"Type: question, Word limit: 150, Marks: ",https://cdn.visionias.in/toppersanswerbooklet/17482-638107_1417_arpit-gupta_rank_54.pdf#page=5
Arpit Gupta,VisionIAS,GS1,7,The end of World War II marked the birth of a new international order. Examine. (150 words),"Type: question, Word limit: 150, Marks: ",https://cdn.visionias.in/toppersanswerbooklet/17482-638107_1417_arpit-gupta_rank_54.pdf#page=7
Arpit Gupta,VisionIAS,GS1,9,The Simla Agreement (1972) and Lahore Declaration (1999) are two key milestones in the history of the Indian subcontinent. Discuss. (150 words),"Type: question, Word limit: 150, Marks: ",https://cdn.visionias.in/toppersanswerbooklet/17482-638107_1417_arpit-gupta_rank_54.pdf#page=9
Arpit Gupta,VisionIAS,GS1,11,Social security should not only involve economic empowerment but also social empowerment. Discuss in the context of India. (150 words),"Type: question, Word limit: 150, Marks: ",https://cdn.visionias.in/toppersanswerbooklet/17482-638107_1417_arpit-gupta_rank_54.pdf#page=11
Arpit Gupta,VisionIAS,GS1,13,Explain with examples how globalisation is manifested in both local in the global and the global in the local. (150 words),"Type: question, Word limit: 150, Marks: ",https://cdn.visionias.in/toppersanswerbooklet/17482-638107_1417_arpit-gupta_rank_54.pdf#page=13
Arpit Gupta,VisionIAS,GS1,15,"In light of persistence of various forms of violence against women in India, discuss the ways in which the issue can be addressed effectively. (150 words)","Type: question, Word limit: 150, Marks: ",https://cdn.visionias.in/toppersanswerbooklet/17482-638107_1417_arpit-gupta_rank_54.pdf#page=15
Arpit Gupta,VisionIAS,GS1,17,What is an urban forest? Highlight its benefits and steps taken by the government to promote urban forestry in India. (150 words),"Type: question, Word limit: 150, Marks: ",https://cdn.visionias.in/toppersanswerbooklet/17482-638107_1417_arpit-gupta_rank_54.pdf#page=17
Arpit Gupta,VisionIAS,GS1,19,How has globalization impacted the location of the IT industry? (150 words),"Type: question, Word limit: 150, Marks: ",https://cdn.visionias.in/toppersanswerbooklet/17482-638107_1417_arpit-gupta_rank_54.pdf#page=19
Arpit Gupta,VisionIAS,GS1,21,How can eco-tourism be used to sustainably harness the potential of tourism industry in India? Discuss the challenges and steps taken by the government in this context. (150 words),"Type: question, Word limit: 150, Marks: ",https://cdn.visionias.in/toppersanswerbooklet/17482-638107_1417_arpit-gupta_rank_54.pdf#page=21
Arpit Gupta,VisionIAS,GS1,23,The advent of Buddhism and Jainism was instrumental in the development of architecture in ancient India. Discuss. (250 words),"Type: question, Word limit: 250, Marks: ",https://cdn.visionias.in/toppersanswerbooklet/17482-638107_1417_arpit-gupta_rank_54.pdf#page=23
Arpit Gupta,VisionIAS,GS1,26,The reactionary policies of Lord Lytton and the liberal policies of his successor Lord Rippon acted as catalyst in the formation of the Indian National Congress. Discuss. (250 words),"Type: question, Word limit: 250, Marks: ",https://cdn.visionias.in/toppersanswerbooklet/17482-638107_1417_arpit-gupta_rank_54.pdf#page=26
Arpit Gupta,VisionIAS,GS1,29,Gandhiji changed his methods of struggle against the British from time-to-time to suit the varied circumstances and problems that needed to be tackled. Analyse. (250 words),"Type: question, Word limit: 250, Marks: ",https://cdn.visionias.in/toppersanswerbooklet/17482-638107_1417_arpit-gupta_rank_54.pdf#page=29
Arpit Gupta,VisionIAS,GS1,32,Bring out the relationship between the industrial revolution and the advent of imperialism in different parts of the world. (250 words),"Type: question, Word limit: 250, Marks: ",https://cdn.visionias.in/toppersanswerbooklet/17482-638107_1417_arpit-gupta_rank_54.pdf#page=32
Arpit Gupta,VisionIAS,GS1,35,The caste system in India has continued to persist by adapting itself to a variety of changing socio-economic and political conditions in the past few decades. Discuss. (250 words),"Type: question, Word limit: 250, Marks: ",https://cdn.visionias.in/toppersanswerbooklet/17482-638107_1417_arpit-gupta_rank_54.pdf#page=35
Arpit Gupta,VisionIAS,GS1,38,It is argued by some that regionalism is a threat to national integrity while others consider it as a highly impactful tool in facilitating political participation. Discuss. (250 words),"Type: question, Word limit: 250, Marks: ",https://cdn.visionias.in/toppersanswerbooklet/17482-638107_1417_arpit-gupta_rank_54.pdf#page=38
Arpit Gupta,VisionIAS,GS1,44,"Describe the process of rift valley formation, with special emphasis on the Great Rift Valley System. (250 words)","Type: question, Word limit: 250, Marks: ",https://cdn.visionias.in/toppersanswerbooklet/17482-638107_1417_arpit-gupta_rank_54.pdf#page=44
Arpit Gupta,VisionIAS,GS1,47,"India's water resources have witnessed rapid depletion due to a mix of economic, geographic, and political factors. Explain and discuss its implications. (250 words)","Type: question, Word limit: 250, Marks: ",https://cdn.visionias.in/toppersanswerbooklet/17482-638107_1417_arpit-gupta_rank_54.pdf#page=47
Arpit Gupta,VisionIAS,GS1,50,"How are plateaus formed? Also, briefly discuss the features of the Deccan plateau and its economic significance. (250 words)","Type: question, Word limit: 250, Marks: ",https://cdn.visionias.in/toppersanswerbooklet/17482-638107_1417_arpit-gupta_rank_54.pdf#page=50
Hardik,VisionIAS,GS1,3,Discuss the need of an Independent Fiscal Council (IFC) in bringing about transparency and accountability in fiscal processes in India. (150 words),"Type: question, Word limit: 150, Marks: ",https://cdn.visionias.in/toppersanswerbooklet/67901-429074_1244_hardik_rank_96.pdf#page=3
Hardik,VisionIAS,GS1,5,"Recognizing the potential of exports in generating employment, a number of steps need to be taken to address India's weakening export competitiveness. Analyze. (150 words)","Type: question, Word limit: 150, Marks: ",https://cdn.visionias.in/toppersanswerbooklet/67901-429074_1244_hardik_rank_96.pdf#page=5
Hardik,VisionIAS,GS1,7,"Highlighting the main features of National Mineral Policy, 2019, discuss how it can help in ensuring sustainable and responsible mining. (150 words)","Type: question, Word limit: 150, Marks: ",https://cdn.visionias.in/toppersanswerbooklet/67901-429074_1244_hardik_rank_96.pdf#page=7
Hardik,VisionIAS,GS1,9,"Highlighting the salient features of the PM JI-VAN Yojana, analyze how it can assist in achieving the vision and goals of the National Policy on Biofuels, 2018. (150 words)","Type: question, Word limit: 150, Marks: ",https://cdn.visionias.in/toppersanswerbooklet/67901-429074_1244_hardik_rank_96.pdf#page=9
Hardik,VisionIAS,GS1,11,Zero Budget Natural Farming (ZBNF) provides an alternative to capital and chemical intensive agriculture currently being practiced in India. Analyze. (150 words),"Type: question, Word limit: 150, Marks: ",https://cdn.visionias.in/toppersanswerbooklet/67901-429074_1244_hardik_rank_96.pdf#page=11
Hardik,VisionIAS,GS1,13,"Marine life is facing 'irreparable damage' from the millions of tonnes of plastic waste which ends up in the oceans each year. In this context, examine the implications of plastic pollution on marine ecosystem and suggest some measures for addressing this problem. (150 words)","Type: question, Word limit: 150, Marks: ",https://cdn.visionias.in/toppersanswerbooklet/67901-429074_1244_hardik_rank_96.pdf#page=13
Hardik,VisionIAS,GS1,17,What are black holes? Highlight the challenges in imaging a black hole? How were these challenges overcome by the Event Horizon Telescope project? (150 words),"Type: question, Word limit: 150, Marks: ",https://cdn.visionias.in/toppersanswerbooklet/67901-429074_1244_hardik_rank_96.pdf#page=17
Hardik,VisionIAS,GS1,19,"While mentioning the objectives of the Arms Trade Treaty (ATT), discuss the challenges which are hindering the utilization of the ATT to its full potential. (150 words)","Type: question, Word limit: 150, Marks: ",https://cdn.visionias.in/toppersanswerbooklet/67901-429074_1244_hardik_rank_96.pdf#page=19
Hardik,VisionIAS,GS1,21,"Threats to internal security of India may be posed both through the communication networks and also to the networks. Discuss. Also, highlight the steps taken by the government in making the networks more secure. (150 words)","Type: question, Word limit: 150, Marks: ",https://cdn.visionias.in/toppersanswerbooklet/67901-429074_1244_hardik_rank_96.pdf#page=21
Hardik,VisionIAS,GS1,23,Highlight the importance and challenges related to integration of Variable Renewable Energy (VRE) in India. Mention some steps that can be taken for its smooth integration with the synchronized Indian grid. (250 words),"Type: question, Word limit: 250, Marks: ",https://cdn.visionias.in/toppersanswerbooklet/67901-429074_1244_hardik_rank_96.pdf#page=23
Hardik,VisionIAS,GS1,26,"There have been arguments that India could fall into a 'middle income trap'. Explaining the phenomenon, highlight the reasons behind such arguments. How can India avoid it? (250 words)","Type: question, Word limit: 250, Marks: ",https://cdn.visionias.in/toppersanswerbooklet/67901-429074_1244_hardik_rank_96.pdf#page=26
Hardik,VisionIAS,GS1,29,"Highlighting its importance, discuss the major issues that plague effective monetary policy transmission in India. Also, mention the steps taken by RBI to improve it. (250 words)","Type: question, Word limit: 250, Marks: ",https://cdn.visionias.in/toppersanswerbooklet/67901-429074_1244_hardik_rank_96.pdf#page=29
Hardik,VisionIAS,GS1,32,Highlight the constraints faced by rainfed agriculture in India. Discuss some agronomic practices that can be adopted for stabilizing agricultural production in rainfed areas. (250 words),"Type: question, Word limit: 250, Marks: ",https://cdn.visionias.in/toppersanswerbooklet/67901-429074_1244_hardik_rank_96.pdf#page=32
Hardik,VisionIAS,GS1,35,"Despite the steps taken by the government in recent years, a number of problems continue to persist in the urea sector in India. Discuss. What reforms should be taken to address the persisting problems? (250 words)","Type: question, Word limit: 250, Marks: ",https://cdn.visionias.in/toppersanswerbooklet/67901-429074_1244_hardik_rank_96.pdf#page=35
Hardik,VisionIAS,GS1,38,"What is Access and Benefit Sharing? Explain how it aids in sustainable use of biodiversity. Also, mention the different global and national level mechanisms for ensuring Access and Benefit Sharing. (250 words)","Type: question, Word limit: 250, Marks: ",https://cdn.visionias.in/toppersanswerbooklet/67901-429074_1244_hardik_rank_96.pdf#page=38
Hardik,VisionIAS,GS1,41,"Stating the significance, discuss the challenges in achieving disaster resilience of infrastructure. Suggest some ways for mainstreaming it in the development paradigm. (250 words)","Type: question, Word limit: 250, Marks: ",https://cdn.visionias.in/toppersanswerbooklet/67901-429074_1244_hardik_rank_96.pdf#page=41
Hardik,VisionIAS,GS1,44,"Highlighting the significance of data localization for India, discuss various challenges associated with data localization. (250 words)","Type: question, Word limit: 250, Marks: ",https://cdn.visionias.in/toppersanswerbooklet/67901-429074_1244_hardik_rank_96.pdf#page=44
Hardik,VisionIAS,GS1,47,Money Laundering as a socio economic offence is a menace especially for developing countries like India. Comment. What measures have been taken at the domestic and international levels to deal with this menace? (250 words),"Type: question, Word limit: 250, Marks: ",https://cdn.visionias.in/toppersanswerbooklet/67901-429074_1244_hardik_rank_96.pdf#page=47
Hardik,VisionIAS,GS1,50,The primary motive of terrorism differs from that of organised crime but there exists a symbiotic relationship between the two. Discuss. (250 words),"Type: question, Word limit: 250, Marks: ",https://cdn.visionias.in/toppersanswerbooklet/67901-429074_1244_hardik_rank_96.pdf#page=50
Raghav Jhunjhunwala,NextIAS,GS4,8,"Do you agree that ethical governance encompasses more than just clean administration, it involves inclusive, participatory, and value-driven governance? Suggest implementable measures to institutionalise ethical governance in India. (Answer in 150 words)","Type: question, Word limit: 150, Marks: 10",https://cdnstatic.nextias.com/newuploads/Nextias/2026/3/GSMACT24A1055_FLT2504.pdf#page=8
Raghav Jhunjhunwala,NextIAS,GS4,10,"Administrative ethics often involve tension between legality and morality. As a public administrator, how would you handle a situation where legal compliance contradicts moral responsibility? Illustrate with an example. (Answer in 150 words)","Type: question, Word limit: 150, Marks: 10",https://cdnstatic.nextias.com/newuploads/Nextias/2026/3/GSMACT24A1055_FLT2504.pdf#page=10
Raghav Jhunjhunwala,NextIAS,GS4,12,"In public administration, ethical decision-making is shaped by multiple frameworks. How does a deontological or duty-based ethical approach differ from consequentialist theories such as utilitarianism in administrative practice? Illustrate your answer with an example of a moral dilemma in governance. (Answer in 150 words)","Type: question, Word limit: 150, Marks: 10",https://cdnstatic.nextias.com/newuploads/Nextias/2026/3/GSMACT24A1055_FLT2504.pdf#page=12
Raghav Jhunjhunwala,NextIAS,GS4,13,"With the growing reliance on digital governance and AI systems, concerns about fairness, transparency, and accountability have intensified. Are the foundational values of public service sufficient to address these challenges, or do we require new ethical frameworks for the digital era? Explain with an example. (Answer in 150 words)","Type: question, Word limit: 150, Marks: 10",https://cdnstatic.nextias.com/newuploads/Nextias/2026/3/GSMACT24A1055_FLT2504.pdf#page=13
Raghav Jhunjhunwala,NextIAS,GS4,15,"Emotional intelligence (EI) is increasingly regarded as essential for effective public service. Do you agree that EI enhances ethical decision-making and administrative performance, especially in high-pressure sectors such as policing or disaster response? Support your answer with a relevant example. (Answer in 150 words)","Type: question, Word limit: 150, Marks: 10",https://cdnstatic.nextias.com/newuploads/Nextias/2026/3/GSMACT24A1055_FLT2504.pdf#page=15
Raghav Jhunjhunwala,NextIAS,GS4,17,"Ethical guidance in public administration stems from various sources, laws, rules, regulations, and personal conscience. These sources may not always align. In such cases, what ethical approach should a public servant adopt to resolve the conflict? Illustrate with examples. (Answer in 150 words)","Type: question, Word limit: 150, Marks: 10",https://cdnstatic.nextias.com/newuploads/Nextias/2026/3/GSMACT24A1055_FLT2504.pdf#page=17
Raghav Jhunjhunwala,NextIAS,GS4,23,"Q.5 (a) ""Governance must be built not only on institutions, but also on ideas."" In this context, discuss the philosophical foundations that should underpin ethical governance. How do these ideas contribute to ensuring probity in public life? (Answer in 150 words)","Type: question (salvaged), Word limit: 150, Marks: 10",https://cdnstatic.nextias.com/newuploads/Nextias/2026/3/GSMACT24A1055_FLT2504.pdf#page=23
Raghav Jhunjhunwala,NextIAS,GS4,25,"""In a deeply unequal world, ethical foreign policy is not idealism, it is realism with conscience."" Do you agree? Discuss the ethical responsibilities of a nation-state in its conduct with other states and international bodies. Use examples from global practice. (Answer in 150 words)","Type: question, Word limit: 150, Marks: 10",https://cdnstatic.nextias.com/newuploads/Nextias/2026/3/GSMACT24A1055_FLT2504.pdf#page=25
Raghav Jhunjhunwala,NextIAS,GS4,27,"""How selfish soever man may be supposed, there are evidently some principles in his nature, which interest him in the fortune of others."" Adam Smith (Answer in 150 words)","Type: question, Word limit: 150, Marks: 10",https://cdnstatic.nextias.com/newuploads/Nextias/2026/3/GSMACT24A1055_FLT2504.pdf#page=27
Raghav Jhunjhunwala,NextIAS,GS4,33,What are her potential options? Which option is most appropriate and why?,"Type: question, Word limit: , Marks: ",https://cdnstatic.nextias.com/newuploads/Nextias/2026/3/GSMACT24A1055_FLT2504.pdf#page=33
Deepali Mahto,NextIAS,Essay,7,"If it costs you your peace, it is too expensive.","Type: question, Word limit: , Marks: ",https://cdnstatic.nextias.com/newuploads/Nextias/2026/3/GSMACT24A1216_TC061.pdf#page=7
Deepali Mahto,NextIAS,Essay,7,"In the flood of data, the thirst still remains.","Type: question, Word limit: , Marks: ",https://cdnstatic.nextias.com/newuploads/Nextias/2026/3/GSMACT24A1216_TC061.pdf#page=7
Deepali Mahto,NextIAS,Essay,7,A star has to burn to give light to others but that's what stars are meant for.,"Type: question, Word limit: , Marks: ",https://cdnstatic.nextias.com/newuploads/Nextias/2026/3/GSMACT24A1216_TC061.pdf#page=7
Deepali Mahto,NextIAS,Essay,7,"The ultimate measure of a man is not where he stands in moments of comfort and convenience, but where he stands at times of challenge and controversy.","Type: question, Word limit: , Marks: ",https://cdnstatic.nextias.com/newuploads/Nextias/2026/3/GSMACT24A1216_TC061.pdf#page=7
Deepali Mahto,NextIAS,Essay,8,"Civilization begins with order, grows with liberty, and dies with chaos.","Type: question, Word limit: , Marks: ",https://cdnstatic.nextias.com/newuploads/Nextias/2026/3/GSMACT24A1216_TC061.pdf#page=8
Deepali Mahto,NextIAS,Essay,8,A single drop never feels responsible for the flood.,"Type: question, Word limit: , Marks: ",https://cdnstatic.nextias.com/newuploads/Nextias/2026/3/GSMACT24A1216_TC061.pdf#page=8
Deepali Mahto,NextIAS,Essay,8,Never does nature say one thing and wisdom another.,"Type: question, Word limit: , Marks: ",https://cdnstatic.nextias.com/newuploads/Nextias/2026/3/GSMACT24A1216_TC061.pdf#page=8
Deepali Mahto,NextIAS,Essay,8,"Present demonstrates the lessons of history, albeit the hard way.","Type: question, Word limit: , Marks: ",https://cdnstatic.nextias.com/newuploads/Nextias/2026/3/GSMACT24A1216_TC061.pdf#page=8
Amritpal Kaur,VisionIAS,GS1,7,The Comptroller and Auditor General of India (CAG) is more than just the keeper of our national accounts; it is also a conscience-keeper and a watchdog. Examine the statement in light of making the auditing process more effective. (150 words),"Type: question, Word limit: 150, Marks: ",https://cdn.visionias.in/toppersanswerbooklet/411586_1071_Amritpal_Kaur_Rank_44.pdf#page=7
Amritpal Kaur,VisionIAS,GS1,9,The concern for transparency in political funding is at odds with the Electoral Bond Scheme notified by the government. Critically discuss. (150 words),"Type: question, Word limit: 150, Marks: ",https://cdn.visionias.in/toppersanswerbooklet/411586_1071_Amritpal_Kaur_Rank_44.pdf#page=9
Amritpal Kaur,VisionIAS,GS1,11,"Lobbying in India exists in a perennially grey legal and policy arena. In this context, discuss the need to formally recognize and regulate lobbying in India. (150 words)","Type: question, Word limit: 150, Marks: ",https://cdn.visionias.in/toppersanswerbooklet/411586_1071_Amritpal_Kaur_Rank_44.pdf#page=11
Amritpal Kaur,VisionIAS,GS1,13,"More than a decade after it was passed, the implementation of the RTI Act leaves much to be desired. Comment. Also discuss the issues associated with the recent proposals to amend the RTI Act. (150 words)","Type: question, Word limit: 150, Marks: ",https://cdn.visionias.in/toppersanswerbooklet/411586_1071_Amritpal_Kaur_Rank_44.pdf#page=13
Amritpal Kaur,VisionIAS,GS1,15,Critically discuss the evolving policy on reservation in promotions in India with special focus on its ability to meet the objectives of social justice. (150 words),"Type: question, Word limit: 150, Marks: ",https://cdn.visionias.in/toppersanswerbooklet/411586_1071_Amritpal_Kaur_Rank_44.pdf#page=15
Amritpal Kaur,VisionIAS,GS1,17,"India produces enough food for its people, but not all people get enough food to eat. Discussing this paradox, highlight some of the major interventions taken in the past few years in this regard. (150 words)","Type: question, Word limit: 150, Marks: ",https://cdn.visionias.in/toppersanswerbooklet/411586_1071_Amritpal_Kaur_Rank_44.pdf#page=17
Amritpal Kaur,VisionIAS,GS1,19,"India sees Indian Ocean as not just a water body, but a global stage for continued economic, social, and cultural dialogue. Elaborate.(150 words)","Type: question, Word limit: 150, Marks: ",https://cdn.visionias.in/toppersanswerbooklet/411586_1071_Amritpal_Kaur_Rank_44.pdf#page=19
Amritpal Kaur,VisionIAS,GS1,21,"In the context of India taking greater responsibility in management of the global commons, there has been a shift in India's climate change negotiation stance. In this context, analyze the evolution of India's climate policy. (150 words)","Type: question, Word limit: 150, Marks: ",https://cdn.visionias.in/toppersanswerbooklet/411586_1071_Amritpal_Kaur_Rank_44.pdf#page=21
Amritpal Kaur,VisionIAS,GS1,23,"Highlighting the constitutional role of the Finance Commission (FC), discuss the issues which are being debated w.r.t. terms of reference (ToR) of the 15th Finance Commission. (250 words)","Type: question, Word limit: 250, Marks: ",https://cdn.visionias.in/toppersanswerbooklet/411586_1071_Amritpal_Kaur_Rank_44.pdf#page=23
Amritpal Kaur,VisionIAS,GS1,26,"The spirit of the constitution of India represents a synthesis of Indian values, democratic and socialist movements in west and our independence movement. Elucidate. (250 words)","Type: question, Word limit: 250, Marks: ",https://cdn.visionias.in/toppersanswerbooklet/411586_1071_Amritpal_Kaur_Rank_44.pdf#page=26
Amritpal Kaur,VisionIAS,GS1,29,What is the importance of an independent judiciary in a democracy? Highlight the safeguards in our political-constitutional setup to ensure the independence of judiciary. (250 words),"Type: question, Word limit: 250, Marks: ",https://cdn.visionias.in/toppersanswerbooklet/411586_1071_Amritpal_Kaur_Rank_44.pdf#page=29
Amritpal Kaur,VisionIAS,GS1,32,"Even though Indian federalism has matured quite a bit, with states having far greater control of their economic and political management, serious structural problems still remain. Discuss. (250 words)","Type: question, Word limit: 250, Marks: ",https://cdn.visionias.in/toppersanswerbooklet/411586_1071_Amritpal_Kaur_Rank_44.pdf#page=32
Amritpal Kaur,VisionIAS,GS1,35,"The recent amendments to the Prevention of Corruption Act, 1988 strike a balance between enforcement overzealousness and the need for stringent action against corrupt public servants. Discuss. (250 words)","Type: question, Word limit: 250, Marks: ",https://cdn.visionias.in/toppersanswerbooklet/411586_1071_Amritpal_Kaur_Rank_44.pdf#page=35
Amritpal Kaur,VisionIAS,GS1,38,"Identifying the various issues plaguing the voluntary sector in India, discuss the need for a national accreditation agency to overcome them. Discuss. (250 words)","Type: question, Word limit: 250, Marks: ",https://cdn.visionias.in/toppersanswerbooklet/411586_1071_Amritpal_Kaur_Rank_44.pdf#page=38
Amritpal Kaur,VisionIAS,GS1,41,"Given the importance of a teacher in affecting the learning outcomes of children, discuss the problems in the present system of teacher training in India. How can these be addressed? (250 words)","Type: question, Word limit: 250, Marks: ",https://cdn.visionias.in/toppersanswerbooklet/411586_1071_Amritpal_Kaur_Rank_44.pdf#page=41
Amritpal Kaur,VisionIAS,GS1,44,The implementation of a scheme with such scale and benefit as Ayushman Bharat is likely to face many obstacles. Critically discuss. (250 words),"Type: question, Word limit: 250, Marks: ",https://cdn.visionias.in/toppersanswerbooklet/411586_1071_Amritpal_Kaur_Rank_44.pdf#page=44
Amritpal Kaur,VisionIAS,GS1,47,"Given the fact that India cannot match China's financial clout, it is seen to be diversifying the ways in which it can enhance cooperation and promote its diplomatic profile in Africa. Discuss. (250 words)","Type: question, Word limit: 250, Marks: ",https://cdn.visionias.in/toppersanswerbooklet/411586_1071_Amritpal_Kaur_Rank_44.pdf#page=47
Amritpal Kaur,VisionIAS,GS1,50,"Discuss how American sanctions on its adversaries affect India. Taking the example of CAATSA, analyse how India can shield its strategic interests in face of such sanctions. (250 words)","Type: question, Word limit: 250, Marks: ",https://cdn.visionias.in/toppersanswerbooklet/411586_1071_Amritpal_Kaur_Rank_44.pdf#page=50
Parth Gupta,VisionIAS,GS4,3,An ethical action is rooted in the temporal and spatial dimensions of societies. Discuss with adequate examples. (150 words),"Type: question (salvaged), Word limit: 150, Marks: ",https://cdn.visionias.in/toppersanswerbooklet/3222c-122026_1865parth-gupta_rank_72.pdf#page=3
Parth Gupta,VisionIAS,GS4,5,Unstable marriages and families can lead to failures of moral development in children and overall moral decline in the society. Discuss. (150 words),"Type: question (salvaged), Word limit: 150, Marks: ",https://cdn.visionias.in/toppersanswerbooklet/3222c-122026_1865parth-gupta_rank_72.pdf#page=5
Parth Gupta,VisionIAS,GS4,7,An ethical work culture is a prerequisite for sustainable growth of an organization. Discuss and suggest some measures to build an ethical work culture in an organization. (150 words),"Type: question (salvaged), Word limit: 150, Marks: ",https://cdn.visionias.in/toppersanswerbooklet/3222c-122026_1865parth-gupta_rank_72.pdf#page=7
Parth Gupta,VisionIAS,GS4,15,"What do each of the following quotations mean to you? (a) ""Enlightenment is man's emergence from his self-incurred immaturity."" - Immanuel Kant (150 words)","Type: question, Word limit: 150, Marks: ",https://cdn.visionias.in/toppersanswerbooklet/3222c-122026_1865parth-gupta_rank_72.pdf#page=15
Parth Gupta,VisionIAS,GS4,25,What are the important learnings from the life and teachings of Sri Adi Shankaracharya that can help public servants in their personal and professional lives. (150 words),"Type: question (salvaged), Word limit: 150, Marks: ",https://cdn.visionias.in/toppersanswerbooklet/3222c-122026_1865parth-gupta_rank_72.pdf#page=25
Nupur Goel,VisionIAS,GS4,3,"Highlighting the attributes of leadership, analyse why it is important for a civil servant.","Type: question (salvaged), Word limit: , Marks: ",https://cdn.visionias.in/toppersanswerbooklet/e635a-6667_1245_nupur-goel_rank_11.pdf#page=3
Nupur Goel,VisionIAS,GS4,5,A civil servant needs to be objective as well as empathetic. What do you understand by objectivity? Discuss its relationship with empathy.,"Type: question (salvaged), Word limit: , Marks: ",https://cdn.visionias.in/toppersanswerbooklet/e635a-6667_1245_nupur-goel_rank_11.pdf#page=5
Nupur Goel,VisionIAS,GS4,7,"With rapidly increasing use of information technology, what according to you is the role of ethics in cyber space?","Type: question (salvaged), Word limit: , Marks: ",https://cdn.visionias.in/toppersanswerbooklet/e635a-6667_1245_nupur-goel_rank_11.pdf#page=7
Nupur Goel,VisionIAS,GS4,9,Transparency in government organisations is an essential pre-condition for good governance. Elucidate.,"Type: question (salvaged), Word limit: , Marks: ",https://cdn.visionias.in/toppersanswerbooklet/e635a-6667_1245_nupur-goel_rank_11.pdf#page=9
Nupur Goel,VisionIAS,GS4,11,"Given below are quotations of moral thinkers/philosophers. Bring out what they mean to you in the present context: (a) A nation should not be judged by how it treats its highest citizens, but its lowest ones. Nelson Mandela","Type: question, Word limit: , Marks: ",https://cdn.visionias.in/toppersanswerbooklet/e635a-6667_1245_nupur-goel_rank_11.pdf#page=11
Nupur Goel,VisionIAS,GS4,21,"In the context of rapid technological change, discuss the significance of inculcating moral and spiritual values in educational institutions.","Type: question (salvaged), Word limit: , Marks: ",https://cdn.visionias.in/toppersanswerbooklet/e635a-6667_1245_nupur-goel_rank_11.pdf#page=21
Nupur Goel,VisionIAS,GS4,23,Explain the main elements of integral humanism as propounded by Deen Dayal Upadhyay and highlight its contemporary relevance.,"Type: question, Word limit: , Marks: ",https://cdn.visionias.in/toppersanswerbooklet/e635a-6667_1245_nupur-goel_rank_11.pdf#page=23
Nupur Goel,VisionIAS,GS4,25,"It is imperative for a country like India, that code of ethics should be implemented for civil servants on social media platforms as well. Discuss.","Type: question, Word limit: , Marks: ",https://cdn.visionias.in/toppersanswerbooklet/e635a-6667_1245_nupur-goel_rank_11.pdf#page=25
Nupur Goel,VisionIAS,GS4,27,Discuss how effective corporate governance can ensure the equitable treatment of all stakeholders.,"Type: question, Word limit: , Marks: ",https://cdn.visionias.in/toppersanswerbooklet/e635a-6667_1245_nupur-goel_rank_11.pdf#page=27
Shubham,VisionIAS,GS1,6,"With examples, discuss how the cultural traditions from various regions of India get reflected in regional music. (Answer in 150 words)","Type: question, Word limit: 150, Marks: ",https://cdn.visionias.in/toppersanswerbooklet/7fe18-218920_2217_shubham_rank-41.pdf#page=6
Shubham,VisionIAS,GS1,8,"Highlighting the emergence of the working class movement, discuss its contribution towards India's freedom struggle. (Answer in 150 words)","Type: question, Word limit: 150, Marks: ",https://cdn.visionias.in/toppersanswerbooklet/7fe18-218920_2217_shubham_rank-41.pdf#page=8
Shubham,VisionIAS,GS1,10,"Do you agree with the view that Gandhian politics was, in a sense, a continuation of Tilak's politics? (Answer in 150 words)","Type: question, Word limit: 150, Marks: ",https://cdn.visionias.in/toppersanswerbooklet/7fe18-218920_2217_shubham_rank-41.pdf#page=10
Shubham,VisionIAS,GS1,12,"It is said that the world's oceans are losing their 'memory' due to human-induced warming. Comment. Also, discuss the consequences of the phenomenon. (Answer in 150 words)","Type: question, Word limit: 150, Marks: ",https://cdn.visionias.in/toppersanswerbooklet/7fe18-218920_2217_shubham_rank-41.pdf#page=12
Shubham,VisionIAS,GS1,14,What is soil amendment? Evaluate the benefits and concerns associated with it. (Answer in 150 words),"Type: question, Word limit: 150, Marks: ",https://cdn.visionias.in/toppersanswerbooklet/7fe18-218920_2217_shubham_rank-41.pdf#page=14
Shubham,VisionIAS,GS1,16,"It has been suggested that the next decade may see a boom in hybrid power plants. Stating the advantages that such power plants offer, discuss the associated challenges. (Answer in 150 words)","Type: question, Word limit: 150, Marks: ",https://cdn.visionias.in/toppersanswerbooklet/7fe18-218920_2217_shubham_rank-41.pdf#page=16
Shubham,VisionIAS,GS1,18,"What are Van Allen Radiation Belts? Explaining their formation, discuss why there has been a growing focus on their study. (Answer in 150 words)","Type: question, Word limit: 150, Marks: ",https://cdn.visionias.in/toppersanswerbooklet/7fe18-218920_2217_shubham_rank-41.pdf#page=18
Shubham,VisionIAS,GS1,20,Discuss whether marital rape should be criminalised in India. (Answer in 150 words),"Type: question, Word limit: 150, Marks: ",https://cdn.visionias.in/toppersanswerbooklet/7fe18-218920_2217_shubham_rank-41.pdf#page=20
Shubham,VisionIAS,GS1,22,What is care economy? Highlight the challenges associated with it and mention the steps taken to address them in India. (Answer in 150 words),"Type: question, Word limit: 150, Marks: ",https://cdn.visionias.in/toppersanswerbooklet/7fe18-218920_2217_shubham_rank-41.pdf#page=22
Shubham,VisionIAS,GS1,24,"Post-pandemic India is staring at the challenge of ""learning poverty"". Analyse its implications and discuss a way ahead. (Answer in 150 words)","Type: question, Word limit: 150, Marks: ",https://cdn.visionias.in/toppersanswerbooklet/7fe18-218920_2217_shubham_rank-41.pdf#page=24
Shubham,VisionIAS,GS1,26,"Bring out the evolution of mural traditions in South India. Also, elaborate on their significant characteristics. (Answer in 250 words)","Type: question, Word limit: 250, Marks: ",https://cdn.visionias.in/toppersanswerbooklet/7fe18-218920_2217_shubham_rank-41.pdf#page=26
Shubham,VisionIAS,GS1,29,Indian nationalism that confronted British imperialism in the 19th century was a product of colonial modernity. Do you agree? (Answer in 250 words),"Type: question, Word limit: 250, Marks: ",https://cdn.visionias.in/toppersanswerbooklet/7fe18-218920_2217_shubham_rank-41.pdf#page=29
Shubham,VisionIAS,GS1,32,Environmentalism surfaced in the form of many organised movements in post independence India. Discuss. (Answer in 250 words),"Type: question, Word limit: 250, Marks: ",https://cdn.visionias.in/toppersanswerbooklet/7fe18-218920_2217_shubham_rank-41.pdf#page=32
Shubham,VisionIAS,GS1,35,Do you agree with the view that continental blockade was an ill-conceived strategy by Napoleon to conquer Britain through economic means? (Answer in 250 words),"Type: question, Word limit: 250, Marks: ",https://cdn.visionias.in/toppersanswerbooklet/7fe18-218920_2217_shubham_rank-41.pdf#page=35
Shubham,VisionIAS,GS1,38,What do you understand by the Arctic Paradox? Highlight the spatial distribution of mineral and energy resources in the Arctic region. (Answer in 250 words),"Type: question, Word limit: 250, Marks: ",https://cdn.visionias.in/toppersanswerbooklet/7fe18-218920_2217_shubham_rank-41.pdf#page=38
Shubham,VisionIAS,GS1,41,"Cryosphere changes have a tendency to bring about a devastating impact on the ecosystem and its people. Discuss. Also, enlist measures to tackle this threat. (Answer in 250 words)","Type: question, Word limit: 250, Marks: ",https://cdn.visionias.in/toppersanswerbooklet/7fe18-218920_2217_shubham_rank-41.pdf#page=41
Shubham,VisionIAS,GS1,44,The frequent instances of urban flooding pose a severe risk to the urban ecosystem in India. Discuss with special emphasis on its impact on the critical infrastructure. (Answer in 250 words),"Type: question, Word limit: 250, Marks: ",https://cdn.visionias.in/toppersanswerbooklet/7fe18-218920_2217_shubham_rank-41.pdf#page=44
Shubham,VisionIAS,GS1,47,"Sand is not only critical for economic development but also provides crucial ecosystem services. Elaborate. In this context, discuss the importance of sustainable sand mining in India. (Answer in 250 words)","Type: question, Word limit: 250, Marks: ",https://cdn.visionias.in/toppersanswerbooklet/7fe18-218920_2217_shubham_rank-41.pdf#page=47
Shubham,VisionIAS,GS1,50,The challenge of unbridled and unbalanced growth of urban spaces in India necessitates reforms in urban planning and capacity. Discuss. (Answer in 250 words),"Type: question, Word limit: 250, Marks: ",https://cdn.visionias.in/toppersanswerbooklet/7fe18-218920_2217_shubham_rank-41.pdf#page=50
Shubham,VisionIAS,GS1,53,"Feminist movements in India have historically lacked inclusivity, often growing within a limited Western upper-class psyche. Critically discuss. (Answer in 250 words)","Type: question, Word limit: 250, Marks: ",https://cdn.visionias.in/toppersanswerbooklet/7fe18-218920_2217_shubham_rank-41.pdf#page=53
Ananya,VisionIAS,GS1,6,Do you agree with the view that time has come to revisit the Seventh Schedule of the Indian Constitution? Discuss with suitable arguments. (Answer in 150 words),"Type: question, Word limit: 150, Marks: ",https://cdn.visionias.in/toppersanswerbooklet/d4d15-967435_2218_ananya_rank-115.pdf#page=6
Ananya,VisionIAS,GS1,8,"Highlighting the advantages of online dispute resolution (ODR) mechanism for justice delivery, discuss the challenges associated with its effective implementation in India. (Answer in 150 words)","Type: question, Word limit: 150, Marks: ",https://cdn.visionias.in/toppersanswerbooklet/d4d15-967435_2218_ananya_rank-115.pdf#page=8
Ananya,VisionIAS,GS1,10,"Despite the constitutional division of powers, Centre-state disputes have been a perennial feature of Indian democracy. Discuss with examples. (Answer in 150 words)","Type: question, Word limit: 150, Marks: ",https://cdn.visionias.in/toppersanswerbooklet/d4d15-967435_2218_ananya_rank-115.pdf#page=10
Ananya,VisionIAS,GS1,12,Do you agree with the view that adopting a framework for lobbying will strengthen participative governance and ease of doing business in India? (Answer in 150 words),"Type: question, Word limit: 150, Marks: ",https://cdn.visionias.in/toppersanswerbooklet/d4d15-967435_2218_ananya_rank-115.pdf#page=12
Ananya,VisionIAS,GS1,14,"Despite the government encouraging open source instead of proprietary technology for government applications, the true potential of Free and Open Source Software (FOSS) and digital platforms remains unrealized. Discuss. (Answer in 150 words)","Type: question, Word limit: 150, Marks: ",https://cdn.visionias.in/toppersanswerbooklet/d4d15-967435_2218_ananya_rank-115.pdf#page=14
Ananya,VisionIAS,GS1,16,"As a social safety-valve, non-governmental organisations (NGOs) can be the principal vehicles through which communities voice their concerns. Discuss. (Answer in 150 words)","Type: question, Word limit: 150, Marks: ",https://cdn.visionias.in/toppersanswerbooklet/d4d15-967435_2218_ananya_rank-115.pdf#page=16
Ananya,VisionIAS,GS1,18,"Despite being lauded for its patient centric approach, the implementation of the Mental Healthcare Act, 2017, remains sluggish and mired with various issues. Discuss. (Answer in 150 words)","Type: question, Word limit: 150, Marks: ",https://cdn.visionias.in/toppersanswerbooklet/d4d15-967435_2218_ananya_rank-115.pdf#page=18
Ananya,VisionIAS,GS1,20,Do you agree with the view that time has come to formulate an Urban Employment Guarantee scheme at the national level? (Answer in 150 words),"Type: question, Word limit: 150, Marks: ",https://cdn.visionias.in/toppersanswerbooklet/d4d15-967435_2218_ananya_rank-115.pdf#page=20
Ananya,VisionIAS,GS1,22,Discuss the relevance of BIMSTEC as a regional organisation to fulfil India's strategic aspirations in the Indian Ocean Region. (Answer in 150 words),"Type: question, Word limit: 150, Marks: ",https://cdn.visionias.in/toppersanswerbooklet/d4d15-967435_2218_ananya_rank-115.pdf#page=22
Ananya,VisionIAS,GS1,24,Discuss the relevance of the Gujral Doctrine for India with regard to its relations with its immediate neighbours in the present times. (Answer in 150 words),"Type: question, Word limit: 150, Marks: ",https://cdn.visionias.in/toppersanswerbooklet/d4d15-967435_2218_ananya_rank-115.pdf#page=24
Ananya,VisionIAS,GS1,26,"Highlight the pivotal role of the ""Officers of Parliament"" in the Indian Parliamentary system. Also, discuss the constitutional and statutory provisions for their impartial functioning. (Answer in 250 words)","Type: question, Word limit: 250, Marks: ",https://cdn.visionias.in/toppersanswerbooklet/d4d15-967435_2218_ananya_rank-115.pdf#page=26
Ananya,VisionIAS,GS1,29,"The Finance Commission plays a crucial role in balancing fiscal federalism in India. In this context, examine the recommendations given by the 15th Finance Commission. (Answer in 250 words)","Type: question, Word limit: 250, Marks: ",https://cdn.visionias.in/toppersanswerbooklet/d4d15-967435_2218_ananya_rank-115.pdf#page=29
Ananya,VisionIAS,GS1,32,Critically assess whether according statutory backing to the Model Code of Conduct will contribute towards free and fair elections in India. (Answer in 250 words),"Type: question, Word limit: 250, Marks: ",https://cdn.visionias.in/toppersanswerbooklet/d4d15-967435_2218_ananya_rank-115.pdf#page=32
Ananya,VisionIAS,GS1,35,"The market disruption caused by digital revolution warrants renewed focus and perspective to ensure fair competition in the digital economy. In this light, discuss the need to revamp the Competition Commission of India (CCI). (Answer in 250 words)","Type: question, Word limit: 250, Marks: ",https://cdn.visionias.in/toppersanswerbooklet/d4d15-967435_2218_ananya_rank-115.pdf#page=35
Ananya,VisionIAS,GS1,38,There is an urgent need for effective whistle-blowing mechanisms and ensuring that necessary safeguards for the protection of whistle-blowers are established in both public and private spheres in India. Discuss. (Answer in 250 words),"Type: question, Word limit: 250, Marks: ",https://cdn.visionias.in/toppersanswerbooklet/d4d15-967435_2218_ananya_rank-115.pdf#page=38
Ananya,VisionIAS,GS1,41,"State the reasons behind the poor performance of cooperatives in India. Also, discuss the reforms undertaken by the government to overcome the shortcomings. (Answer in 250 words)","Type: question, Word limit: 250, Marks: ",https://cdn.visionias.in/toppersanswerbooklet/d4d15-967435_2218_ananya_rank-115.pdf#page=41
Ananya,VisionIAS,GS1,44,"Public-Private Partnership model, if harnessed properly, has the potential to bridge the gaps in India's healthcare system. Discuss. (Answer in 250 words)","Type: question, Word limit: 250, Marks: ",https://cdn.visionias.in/toppersanswerbooklet/d4d15-967435_2218_ananya_rank-115.pdf#page=44
Ananya,VisionIAS,GS1,47,"Although the New Education Policy brings with itself a commendable vision, its success will depend on its ability to effectively integrate with the government's other policy initiatives. Discuss. (Answer in 250 words)","Type: question, Word limit: 250, Marks: ",https://cdn.visionias.in/toppersanswerbooklet/d4d15-967435_2218_ananya_rank-115.pdf#page=47
Ananya,VisionIAS,GS1,50,"The Indo-Pacific Economic Framework for Prosperity (IPEF) is born from a collective desire to make the Indo-Pacific region an engine of global economic growth. Comment. Also, discuss India's concerns in this context. (Answer in 250 words)","Type: question, Word limit: 250, Marks: ",https://cdn.visionias.in/toppersanswerbooklet/d4d15-967435_2218_ananya_rank-115.pdf#page=50
Ananya,VisionIAS,GS1,53,India needs to identify the priority areas to further its techno-diplomacy amidst the complexities of expanding digital space and New and Emerging Strategic Technologies. Discuss. (Answer in 250 words),"Type: question, Word limit: 250, Marks: ",https://cdn.visionias.in/toppersanswerbooklet/d4d15-967435_2218_ananya_rank-115.pdf#page=53
Kasturi,VisionIAS,GS1,3,The Cholas are inextricably linked with the zenith of Dravidian art and architecture. Comment. (150 words),"Type: question, Word limit: 150, Marks: ",https://cdn.visionias.in/toppersanswerbooklet/da89f-721089_2211_kasturi_rank-67.pdf#page=3
Kasturi,VisionIAS,GS1,5,"Among the major legacies of the Indian freedom movement, civil liberties formed an important one. Analyse. (150 words)","Type: question, Word limit: 150, Marks: ",https://cdn.visionias.in/toppersanswerbooklet/da89f-721089_2211_kasturi_rank-67.pdf#page=5
Kasturi,VisionIAS,GS1,7,The Berlin Conference of 1884-85 in many ways set the ground for the scramble in Africa. Elucidate. (150 words),"Type: question, Word limit: 150, Marks: ",https://cdn.visionias.in/toppersanswerbooklet/da89f-721089_2211_kasturi_rank-67.pdf#page=7
Kasturi,VisionIAS,GS1,9,What is a cloudburst and what are its effects? Why are they more frequent in the Himalayan region? (150 words),"Type: question, Word limit: 150, Marks: ",https://cdn.visionias.in/toppersanswerbooklet/da89f-721089_2211_kasturi_rank-67.pdf#page=9
Kasturi,VisionIAS,GS1,11,"Despite its potential, there are several challenges in the implementation of the Ken-Betwa Link Project. Discuss. (150 words)","Type: question, Word limit: 150, Marks: ",https://cdn.visionias.in/toppersanswerbooklet/da89f-721089_2211_kasturi_rank-67.pdf#page=11
Kasturi,VisionIAS,GS1,13,Identify the issues related to production and supply of coal in India. How can these issues be addressed? (150 words),"Type: question, Word limit: 150, Marks: ",https://cdn.visionias.in/toppersanswerbooklet/da89f-721089_2211_kasturi_rank-67.pdf#page=13
Kasturi,VisionIAS,GS1,15,Present the geographical distribution of agro-based industries in India and discuss the challenges faced by them. (150 words),"Type: question, Word limit: 150, Marks: ",https://cdn.visionias.in/toppersanswerbooklet/da89f-721089_2211_kasturi_rank-67.pdf#page=15
Kasturi,VisionIAS,GS1,17,The caste system continues to be one of the key drivers of poverty and inequality in India. Discuss. (150 words),"Type: question, Word limit: 150, Marks: ",https://cdn.visionias.in/toppersanswerbooklet/da89f-721089_2211_kasturi_rank-67.pdf#page=17
Kasturi,VisionIAS,GS1,19,Discuss the issues faced by domestic workers in India. Also suggest measures that can be taken to empower them. (150 words),"Type: question, Word limit: 150, Marks: ",https://cdn.visionias.in/toppersanswerbooklet/da89f-721089_2211_kasturi_rank-67.pdf#page=19
Kasturi,VisionIAS,GS1,21,"Given the deeply gendered impact of population control measures, examine the need to rethink the current approach of population control measures in India. (150 words)","Type: question, Word limit: 150, Marks: ",https://cdn.visionias.in/toppersanswerbooklet/da89f-721089_2211_kasturi_rank-67.pdf#page=21
Kasturi,VisionIAS,GS1,23,"Examine the impact of the Sramana tradition on the Vedic religion and its relation with the emergence of Jainism, Buddhism and Ajivika sects. (250 words)","Type: question, Word limit: 250, Marks: ",https://cdn.visionias.in/toppersanswerbooklet/da89f-721089_2211_kasturi_rank-67.pdf#page=23
Kasturi,VisionIAS,GS1,29,"Giving a brief overview of the three Carnatic Wars, discuss the factors that led to the success of the British against the French in the struggle for control over India. (250 words)","Type: question, Word limit: 250, Marks: ",https://cdn.visionias.in/toppersanswerbooklet/da89f-721089_2211_kasturi_rank-67.pdf#page=29
Kasturi,VisionIAS,GS1,32,"Provide an account of the issues that led to a crisis in Punjab in the 1980s. Also, discuss the roadmap to peace that was eventually adopted. (250 words)","Type: question, Word limit: 250, Marks: ",https://cdn.visionias.in/toppersanswerbooklet/da89f-721089_2211_kasturi_rank-67.pdf#page=32
Kasturi,VisionIAS,GS1,38,Post-drift theories based on ocean floor mapping provided new dimensions to the study of distribution of oceans and continents. Elaborate. (250 words),"Type: question, Word limit: 250, Marks: ",https://cdn.visionias.in/toppersanswerbooklet/da89f-721089_2211_kasturi_rank-67.pdf#page=38
Kasturi,VisionIAS,GS1,41,"Explain the phenomenon of heat waves. Also, enumerate the conditions favourable for the development of heat waves in India and their associated health impacts. (250 words)","Type: question, Word limit: 250, Marks: ",https://cdn.visionias.in/toppersanswerbooklet/da89f-721089_2211_kasturi_rank-67.pdf#page=41
Kasturi,VisionIAS,GS1,44,"Providing an account of distribution of rainforests across the world, mention their key characteristics. Also highlight the threats that are being faced by tropical rainforests. (250 words)","Type: question, Word limit: 250, Marks: ",https://cdn.visionias.in/toppersanswerbooklet/da89f-721089_2211_kasturi_rank-67.pdf#page=44
Kasturi,VisionIAS,GS1,47,Indian cities are not only mimicking the social and cultural structures of inequality and exclusion found in rural areas but are also creating fault lines for future conflicts. Discuss. (250 words),"Type: question, Word limit: 250, Marks: ",https://cdn.visionias.in/toppersanswerbooklet/da89f-721089_2211_kasturi_rank-67.pdf#page=47
Kasturi,VisionIAS,GS1,50,Examine the multi-dimensional impact of globalisation on tribal development in India. (250 words),"Type: question, Word limit: 250, Marks: ",https://cdn.visionias.in/toppersanswerbooklet/da89f-721089_2211_kasturi_rank-67.pdf#page=50
Raghav Jhunjhunwala,NextIAS,Essay,7,The function of education is to teach one to think intensively and to think critically.,"Type: question, Word limit: , Marks: ",https://cdnstatic.nextias.com/newuploads/Nextias/2026/3/GSMACT24A1055_TC062.pdf#page=7
Raghav Jhunjhunwala,NextIAS,Essay,7,Life is what happens when you're busy making other plans.,"Type: question, Word limit: , Marks: ",https://cdnstatic.nextias.com/newuploads/Nextias/2026/3/GSMACT24A1055_TC062.pdf#page=7
Raghav Jhunjhunwala,NextIAS,Essay,7,The heaviest penalty for declining to rule is to be ruled by someone inferior.,"Type: question, Word limit: , Marks: ",https://cdnstatic.nextias.com/newuploads/Nextias/2026/3/GSMACT24A1055_TC062.pdf#page=7
Raghav Jhunjhunwala,NextIAS,Essay,7,"Competition is the law of the jungle, but cooperation is the law of civilization.","Type: question, Word limit: , Marks: ",https://cdnstatic.nextias.com/newuploads/Nextias/2026/3/GSMACT24A1055_TC062.pdf#page=7
Raghav Jhunjhunwala,NextIAS,Essay,19,"Not everything that is faced can be changed, but nothing can be changed until it is faced.","Type: question, Word limit: , Marks: ",https://cdnstatic.nextias.com/newuploads/Nextias/2026/3/GSMACT24A1055_TC062.pdf#page=19
Raghav Jhunjhunwala,NextIAS,Essay,19,The road to success and the road to failure are almost exactly the same.,"Type: question, Word limit: , Marks: ",https://cdnstatic.nextias.com/newuploads/Nextias/2026/3/GSMACT24A1055_TC062.pdf#page=19
Raghav Jhunjhunwala,NextIAS,Essay,19,"To be or not to be, that is the question.","Type: question, Word limit: , Marks: ",https://cdnstatic.nextias.com/newuploads/Nextias/2026/3/GSMACT24A1055_TC062.pdf#page=19
Raghav Jhunjhunwala,NextIAS,Essay,19,Wisdom is to live in tune with the mode of the changing world.,"Type: question, Word limit: , Marks: ",https://cdnstatic.nextias.com/newuploads/Nextias/2026/3/GSMACT24A1055_TC062.pdf#page=19
Tanvi Gupta,VisionIAS,GS1,6,"Expression of dissent is central to the functioning of the Parliament. In light of this, discuss the role of the Leader of Opposition (LoP) in India's parliamentary system. (Answer in 150 words)","Type: question, Word limit: 150, Marks: ",https://cdn.visionias.in/toppersanswerbooklet/ae06c-45958906_2929_tanvi_gupta_187.pdf#page=6
Tanvi Gupta,VisionIAS,GS1,8,"How can the integration of technology into judicial processes enhance accessibility, capability, and efficiency in justice delivery? (Answer in 150 words)","Type: question, Word limit: 150, Marks: ",https://cdn.visionias.in/toppersanswerbooklet/ae06c-45958906_2929_tanvi_gupta_187.pdf#page=8
Tanvi Gupta,VisionIAS,GS1,10,The Supreme Court of India has upheld unique asymmetry in India's federalism by intricately balancing centralized authority and regional autonomy. Discuss with the help of relevant case laws. (Answer in 150 words),"Type: question, Word limit: 150, Marks: ",https://cdn.visionias.in/toppersanswerbooklet/ae06c-45958906_2929_tanvi_gupta_187.pdf#page=10
Tanvi Gupta,VisionIAS,GS1,12,Evaluate the effectiveness of the National Commission for Scheduled Castes in safeguarding the interests of the Scheduled Castes in India. (Answer in 150 words),"Type: question, Word limit: 150, Marks: ",https://cdn.visionias.in/toppersanswerbooklet/ae06c-45958906_2929_tanvi_gupta_187.pdf#page=12
Tanvi Gupta,VisionIAS,GS1,14,Executive accountability to the legislature through Parliamentary Committees has been the hallmark of the Indian political system. Comment. (Answer in 150 words),"Type: question, Word limit: 150, Marks: ",https://cdn.visionias.in/toppersanswerbooklet/ae06c-45958906_2929_tanvi_gupta_187.pdf#page=14
Tanvi Gupta,VisionIAS,GS1,16,How can India make Citizens' Charter a powerful tool for improving governance and empowering citizens? (Answer in 150 words),"Type: question, Word limit: 150, Marks: ",https://cdn.visionias.in/toppersanswerbooklet/ae06c-45958906_2929_tanvi_gupta_187.pdf#page=16
Tanvi Gupta,VisionIAS,GS1,18,How do corporate donors aid NGOs in facilitating holistic development in India? (Answer in 150 words),"Type: question, Word limit: 150, Marks: ",https://cdn.visionias.in/toppersanswerbooklet/ae06c-45958906_2929_tanvi_gupta_187.pdf#page=18
Tanvi Gupta,VisionIAS,GS1,20,"Despite its merits, should the POCSO Act be revisited to correct the existing inadequacies? (Answer in 150 words)","Type: question, Word limit: 150, Marks: ",https://cdn.visionias.in/toppersanswerbooklet/ae06c-45958906_2929_tanvi_gupta_187.pdf#page=20
Tanvi Gupta,VisionIAS,GS1,22,China's acquisition of strategic ports globally has significant implications for international trade routes and economic relations. Discuss. (Answer in 150 words),"Type: question, Word limit: 150, Marks: ",https://cdn.visionias.in/toppersanswerbooklet/ae06c-45958906_2929_tanvi_gupta_187.pdf#page=22
Tanvi Gupta,VisionIAS,GS1,24,"What are the main functions of the World Intellectual Property Organization (WIPO)? How will its recent treaty on intellectual property, genetic resources and associated traditional knowledge benefit India? (Answer in 150 words)","Type: question, Word limit: 150, Marks: ",https://cdn.visionias.in/toppersanswerbooklet/ae06c-45958906_2929_tanvi_gupta_187.pdf#page=24
Tanvi Gupta,VisionIAS,GS1,26,"While the Central Bureau of Investigation (CBI) plays a crucial role in combating corruption, its functioning is often criticized for being partisan and acting against the federal spirit. Discuss with the help of suitable examples. (Answer in 250 words)","Type: question, Word limit: 250, Marks: ",https://cdn.visionias.in/toppersanswerbooklet/ae06c-45958906_2929_tanvi_gupta_187.pdf#page=26
Tanvi Gupta,VisionIAS,GS1,29,Governors in India often overstep their constitutional role and fail to act effectively when needed. Comment. (Answer in 250 words),"Type: question, Word limit: 250, Marks: ",https://cdn.visionias.in/toppersanswerbooklet/ae06c-45958906_2929_tanvi_gupta_187.pdf#page=29
Tanvi Gupta,VisionIAS,GS1,32,Both India and the USA adhere to democratic principles but their electoral systems exhibit significant differences. What are the key differences in electoral practices between the two countries? (Answer in 250 words),"Type: question, Word limit: 250, Marks: ",https://cdn.visionias.in/toppersanswerbooklet/ae06c-45958906_2929_tanvi_gupta_187.pdf#page=32
Tanvi Gupta,VisionIAS,GS1,35,How far do you agree with the view that the National Green Tribunal (NGT) has met its objective of ensuring environmental justice in India? (Answer in 250 words),"Type: question, Word limit: 250, Marks: ",https://cdn.visionias.in/toppersanswerbooklet/ae06c-45958906_2929_tanvi_gupta_187.pdf#page=35
Tanvi Gupta,VisionIAS,GS1,38,"Though Panchayati Raj Institutions (PRIs) have become a platform for competitive politics, they have not emerged as an agency of planning and service delivery. Why? (Answer in 250 words)15","Type: question, Word limit: 250, Marks: ",https://cdn.visionias.in/toppersanswerbooklet/ae06c-45958906_2929_tanvi_gupta_187.pdf#page=38
Tanvi Gupta,VisionIAS,GS1,41,What do you understand by interoperability in e-governance? What steps have been taken by the government to ensure interoperability and integration of various e-governance systems? (Answer in 250 words)15,"Type: question, Word limit: 250, Marks: ",https://cdn.visionias.in/toppersanswerbooklet/ae06c-45958906_2929_tanvi_gupta_187.pdf#page=41
Tanvi Gupta,VisionIAS,GS1,44,"When it comes to sexual and reproductive health of women in India, rights-based discourse has largely been bypassed not just by the societal norms but also by the legal norms. Discuss. (Answer in 250 words)","Type: question, Word limit: 250, Marks: ",https://cdn.visionias.in/toppersanswerbooklet/ae06c-45958906_2929_tanvi_gupta_187.pdf#page=44
Tanvi Gupta,VisionIAS,GS1,47,How effective has India been in enhancing immunization coverage over the years? What challenges continue to affect immunization efforts in the country? (Answer in 250 words),"Type: question, Word limit: 250, Marks: ",https://cdn.visionias.in/toppersanswerbooklet/ae06c-45958906_2929_tanvi_gupta_187.pdf#page=47
Tanvi Gupta,VisionIAS,GS1,50,India used its Presidency of the G20 to bring the voice of the Global South to the centre stage. Discuss with special reference to Africa. (Answer in 250 words),"Type: question, Word limit: 250, Marks: ",https://cdn.visionias.in/toppersanswerbooklet/ae06c-45958906_2929_tanvi_gupta_187.pdf#page=50
Tanvi Gupta,VisionIAS,GS1,53,India's relationship with the UAE has witnessed a remarkable expansion across various domains in the last decade. Discuss. (Answer in 250 words),"Type: question, Word limit: 250, Marks: ",https://cdn.visionias.in/toppersanswerbooklet/ae06c-45958906_2929_tanvi_gupta_187.pdf#page=53
Ananya,VisionIAS,GS1,6,Fiscal policy can be a key tool to reduce income inequality as well as make the poorest and the downtrodden a part of the country's growth story. Discuss in the context of India. (Answer in 150 words),"Type: question, Word limit: 150, Marks: ",https://cdn.visionias.in/toppersanswerbooklet/57026-967435_2219_ananya_rank-115.pdf#page=6
Ananya,VisionIAS,GS1,8,"Digitizing land records will go a long way in ensuring land reforms as well as lessening the burden on the Indian Judiciary. Elaborate. Also, state the measures taken in this context. (Answer in 150 words)","Type: question, Word limit: 150, Marks: ",https://cdn.visionias.in/toppersanswerbooklet/57026-967435_2219_ananya_rank-115.pdf#page=8
Ananya,VisionIAS,GS1,10,"It has been pointed out that competitive politics to fund mostly non-merit subsidies is pushing a few states in India to the brink of a deep fiscal crisis. In this context, discuss the need to rationalise the subsidy regime in India. (Answer in 150 words)","Type: question, Word limit: 150, Marks: ",https://cdn.visionias.in/toppersanswerbooklet/57026-967435_2219_ananya_rank-115.pdf#page=10
Ananya,VisionIAS,GS1,12,Micro-irrigation has tremendous potential in transforming farming into a profitable and sustainable venture. Discuss the given statement in the context of Pradhan Mantri Krishi Sinchai Yojana. (Answer in 150 words),"Type: question, Word limit: 150, Marks: ",https://cdn.visionias.in/toppersanswerbooklet/57026-967435_2219_ananya_rank-115.pdf#page=12
Ananya,VisionIAS,GS1,14,"Given its vast resources and technical expertise, India can play a key role in assisting the Pacific Small Island Developing States (PSIDS) in dealing with the impact of climate change. Analyse. (Answer in 150 words)","Type: question, Word limit: 150, Marks: ",https://cdn.visionias.in/toppersanswerbooklet/57026-967435_2219_ananya_rank-115.pdf#page=14
Ananya,VisionIAS,GS1,16,"The recent ""Disaster Management Plan of Ministry of Panchayati Raj (DMP-MoPR)"" aims to develop disaster resilience at the grassroots level. In this context, discuss the rationale behind the formulation of the Plan and highlight its key components. (Answer in 150 words)","Type: question, Word limit: 150, Marks: ",https://cdn.visionias.in/toppersanswerbooklet/57026-967435_2219_ananya_rank-115.pdf#page=16
Ananya,VisionIAS,GS1,18,Discuss the internal security implications emanating from the use of Emerging And Disruptive Technologies (EDT) by state and non-state actors. (Answer in 150 words),"Type: question, Word limit: 150, Marks: ",https://cdn.visionias.in/toppersanswerbooklet/57026-967435_2219_ananya_rank-115.pdf#page=18
Ananya,VisionIAS,GS1,20,"Identify the impediments faced by India in boosting its defence exports. Also, discuss the steps taken by the government in this regard. (Answer in 150 words)","Type: question, Word limit: 150, Marks: ",https://cdn.visionias.in/toppersanswerbooklet/57026-967435_2219_ananya_rank-115.pdf#page=20
Ananya,VisionIAS,GS1,22,"Discuss the multiple issues associated with space debris. Also, state the initiatives taken in recent times to tackle this menace. (Answer in 150 words)","Type: question, Word limit: 150, Marks: ",https://cdn.visionias.in/toppersanswerbooklet/57026-967435_2219_ananya_rank-115.pdf#page=22
Ananya,VisionIAS,GS1,24,The adoption of Open Network for Digital Commerce (ONDC) in India is expected to make e- commerce more inclusive and accessible for consumers. Discuss. (Answer in 150 words),"Type: question, Word limit: 150, Marks: ",https://cdn.visionias.in/toppersanswerbooklet/57026-967435_2219_ananya_rank-115.pdf#page=24
Ananya,VisionIAS,GS1,26,"While an agreement was recently reached at the WTO on a deal to curb ""harmful"" government fisheries subsidies, certain concerns raised by India suggests that the matter will require further negotiations. Discuss. (Answer in 250 words)","Type: question, Word limit: 250, Marks: ",https://cdn.visionias.in/toppersanswerbooklet/57026-967435_2219_ananya_rank-115.pdf#page=26
Ananya,VisionIAS,GS1,29,"Despite the advantages that are associated with the hybrid annuity model (HAM) in the road construction sector, the interest in it has moderated due to various reasons. Discuss. (Answer in 250 words)","Type: question, Word limit: 250, Marks: ",https://cdn.visionias.in/toppersanswerbooklet/57026-967435_2219_ananya_rank-115.pdf#page=29
Ananya,VisionIAS,GS1,32,The existing MSP procurement regime is neither economically nor agro-ecologically sustainable. Elaborate. Also evaluate the alternative approaches that can be adopted to improve the existing MSP regime. (Answer in 250 words),"Type: question, Word limit: 250, Marks: ",https://cdn.visionias.in/toppersanswerbooklet/57026-967435_2219_ananya_rank-115.pdf#page=32
Ananya,VisionIAS,GS1,35,It is being argued that India is struggling with overflowing foodgrains in warehouses. Discuss the statement in view of the existing buffer stock policy of India. (Answer in 250 words),"Type: question, Word limit: 250, Marks: ",https://cdn.visionias.in/toppersanswerbooklet/57026-967435_2219_ananya_rank-115.pdf#page=35
Ananya,VisionIAS,GS1,38,"Recently, the government has asked all ports to prepare a master plan in order to become 'mega ports' by 2047. In light of this, discuss the challenges faced by ports and suggest remedial measures in order to propel India's blue economy. (Answer in 250 words)","Type: question, Word limit: 250, Marks: ",https://cdn.visionias.in/toppersanswerbooklet/57026-967435_2219_ananya_rank-115.pdf#page=38
Ananya,VisionIAS,GS1,41,"Inequality in income and wealth translates into carbon inequality. In this context, discuss the significance of addressing carbon inequality for India and suggest ways to achieve it. (Answer in 250 words)","Type: question, Word limit: 250, Marks: ",https://cdn.visionias.in/toppersanswerbooklet/57026-967435_2219_ananya_rank-115.pdf#page=41
Ananya,VisionIAS,GS1,44,"Despite increased and regular occurrences of landslides over the past decade in India, the dominant development paradigm has largely not been modified. Examine. (Answer in 250 words)15","Type: question, Word limit: 250, Marks: ",https://cdn.visionias.in/toppersanswerbooklet/57026-967435_2219_ananya_rank-115.pdf#page=44
Ananya,VisionIAS,GS1,47,"India needs a smart border management system to balance legitimate cross border flows with national security interests. Discuss. Also, highlight the initiatives taken by the government in this regard. (Answer in 250 words)","Type: question, Word limit: 250, Marks: ",https://cdn.visionias.in/toppersanswerbooklet/57026-967435_2219_ananya_rank-115.pdf#page=47
Ananya,VisionIAS,GS1,50,"Establishing linkages between globalisation and money laundering, discuss the initiatives taken at the national and international levels to combat it. (Answer in 250 words)","Type: question, Word limit: 250, Marks: ",https://cdn.visionias.in/toppersanswerbooklet/57026-967435_2219_ananya_rank-115.pdf#page=50
Ananya,VisionIAS,GS1,53,"There have been arguments that India needs to review some of its past assumptions about the nature of outer space and contribute to the development of new global norms. In this context, analyse India's stand in relation to the Artemis Accords. (Answer in 250 words)","Type: question, Word limit: 250, Marks: ",https://cdn.visionias.in/toppersanswerbooklet/57026-967435_2219_ananya_rank-115.pdf#page=53
Ashish,VisionIAS,GS1,3,Reservation of seats in legislature is needed to ensure meaningful political participation of women and to make the democratic process truly inclusive. Discuss the statement in the light of 108th Constitution Amendment Bill. (150 words),"Type: question, Word limit: 150, Marks: ",https://cdn.visionias.in/toppersanswerbooklet/da635-298400_1243_ashish_rank_53.pdf#page=3
Ashish,VisionIAS,GS1,5,Discuss the issue of reservation in promotions for SCs and STs in public employment in the light of various judicial pronouncements and constitutional amendments. (150 words),"Type: question, Word limit: 150, Marks: ",https://cdn.visionias.in/toppersanswerbooklet/da635-298400_1243_ashish_rank_53.pdf#page=5
Ashish,VisionIAS,GS1,7,Highlight the reasons behind underperformance of the Autonomous District Councils (ADCs). How can their performance be improved? (150 words),"Type: question, Word limit: 150, Marks: ",https://cdn.visionias.in/toppersanswerbooklet/da635-298400_1243_ashish_rank_53.pdf#page=7
Ashish,VisionIAS,GS1,9,"Highlighting the rationale behind continuance of the Official Secrets Act, critically discuss whether the Right to Information should be given precedence over it. (150 words)","Type: question, Word limit: 150, Marks: ",https://cdn.visionias.in/toppersanswerbooklet/da635-298400_1243_ashish_rank_53.pdf#page=9
Ashish,VisionIAS,GS1,13,"What is the rationale behind having a mandatory 'cooling-off' period for retired civil servants? In light of numerous instances of violation of this provision, do you think there is a need to have a relook at Civil Services Conduct Rules? (150 words)","Type: question, Word limit: 150, Marks: ",https://cdn.visionias.in/toppersanswerbooklet/da635-298400_1243_ashish_rank_53.pdf#page=13
Ashish,VisionIAS,GS1,15,"Highlighting the key features of POSHAN Abhiyan, explain how it is an improvement over previous interventions in achieving the goal of malnutrition free India. (150 words)","Type: question, Word limit: 150, Marks: ",https://cdn.visionias.in/toppersanswerbooklet/da635-298400_1243_ashish_rank_53.pdf#page=15
Ashish,VisionIAS,GS1,19,"Give an account of the challenges that the multilateral rule-based trading system is facing. With special focus on WTO, discuss how these challenges can be addressed effectively. (150 words)","Type: question, Word limit: 150, Marks: ",https://cdn.visionias.in/toppersanswerbooklet/da635-298400_1243_ashish_rank_53.pdf#page=19
Ashish,VisionIAS,GS1,21,Highlight the major impediments affecting India-US trade relations. What possible consequences can the recent withdrawal of Generalized System of Preference (GSP) have on India-US trade relations? (150 words),"Type: question, Word limit: 150, Marks: ",https://cdn.visionias.in/toppersanswerbooklet/da635-298400_1243_ashish_rank_53.pdf#page=21
Ashish,VisionIAS,GS1,23,"In a democratic setup, it is imperative that independence be balanced with accountability. Discuss in the context of judiciary in India. (250 words)","Type: question, Word limit: 250, Marks: ",https://cdn.visionias.in/toppersanswerbooklet/da635-298400_1243_ashish_rank_53.pdf#page=23
Ashish,VisionIAS,GS1,26,"Despite various strengths, there are certain weaknesses in the existing structure of departments of the government which render the system slow and cumbersome. Analyze. (250 words)","Type: question, Word limit: 250, Marks: ",https://cdn.visionias.in/toppersanswerbooklet/da635-298400_1243_ashish_rank_53.pdf#page=26
Ashish,VisionIAS,GS1,29,"In the light of criticism surrounding the composition and functioning of Rajya Sabha, do you think it exists merely as a secondary house of the Parliament? (250 words)","Type: question, Word limit: 250, Marks: ",https://cdn.visionias.in/toppersanswerbooklet/da635-298400_1243_ashish_rank_53.pdf#page=29
Ashish,VisionIAS,GS1,32,"Despite legislative changes with respect to funding of political parties in recent years, many challenges still exist with regards to transparency in electoral funding. Discuss. Can state funding of elections help in addressing these challenges? (250 words)","Type: question, Word limit: 250, Marks: ",https://cdn.visionias.in/toppersanswerbooklet/da635-298400_1243_ashish_rank_53.pdf#page=32
Ashish,VisionIAS,GS1,35,"Successful and long-lasting urban transformation critically depends on reforming the way our cities are governed. In this context, highlight the challenges plaguing urban governance in India and suggest some strategies to overcome those challenges. (250 words)","Type: question, Word limit: 250, Marks: ",https://cdn.visionias.in/toppersanswerbooklet/da635-298400_1243_ashish_rank_53.pdf#page=35
Ashish,VisionIAS,GS1,38,"Explain the role that SHGs play in poverty alleviation in India. Highlighting the shortcomings of the SHG-Bank Linkage programme, give some suggestions to improve its performance. (250 words)","Type: question, Word limit: 250, Marks: ",https://cdn.visionias.in/toppersanswerbooklet/da635-298400_1243_ashish_rank_53.pdf#page=38
Ashish,VisionIAS,GS1,41,"Despite initiatives taken by the government in recent years to address the challenges of the Indian higher education system, many reforms are still required to improve its quality and enhance its relevance. Analyse. (250 words)","Type: question, Word limit: 250, Marks: ",https://cdn.visionias.in/toppersanswerbooklet/da635-298400_1243_ashish_rank_53.pdf#page=41
Ashish,VisionIAS,GS1,44,"Giving an account of the progress made under the Pradhan Mantri Awas Yojana, mention the challenges that it faces in achieving its target. How can the implementation of the programme be fast-tracked? (250 words)","Type: question, Word limit: 250, Marks: ",https://cdn.visionias.in/toppersanswerbooklet/da635-298400_1243_ashish_rank_53.pdf#page=44
Ashish,VisionIAS,GS1,47,Island nations of the Indian Ocean hold immense strategic value in shaping the geopolitical contours of the region and ensuring maritime security of India. Discuss. (250 words),"Type: question, Word limit: 250, Marks: ",https://cdn.visionias.in/toppersanswerbooklet/da635-298400_1243_ashish_rank_53.pdf#page=47
Ashish,VisionIAS,GS1,50,"Development assistance, a key instrument in India's foreign policy, has seen a considerable expansion in the past few years both in its scope and reach. Elucidate. (250 words)","Type: question, Word limit: 250, Marks: ",https://cdn.visionias.in/toppersanswerbooklet/da635-298400_1243_ashish_rank_53.pdf#page=50
SAKSHI JAMUAR,VisionIAS,GS1,6,"The traditional theatre forms of India reflect the ideals and emotions of the society, and an individual's role in the community. Discuss with examples. (Answer in 150 words)","Type: question, Word limit: 150, Marks: ",https://cdn.visionias.in/toppersanswerbooklet/06039-857571_2422_sakshi-jamuar_89.pdf#page=6
SAKSHI JAMUAR,VisionIAS,GS1,8,"Provide an account of the historical and architectural importance of the Sanchi Stupa. Also, discuss how it inspired the future architecture in India. (Answer in 150 words)","Type: question, Word limit: 150, Marks: ",https://cdn.visionias.in/toppersanswerbooklet/06039-857571_2422_sakshi-jamuar_89.pdf#page=8
SAKSHI JAMUAR,VisionIAS,GS1,10,"Bhagat Singh made a real breakthrough in terms of revolutionary ideology, the goals of revolution and forms of revolutionary struggle. Elucidate. (Answer in 150 words)","Type: question, Word limit: 150, Marks: ",https://cdn.visionias.in/toppersanswerbooklet/06039-857571_2422_sakshi-jamuar_89.pdf#page=10
SAKSHI JAMUAR,VisionIAS,GS1,12,"Bringing out the factors that led to the Meiji restoration, discuss its significance for Japan. (Answer in 150 words)","Type: question, Word limit: 150, Marks: ",https://cdn.visionias.in/toppersanswerbooklet/06039-857571_2422_sakshi-jamuar_89.pdf#page=12
SAKSHI JAMUAR,VisionIAS,GS1,14,"It is believed that a nation is an “imagined community” held together by common beliefs, history, political aspirations etc. In this context, discuss what the basis of India as a nation is. Also, bring out the threats to the concept of Indian nationhood. (Answer in 150 words)","Type: question, Word limit: 150, Marks: ",https://cdn.visionias.in/toppersanswerbooklet/06039-857571_2422_sakshi-jamuar_89.pdf#page=14
SAKSHI JAMUAR,VisionIAS,GS1,16,"State the key factors behind the growth of the pharmaceutical industry in India. Additionally, discuss its significance with regard to India's economy and public health.(Answer in 150words)","Type: question, Word limit: 150, Marks: ",https://cdn.visionias.in/toppersanswerbooklet/06039-857571_2422_sakshi-jamuar_89.pdf#page=16
SAKSHI JAMUAR,VisionIAS,GS1,18,"Discuss why the Bay of Bengal is more prone to cyclones than the Arabian Sea. Also, explain the reasons for the decrease in frequency of tropical cyclones during the Southwest monsoon season. (Answer in 150 words)","Type: question, Word limit: 150, Marks: ",https://cdn.visionias.in/toppersanswerbooklet/06039-857571_2422_sakshi-jamuar_89.pdf#page=18
SAKSHI JAMUAR,VisionIAS,GS1,20,"Despite being destructive in nature, volcanoes are critical for the existence of human life on earth. Elucidate. (Answer in 150 words)","Type: question, Word limit: 150, Marks: ",https://cdn.visionias.in/toppersanswerbooklet/06039-857571_2422_sakshi-jamuar_89.pdf#page=20
SAKSHI JAMUAR,VisionIAS,GS1,22,The existence of relative deprivation is an important aspect in constructing the argument for regionalism. Explain with examples. (Answer in 150 words),"Type: question, Word limit: 150, Marks: ",https://cdn.visionias.in/toppersanswerbooklet/06039-857571_2422_sakshi-jamuar_89.pdf#page=22
SAKSHI JAMUAR,VisionIAS,GS1,24,"If India is to realise the goal of 'education for all', the issue of rising cases of bullying and other forms of school violence needs to be addressed immediately. Discuss. (Answer in 150 words)","Type: question, Word limit: 150, Marks: ",https://cdn.visionias.in/toppersanswerbooklet/06039-857571_2422_sakshi-jamuar_89.pdf#page=24
SAKSHI JAMUAR,VisionIAS,GS1,26,"Bring out the role played by the Ahom Kingdom in shaping the cultural and historical identity of North-East India, and discuss its legacy in contemporary times. (Answer in 250 words)","Type: question, Word limit: 250, Marks: ",https://cdn.visionias.in/toppersanswerbooklet/06039-857571_2422_sakshi-jamuar_89.pdf#page=26
SAKSHI JAMUAR,VisionIAS,GS1,29,"The capitalist class generally remained ambivalent in their support to the Indian National Congress until 1940s. In this context, analyse the varying positions of the Indian capitalists throughout the national movement. (Answer in 250 words)","Type: question, Word limit: 250, Marks: ",https://cdn.visionias.in/toppersanswerbooklet/06039-857571_2422_sakshi-jamuar_89.pdf#page=29
SAKSHI JAMUAR,VisionIAS,GS1,32,"Trace the evolution of the press in India. Also, discuss the instrumental impact it had during various stages of the Indian freedom struggle despite the repressive policies of the British. (Answer in 250 words)","Type: question, Word limit: 250, Marks: ",https://cdn.visionias.in/toppersanswerbooklet/06039-857571_2422_sakshi-jamuar_89.pdf#page=32
SAKSHI JAMUAR,VisionIAS,GS1,38,"Mountains are fragile ecosystems vulnerable to the adverse impact of climate change and other anthropogenic interventions. Illustrate with examples. Also, highlight the initiatives taken for their sustainable management. (Answer in 250 words)","Type: question, Word limit: 250, Marks: ",https://cdn.visionias.in/toppersanswerbooklet/06039-857571_2422_sakshi-jamuar_89.pdf#page=38
SAKSHI JAMUAR,VisionIAS,GS1,41,"Discuss the reasons behind unsustainable management of sand resources in India. Highlighting its impact, enumerate the remedial measures taken in this context. (Answer in 250 words)","Type: question, Word limit: 250, Marks: ",https://cdn.visionias.in/toppersanswerbooklet/06039-857571_2422_sakshi-jamuar_89.pdf#page=41
SAKSHI JAMUAR,VisionIAS,GS1,44,"Giving an account of the major lithium-producing countries, discuss the geo-political aspects of lithium production and its environmental implications. (Answer in 250 words)","Type: question, Word limit: 250, Marks: ",https://cdn.visionias.in/toppersanswerbooklet/06039-857571_2422_sakshi-jamuar_89.pdf#page=44
SAKSHI JAMUAR,VisionIAS,GS1,47,"The youth are capable of identifying themselves with a global identity and connecting with events and experiences outside their countries. In this context, discuss the impact of globalization on the various aspects of youth identity. (Answer in 250 words)","Type: question, Word limit: 250, Marks: ",https://cdn.visionias.in/toppersanswerbooklet/06039-857571_2422_sakshi-jamuar_89.pdf#page=47
SAKSHI JAMUAR,VisionIAS,GS1,50,"As fertility rates decline in India, future demographic concerns center around an ageing population and a weak social security system. Discuss. (Answer in 250 words)","Type: question, Word limit: 250, Marks: ",https://cdn.visionias.in/toppersanswerbooklet/06039-857571_2422_sakshi-jamuar_89.pdf#page=50
SAKSHI JAMUAR,VisionIAS,GS1,53,"With a significant proportion of India's population expected to live in urban areas by 2030, the welfare of the urban poor needs to take centre-stage in public policy. Discuss. (Answer in 250 words)","Type: question, Word limit: 250, Marks: ",https://cdn.visionias.in/toppersanswerbooklet/06039-857571_2422_sakshi-jamuar_89.pdf#page=53
Sumit Kumar,VisionIAS,GS4,5,"In order to improve the bureaucratic work culture and productivity, there is a need to downsize government and privatize some of the services. Critically discuss with examples.","Type: question (salvaged), Word limit: , Marks: ",https://cdn.visionias.in/toppersanswerbooklet/b9348-22026_1069_sumit_kumar_rank_53.pdf#page=5
Sumit Kumar,VisionIAS,GS4,11,"A blanket prohibition of criticism of the policies of the Government is invalid and void, and it makes no difference if the person criticizing happens to be a government servant."" Critically discuss in the context of Civil Service Conduct Rules, 1964.","Type: question (salvaged), Word limit: , Marks: ",https://cdn.visionias.in/toppersanswerbooklet/b9348-22026_1069_sumit_kumar_rank_53.pdf#page=11
Sumit Kumar,VisionIAS,GS4,13,"Man by nature is a political animal"". Explain with reference to Aristotle's idea of the state in life of the society.","Type: question (salvaged), Word limit: , Marks: ",https://cdn.visionias.in/toppersanswerbooklet/b9348-22026_1069_sumit_kumar_rank_53.pdf#page=13
Sumit Kumar,VisionIAS,GS4,15,"What are the factors that have influenced the contemporary attitude of the state and the society towards homosexuality in India? Also, comment on the changing attitude and the factors driving this change.","Type: question (salvaged), Word limit: , Marks: ",https://cdn.visionias.in/toppersanswerbooklet/b9348-22026_1069_sumit_kumar_rank_53.pdf#page=15
Sumit Kumar,VisionIAS,GS4,23,"Every superstition cannot be removed by the force of law. For that, a mental change is necessary. Comment. Also, explain how educators and public figures can help in eradicating superstition and instilling scientific temper among people.","Type: question, Word limit: , Marks: ",https://cdn.visionias.in/toppersanswerbooklet/b9348-22026_1069_sumit_kumar_rank_53.pdf#page=23
Sumit Kumar,VisionIAS,GS4,25,"Many argue that there are times, when war is morally permissible, and even obligatory. Critically discuss.","Type: question, Word limit: , Marks: ",https://cdn.visionias.in/toppersanswerbooklet/b9348-22026_1069_sumit_kumar_rank_53.pdf#page=25
Sumit Kumar,VisionIAS,GS4,27,"It has been argued that traditional approaches to corporate social responsibility (CSR) are inadequate. Discuss. Also, examine the role of Social License to Operate (SLO) in this regard.","Type: question, Word limit: , Marks: ",https://cdn.visionias.in/toppersanswerbooklet/b9348-22026_1069_sumit_kumar_rank_53.pdf#page=27
Sumit Kumar,VisionIAS,GS4,49,"You are a young athlete representing India at an international-level competition. During the competition, you witness a few senior athletes injecting something using a syringe, in private. When you approach them, they explain that it is a performance enhancing drug, which is very common in such competitions and you should take the same as well. You are in fear and decide to approach the coach to discuss the event you witnessed. However, you get to know that the athletes are taking the drug at the advice of the coach himself.","Type: question, Word limit: , Marks: ",https://cdn.visionias.in/toppersanswerbooklet/b9348-22026_1069_sumit_kumar_rank_53.pdf#page=49
ARPIT KUMAR,VisionIAS,GS1,3,"While fixed-term employment offers an ingenious way to address specific issues faced by both employers and employees, there are also some concerns associated with it. Discuss in the context of India. (150 words)","Type: question, Word limit: 150, Marks: ",https://cdn.visionias.in/toppersanswerbooklet/9fd5f-546705_1840_arpit_kumar_rank_136.pdf#page=3
ARPIT KUMAR,VisionIAS,GS1,5,An efficient logistics sector with a focus on warehousing is pivotal to the success of the Bharatmala Pariyojana. Discuss. (150 words),"Type: question, Word limit: 150, Marks: ",https://cdn.visionias.in/toppersanswerbooklet/9fd5f-546705_1840_arpit_kumar_rank_136.pdf#page=5
ARPIT KUMAR,VisionIAS,GS1,7,"What do you understand by the term 'irrigation scheduling'? Bringing out the advantages provided by it, discuss the difficulties faced in applying it on a farm level. (150 words)","Type: question, Word limit: 150, Marks: ",https://cdn.visionias.in/toppersanswerbooklet/9fd5f-546705_1840_arpit_kumar_rank_136.pdf#page=7
ARPIT KUMAR,VisionIAS,GS1,9,"While the Pradhan Mantri Fasal Bima Yojana was touted as the largest crop insurance scheme globally in terms of farmer participation, various concerns have arisen since its implementation. Discuss. (150 words)","Type: question, Word limit: 150, Marks: ",https://cdn.visionias.in/toppersanswerbooklet/9fd5f-546705_1840_arpit_kumar_rank_136.pdf#page=9
ARPIT KUMAR,VisionIAS,GS1,11,"The Stockholm Conference commenced the contemporary ""environmental era"", which brought a paradigm shift in the environmental governance and set a tone for multi-lateral environmental regime. Discuss. (150 words)","Type: question, Word limit: 150, Marks: ",https://cdn.visionias.in/toppersanswerbooklet/9fd5f-546705_1840_arpit_kumar_rank_136.pdf#page=11
ARPIT KUMAR,VisionIAS,GS1,13,"The world has witnessed a huge surge in climate-induced disasters, which are largely driven by anthropogenic factors. In this context, analyse the role of early warning systems in mitigating the impact of the disasters. (150 words)","Type: question, Word limit: 150, Marks: ",https://cdn.visionias.in/toppersanswerbooklet/9fd5f-546705_1840_arpit_kumar_rank_136.pdf#page=13
ARPIT KUMAR,VisionIAS,GS1,15,Critically examine the implications of leveraging technology in policing. (150 words),"Type: question, Word limit: 150, Marks: ",https://cdn.visionias.in/toppersanswerbooklet/9fd5f-546705_1840_arpit_kumar_rank_136.pdf#page=15
ARPIT KUMAR,VisionIAS,GS1,17,How far do you agree with the view that climate change poses a threat to international peace and security? (150 words),"Type: question, Word limit: 150, Marks: ",https://cdn.visionias.in/toppersanswerbooklet/9fd5f-546705_1840_arpit_kumar_rank_136.pdf#page=17
ARPIT KUMAR,VisionIAS,GS1,19,What do you understand by a virtual private network (VPN)? Highlight its advantages and discuss the concerns posed by it. (150 words),"Type: question, Word limit: 150, Marks: ",https://cdn.visionias.in/toppersanswerbooklet/9fd5f-546705_1840_arpit_kumar_rank_136.pdf#page=19
ARPIT KUMAR,VisionIAS,GS1,21,"The discovery of the Higgs Boson at the Large Hadron Collider in CERN completed 10 years recently. In this context, discuss the role played by CERN in overall scientific development. (150 words)","Type: question, Word limit: 150, Marks: ",https://cdn.visionias.in/toppersanswerbooklet/9fd5f-546705_1840_arpit_kumar_rank_136.pdf#page=21
ARPIT KUMAR,VisionIAS,GS1,23,"Highlighting the factors that affect the cropping pattern in India, discuss the need for modifying it in the context of the emerging agro-ecological concerns. (250 words)","Type: question, Word limit: 250, Marks: ",https://cdn.visionias.in/toppersanswerbooklet/9fd5f-546705_1840_arpit_kumar_rank_136.pdf#page=23
ARPIT KUMAR,VisionIAS,GS1,26,"While the budgetary reforms undertaken by the Central government in recent years have led to better management of government expenditure, there are some issues that still need redressal. Discuss. (250 words)","Type: question, Word limit: 250, Marks: ",https://cdn.visionias.in/toppersanswerbooklet/9fd5f-546705_1840_arpit_kumar_rank_136.pdf#page=26
ARPIT KUMAR,VisionIAS,GS1,29,"For India to create a 'future ready' railway system, it must harness innovation and resource efficiency. Discuss the statement in the context of the measures enlisted in the National Rail Plan 2030. (250 words)","Type: question, Word limit: 250, Marks: ",https://cdn.visionias.in/toppersanswerbooklet/9fd5f-546705_1840_arpit_kumar_rank_136.pdf#page=29
ARPIT KUMAR,VisionIAS,GS1,32,"Discuss the significance of technology in the Indian agricultural sector. Also, state the challenges in realising its potential to improve agricultural efficiency and increase the income of the farmers. (250 words)","Type: question, Word limit: 250, Marks: ",https://cdn.visionias.in/toppersanswerbooklet/9fd5f-546705_1840_arpit_kumar_rank_136.pdf#page=32
ARPIT KUMAR,VisionIAS,GS1,35,"Despite the digital transformation in the Public Distribution System (PDS) in India, several challenges still remain. Elaborate. Also, suggest measures to address them. (250 words)","Type: question, Word limit: 250, Marks: ",https://cdn.visionias.in/toppersanswerbooklet/9fd5f-546705_1840_arpit_kumar_rank_136.pdf#page=35
ARPIT KUMAR,VisionIAS,GS1,38,"Discuss the various concerns that exist with regard to fuel efficiency regulations for vehicles in India. Also, suggest the measures that can be taken in this regard. (250 words)","Type: question, Word limit: 250, Marks: ",https://cdn.visionias.in/toppersanswerbooklet/9fd5f-546705_1840_arpit_kumar_rank_136.pdf#page=38
ARPIT KUMAR,VisionIAS,GS1,41,"Urban fire is becoming a serious cause of concern in Indian cities. In this context, highlight the major causes behind urban fires in India. What steps can be taken to build robust fire resilience in Indian cities? (250 words)","Type: question, Word limit: 250, Marks: ",https://cdn.visionias.in/toppersanswerbooklet/9fd5f-546705_1840_arpit_kumar_rank_136.pdf#page=41
ARPIT KUMAR,VisionIAS,GS1,44,"Drones in border areas present a serious threat for border management in India. Elaborate. Also, discuss the different measures taken to regulate the use of drones in India. (250 words)","Type: question, Word limit: 250, Marks: ",https://cdn.visionias.in/toppersanswerbooklet/9fd5f-546705_1840_arpit_kumar_rank_136.pdf#page=44
ARPIT KUMAR,VisionIAS,GS1,47,"Despite a global framework to prevent weaponization of space, it has been increasing in the recent times. Discuss. Also, give an account of the implications of space weaponization. (250 words)","Type: question, Word limit: 250, Marks: ",https://cdn.visionias.in/toppersanswerbooklet/9fd5f-546705_1840_arpit_kumar_rank_136.pdf#page=47
ARPIT KUMAR,VisionIAS,GS1,50,What do you understand by a bio-economy? Highlight the role that the National Biotechnology Development Strategy 2021-2025 can play in creating a robust bio-economy in India. (250 words),"Type: question, Word limit: 250, Marks: ",https://cdn.visionias.in/toppersanswerbooklet/9fd5f-546705_1840_arpit_kumar_rank_136.pdf#page=50
MANAN BHAT,VisionIAS,GS1,3,"Explain the meaning of off-budget borrowings and its role in helping the government raise funds for various expenditures. Also, comment on its desirability. (150 words)","Type: question, Word limit: 150, Marks: ",https://cdn.visionias.in/toppersanswerbooklet/7db39-718535_1515_manan-bhat_rank_88.pdf#page=3
MANAN BHAT,VisionIAS,GS1,5,It is argued that genetically modified food crops are required to ensure food security of India. Examine in view of concerns regarding introduction of GM crops. (150 words),"Type: question, Word limit: 150, Marks: ",https://cdn.visionias.in/toppersanswerbooklet/7db39-718535_1515_manan-bhat_rank_88.pdf#page=5
MANAN BHAT,VisionIAS,GS1,7,India's price intervention policies to support its agricultural sector not only create a broken system but also complicate matters related to international trade rules. Critically discuss. (150 words),"Type: question, Word limit: 150, Marks: ",https://cdn.visionias.in/toppersanswerbooklet/7db39-718535_1515_manan-bhat_rank_88.pdf#page=7
MANAN BHAT,VisionIAS,GS1,9,India has an opportunity to become a leading global food supplier provided it has an efficient supply chain and the right marketing strategies. Elucidate. (150 words),"Type: question, Word limit: 150, Marks: ",https://cdn.visionias.in/toppersanswerbooklet/7db39-718535_1515_manan-bhat_rank_88.pdf#page=9
MANAN BHAT,VisionIAS,GS1,11,"Land banks are increasingly gaining prominence in India to encourage land-use efficiency and enable economic growth. In this context, discuss the benefits of a land bank and state the concerns associated with it. (150 words)","Type: question, Word limit: 150, Marks: ",https://cdn.visionias.in/toppersanswerbooklet/7db39-718535_1515_manan-bhat_rank_88.pdf#page=11
MANAN BHAT,VisionIAS,GS1,13,Desertification has been described as one of the greatest environmental challenges of our time and climate change is making it worse. Discuss. (150 words),"Type: question, Word limit: 150, Marks: ",https://cdn.visionias.in/toppersanswerbooklet/7db39-718535_1515_manan-bhat_rank_88.pdf#page=13
MANAN BHAT,VisionIAS,GS1,15,"In the context of intellectual property rights, discuss the advantages and disadvantages of releasing projects under an 'Open Source' license. (150 words)","Type: question, Word limit: 150, Marks: ",https://cdn.visionias.in/toppersanswerbooklet/7db39-718535_1515_manan-bhat_rank_88.pdf#page=15
MANAN BHAT,VisionIAS,GS1,17,"""Indian space sector has been dominated by a single umbrella of government and government institutions."" In light of the statement, discuss the significance of Indian Space Association in providing an impetus to space technology in India. (150 words)","Type: question, Word limit: 150, Marks: ",https://cdn.visionias.in/toppersanswerbooklet/7db39-718535_1515_manan-bhat_rank_88.pdf#page=17
MANAN BHAT,VisionIAS,GS1,19,"Man and machine both have an important role in national security and making urban areas secure. In this context, discuss how technology is a major stakeholder in addressing the internal security challenges of India. (150 words)","Type: question, Word limit: 150, Marks: ",https://cdn.visionias.in/toppersanswerbooklet/7db39-718535_1515_manan-bhat_rank_88.pdf#page=19
MANAN BHAT,VisionIAS,GS1,21,National Security Guard (NSG) has emerged as a formidable force equipped to handle various manifestations of terrorism. Discuss the mandate and achievements of this force. (150 words),"Type: question, Word limit: 150, Marks: ",https://cdn.visionias.in/toppersanswerbooklet/7db39-718535_1515_manan-bhat_rank_88.pdf#page=21
MANAN BHAT,VisionIAS,GS1,23,"What do you understand by asset monetisation? Why is it needed in India? In this context, discuss the issues that need to be addressed for the National Monetisation Pipeline to succeed. (250 words)","Type: question, Word limit: 250, Marks: ",https://cdn.visionias.in/toppersanswerbooklet/7db39-718535_1515_manan-bhat_rank_88.pdf#page=23
MANAN BHAT,VisionIAS,GS1,26,What is social stock exchange (SSE)? Discuss the need for setting up of SSEs and key challenges in their effective implementation. (250 words),"Type: question, Word limit: 250, Marks: ",https://cdn.visionias.in/toppersanswerbooklet/7db39-718535_1515_manan-bhat_rank_88.pdf#page=26
MANAN BHAT,VisionIAS,GS1,29,"In the context of India, highlight the importance of agriculture extension. What are the challenges faced in provisioning of agriculture extension services? How does the National Mission on Agricultural Extension & Technology (NMAET) address these issues? (250 words)","Type: question, Word limit: 250, Marks: ",https://cdn.visionias.in/toppersanswerbooklet/7db39-718535_1515_manan-bhat_rank_88.pdf#page=29
MANAN BHAT,VisionIAS,GS1,32,"Clearly delineate the 'employment problem' that India currently faces. Also, explain the fundamental reasons behind existence of this problem. (250 words)","Type: question, Word limit: 250, Marks: ",https://cdn.visionias.in/toppersanswerbooklet/7db39-718535_1515_manan-bhat_rank_88.pdf#page=32
MANAN BHAT,VisionIAS,GS1,35,"Although steps have been taken for integrating the dispersed logistics activities of maritime trade, much more needs to be done to make India a maritime powerhouse. Discuss. (250 words)","Type: question, Word limit: 250, Marks: ",https://cdn.visionias.in/toppersanswerbooklet/7db39-718535_1515_manan-bhat_rank_88.pdf#page=35
MANAN BHAT,VisionIAS,GS1,38,Accounting for natural capital and ecosystem services is crucial to understand the link between the economy and environment. Discuss with specific references to India's initiatives in this regard. (250 words),"Type: question, Word limit: 250, Marks: ",https://cdn.visionias.in/toppersanswerbooklet/7db39-718535_1515_manan-bhat_rank_88.pdf#page=38
MANAN BHAT,VisionIAS,GS1,41,Rapid and unplanned urbanisation accompanied by population growth have increased both the risk and impact of natural disasters. Discuss the statement along with adequate measures to address the relevant concerns in India. (250 words),"Type: question, Word limit: 250, Marks: ",https://cdn.visionias.in/toppersanswerbooklet/7db39-718535_1515_manan-bhat_rank_88.pdf#page=41
MANAN BHAT,VisionIAS,GS1,44,National Hydrogen Mission can be a game changer for India's rising energy demands. Comment. (250 words),"Type: question, Word limit: 250, Marks: ",https://cdn.visionias.in/toppersanswerbooklet/7db39-718535_1515_manan-bhat_rank_88.pdf#page=44
MANAN BHAT,VisionIAS,GS1,47,"Despite geo-strategic instability of its region and a keen awareness of the cyber threat it faces, India has made only 'modest progress' in developing its policy and doctrine for cyberspace security. Critically examine. (250 words)","Type: question, Word limit: 250, Marks: ",https://cdn.visionias.in/toppersanswerbooklet/7db39-718535_1515_manan-bhat_rank_88.pdf#page=47
MANAN BHAT,VisionIAS,GS1,50,Developmental interventions alone cannot play a defining role in the resolution of existing and protracted internal conflicts in various parts of India within a reasonable time frame. Discuss. (250 words),"Type: question, Word limit: 250, Marks: ",https://cdn.visionias.in/toppersanswerbooklet/7db39-718535_1515_manan-bhat_rank_88.pdf#page=50
Prakhya,VisionIAS,GS2,6,"With suitable examples, discuss how environmental pressure groups enhance public participation and responsiveness with regard to environmental policies in India. (Answer in 150 words)","Type: question, Word limit: 150, Marks: ",https://cdn.visionias.in/toppersanswerbooklet/07445-1308805_2423_prakhya_rank_265.pdf#page=6
Prakhya,VisionIAS,GS2,8,The recent acknowledgment of sex work as a 'profession' by the Supreme Court is merely the first step in ensuring basic rights and equality for sex workers in India. Examine. (Answer in 150 words),"Type: question, Word limit: 150, Marks: ",https://cdn.visionias.in/toppersanswerbooklet/07445-1308805_2423_prakhya_rank_265.pdf#page=8
Prakhya,VisionIAS,GS2,10,Discuss the role played by District Legal Services Authorities (DLSAs) in providing free legal aid and disseminating legal awareness in India. (Answer in 150 words),"Type: question, Word limit: 150, Marks: ",https://cdn.visionias.in/toppersanswerbooklet/07445-1308805_2423_prakhya_rank_265.pdf#page=10
Prakhya,VisionIAS,GS2,12,"""The collegium system has become a victim of its own success, with the concentration of power in the hands of a few, leading to questions about its legitimacy."" Comment. (Answer in 150 words)","Type: question, Word limit: 150, Marks: ",https://cdn.visionias.in/toppersanswerbooklet/07445-1308805_2423_prakhya_rank_265.pdf#page=12
Prakhya,VisionIAS,GS2,14,"""Civil services reforms must go beyond recruitment and standardised training to cope with the present day challenges."" Analyse. (Answer in 150 words)","Type: question, Word limit: 150, Marks: ",https://cdn.visionias.in/toppersanswerbooklet/07445-1308805_2423_prakhya_rank_265.pdf#page=14
Prakhya,VisionIAS,GS2,16,Outcome-based finance models such as social impact bonds have the potential to truly catalyse change and deliver socio-economic impact at scale. Discuss. (Answer in 150 words),"Type: question, Word limit: 150, Marks: ",https://cdn.visionias.in/toppersanswerbooklet/07445-1308805_2423_prakhya_rank_265.pdf#page=16
Prakhya,VisionIAS,GS2,18,The wide gap between the number of females graduating every year and those entering the workspace is an issue of paramount importance that needs to be addressed. Discuss in the context of India. (Answer in 150 words),"Type: question, Word limit: 150, Marks: ",https://cdn.visionias.in/toppersanswerbooklet/07445-1308805_2423_prakhya_rank_265.pdf#page=18
Prakhya,VisionIAS,GS2,20,An up to date and functional Civil Registration System (CRS) is essential to the socio-economic planning in India. Discuss in the light of the recent move of the Central government in revamping the CRS system in the country. (Answer in 150 words),"Type: question, Word limit: 150, Marks: ",https://cdn.visionias.in/toppersanswerbooklet/07445-1308805_2423_prakhya_rank_265.pdf#page=20
Prakhya,VisionIAS,GS2,22,What are the key areas of reform if the International Monetary Fund (IMF) has to align with the current economic realities? (Answer in 150 words),"Type: question, Word limit: 150, Marks: ",https://cdn.visionias.in/toppersanswerbooklet/07445-1308805_2423_prakhya_rank_265.pdf#page=22
Prakhya,VisionIAS,GS2,24,"In recent years, India's relationship with West Asia has evolved from the confines of geopolitics to expanse of geoeconomics. Discuss. (Answer in 150 words)","Type: question, Word limit: 150, Marks: ",https://cdn.visionias.in/toppersanswerbooklet/07445-1308805_2423_prakhya_rank_265.pdf#page=24
Prakhya,VisionIAS,GS2,26,The role of the Competition Commission of India (CCI) is significant in furthering healthy competitiveness aimed at inspiring stakeholders to innovate and augment effectiveness. Comment. (Answer in 250 words),"Type: question, Word limit: 250, Marks: ",https://cdn.visionias.in/toppersanswerbooklet/07445-1308805_2423_prakhya_rank_265.pdf#page=26
Prakhya,VisionIAS,GS2,29,"""The menace of paid news often rears its ugly head during elections."" Discuss the need for making paid news an electoral offence in India. (Answer in 250 words)","Type: question, Word limit: 250, Marks: ",https://cdn.visionias.in/toppersanswerbooklet/07445-1308805_2423_prakhya_rank_265.pdf#page=29
Prakhya,VisionIAS,GS2,32,Discuss the 'Doctrine of Essentiality' referred to by the courts in the context of religious practices in India. (Answer in 250 words),"Type: question, Word limit: 250, Marks: ",https://cdn.visionias.in/toppersanswerbooklet/07445-1308805_2423_prakhya_rank_265.pdf#page=32
Prakhya,VisionIAS,GS2,35,"As per the recently released report of the Economic Advisory Council to the Prime Minister (EAC-PM), there is an urgent need to limit the size of the government in India. Do you agree? (Answer in 250 words)","Type: question, Word limit: 250, Marks: ",https://cdn.visionias.in/toppersanswerbooklet/07445-1308805_2423_prakhya_rank_265.pdf#page=35
Prakhya,VisionIAS,GS2,38,"The Institutions of Eminence (IoE) scheme was conceived to develop 'world-class' centres of higher education in India but six years later, it is yet to become the game changer it was intended to be. Discuss. (Answer in 250 words)","Type: question, Word limit: 250, Marks: ",https://cdn.visionias.in/toppersanswerbooklet/07445-1308805_2423_prakhya_rank_265.pdf#page=38
Prakhya,VisionIAS,GS2,41,"Digital Public Infrastructure (DPI) allows for innovative and convenient public services, help overcome inclusion or accessibility barriers, and increase transparency and accountability with real-time data. Discuss with examples. (Answer in 250 words)","Type: question, Word limit: 250, Marks: ",https://cdn.visionias.in/toppersanswerbooklet/07445-1308805_2423_prakhya_rank_265.pdf#page=41
Prakhya,VisionIAS,GS2,44,"Besides legislation, the full realisation of the 'right to health for all' in India demands plugging of social, financial, and infrastructural gaps. Examine. (Answer in 250 words)","Type: question, Word limit: 250, Marks: ",https://cdn.visionias.in/toppersanswerbooklet/07445-1308805_2423_prakhya_rank_265.pdf#page=44
Prakhya,VisionIAS,GS2,47,The 'third gender' has not yet been engendered in the Indian society despite legislative nudge. Analyse. (Answer in 250 words),"Type: question, Word limit: 250, Marks: ",https://cdn.visionias.in/toppersanswerbooklet/07445-1308805_2423_prakhya_rank_265.pdf#page=47
Prakhya,VisionIAS,GS2,50,"Among other factors, strained ties with China and Pakistan make it difficult for India to fulfill its expectations from the Shanghai Cooperation Organisation (SCO). Discuss. (Answer in 250 words)","Type: question, Word limit: 250, Marks: ",https://cdn.visionias.in/toppersanswerbooklet/07445-1308805_2423_prakhya_rank_265.pdf#page=50
Prakhya,VisionIAS,GS2,53,The recently concluded initiative on Critical and Emerging Technology (iCET) between the United States and India promises a long overdue transformation of their partnership in the field of technology. Examine. (Answer in 250 words),"Type: question, Word limit: 250, Marks: ",https://cdn.visionias.in/toppersanswerbooklet/07445-1308805_2423_prakhya_rank_265.pdf#page=53
Aman Aloon,VisionIAS,GS3,6,How is the rapid growth of the food processing industry leading to food safety challenges in India? (Answer in 150 words),"Type: question, Word limit: 150, Marks: ",https://cdn.visionias.in/toppersanswerbooklet/b4687-51357_2930_aman-aloon_rank_295.pdf#page=6
Aman Aloon,VisionIAS,GS3,8,"Under the Public Distribution System of India, the Fair Price Shop (FPS) transformation is an evolving process. Discuss. (Answer in 150 words)","Type: question, Word limit: 150, Marks: ",https://cdn.visionias.in/toppersanswerbooklet/b4687-51357_2930_aman-aloon_rank_295.pdf#page=8
Aman Aloon,VisionIAS,GS3,10,How are agri-tech startups in India helping farmers in enhancing farm productivity and market access? (Answer in 150 words),"Type: question, Word limit: 150, Marks: ",https://cdn.visionias.in/toppersanswerbooklet/b4687-51357_2930_aman-aloon_rank_295.pdf#page=10
Aman Aloon,VisionIAS,GS3,12,Discuss the role of digitization of land records in the effective implementation of land reforms in India. (Answer in 150 words),"Type: question, Word limit: 150, Marks: ",https://cdn.visionias.in/toppersanswerbooklet/b4687-51357_2930_aman-aloon_rank_295.pdf#page=12
Aman Aloon,VisionIAS,GS3,14,"To fully exploit its demographic dividend and accelerate economic growth, India needs to adopt a manufacturing-led growth model. Discuss. (Answer in 150 words)","Type: question, Word limit: 150, Marks: ",https://cdn.visionias.in/toppersanswerbooklet/b4687-51357_2930_aman-aloon_rank_295.pdf#page=14
Aman Aloon,VisionIAS,GS3,16,How can the resilience of Indian coastal communities be strengthened to tackle the growing natural hazards resulting from climate change? (Answer in 150 words),"Type: question, Word limit: 150, Marks: ",https://cdn.visionias.in/toppersanswerbooklet/b4687-51357_2930_aman-aloon_rank_295.pdf#page=16
Aman Aloon,VisionIAS,GS3,18,How does the Green Credit Programme extend beyond carbon management to promote a more sustainable environment in India? What are the various concerns about its implementation? (Answer in 150 words),"Type: question, Word limit: 150, Marks: ",https://cdn.visionias.in/toppersanswerbooklet/b4687-51357_2930_aman-aloon_rank_295.pdf#page=18
Aman Aloon,VisionIAS,GS3,20,What is the need for NavIC when existing satellite navigation systems are already available? (Answer in 150 words),"Type: question, Word limit: 150, Marks: ",https://cdn.visionias.in/toppersanswerbooklet/b4687-51357_2930_aman-aloon_rank_295.pdf#page=20
Aman Aloon,VisionIAS,GS3,22,Cyber-enabled financial crime has emerged as the new frontier of global money laundering. Discuss. How can the government address this issue? (Answer in 150 words),"Type: question, Word limit: 150, Marks: ",https://cdn.visionias.in/toppersanswerbooklet/b4687-51357_2930_aman-aloon_rank_295.pdf#page=22
Aman Aloon,VisionIAS,GS3,24,"The Indian Army is observing the year 2024 as the 'Year of Technology Absorption'. In light of this, explain why there is a need for technology absorption in the defence sector of India. What challenges can India face in this initiative? (Answer in 150 words)","Type: question, Word limit: 150, Marks: ",https://cdn.visionias.in/toppersanswerbooklet/b4687-51357_2930_aman-aloon_rank_295.pdf#page=24
Aman Aloon,VisionIAS,GS3,26,What are the issues faced in the development of trade and industries in the North-Eastern Region (NER) of India? Comment on the measures that have been taken to tackle these issues. (Answer in 250 words),"Type: question, Word limit: 250, Marks: ",https://cdn.visionias.in/toppersanswerbooklet/b4687-51357_2930_aman-aloon_rank_295.pdf#page=26
Aman Aloon,VisionIAS,GS3,29,"In the era of climate change and growing water scarcity, how can micro-irrigation systems contribute to sustainable agricultural practices in India? (Answer in 250 words)","Type: question, Word limit: 250, Marks: ",https://cdn.visionias.in/toppersanswerbooklet/b4687-51357_2930_aman-aloon_rank_295.pdf#page=29
Aman Aloon,VisionIAS,GS3,32,What strategies can be adopted to overcome the issues pertaining to freight transportation in the Indian Railways and increase its share in the domestic freight? (Answer in 250 words),"Type: question, Word limit: 250, Marks: ",https://cdn.visionias.in/toppersanswerbooklet/b4687-51357_2930_aman-aloon_rank_295.pdf#page=32
Aman Aloon,VisionIAS,GS3,35,Discuss the factors that have aided India in making impressive strides in the renewable energy sector and establishing itself as a frontrunner in the global renewable energy transition. (Answer in 250 words),"Type: question, Word limit: 250, Marks: ",https://cdn.visionias.in/toppersanswerbooklet/b4687-51357_2930_aman-aloon_rank_295.pdf#page=35
Aman Aloon,VisionIAS,GS3,38,How does agricultural runoff containing fertilizers and pesticides contribute to environmental pollution? What measures can be taken to mitigate the impact of agricultural runoff? (Answer in 250 words),"Type: question, Word limit: 250, Marks: ",https://cdn.visionias.in/toppersanswerbooklet/b4687-51357_2930_aman-aloon_rank_295.pdf#page=38
Aman Aloon,VisionIAS,GS3,41,"The growing influx of tourists in Himalayan states has breached their ecological carrying capacity, leading to significant man-made disasters. What measures can be implemented to prevent such disasters while promoting sustainable tourism? Discuss with relevant examples. (Answer in 250 words)","Type: question, Word limit: 250, Marks: ",https://cdn.visionias.in/toppersanswerbooklet/b4687-51357_2930_aman-aloon_rank_295.pdf#page=41
Aman Aloon,VisionIAS,GS3,44,How do superconductors fuel innovation in diverse fields of science and technology? Illustrate with examples. (Answer in 250 words),"Type: question, Word limit: 250, Marks: ",https://cdn.visionias.in/toppersanswerbooklet/b4687-51357_2930_aman-aloon_rank_295.pdf#page=44
Aman Aloon,VisionIAS,GS3,47,"While India has laws covering almost all types of intellectual property rights, numerous enforcement, regulatory and administrative challenges hamper the commercialisation of IPRs in India. Elaborate. (Answer in 250 words)","Type: question, Word limit: 250, Marks: ",https://cdn.visionias.in/toppersanswerbooklet/b4687-51357_2930_aman-aloon_rank_295.pdf#page=47
Aman Aloon,VisionIAS,GS3,50,"Keeping in view the challenges in creating integrated theatre commands, examine how the theaterisation of commands can lead to greater integration and rationalisation of manpower and resources among the three services. (Answer in 250 words)","Type: question, Word limit: 250, Marks: ",https://cdn.visionias.in/toppersanswerbooklet/b4687-51357_2930_aman-aloon_rank_295.pdf#page=50
Aman Aloon,VisionIAS,GS3,53,"Treating border villages as first villages not just geographically but also in terms of facilities can be a key strategy for enhancing border security. Discuss. Also, highlight the measures being taken by the government in this regard. (Answer in 250 words)","Type: question, Word limit: 250, Marks: ",https://cdn.visionias.in/toppersanswerbooklet/b4687-51357_2930_aman-aloon_rank_295.pdf#page=53
Ananya,VisionIAS,GS4,6,"The logic of limitless wealth lies in the basic human instinct for furthering self-interest in the form of profit. In this context, do you think there is a possibility of pursuing ethical capitalism? (Answer in 150 words)","Type: question, Word limit: 150, Marks: ",https://cdn.visionias.in/toppersanswerbooklet/09e37-967435_2220_ananya_rank-115.pdf#page=6
Ananya,VisionIAS,GS4,8,"If a law is unjust, a man is not only right to disobey it, he is obligated to do so. Discuss. (Answer in 150 words)","Type: question, Word limit: 150, Marks: ",https://cdn.visionias.in/toppersanswerbooklet/09e37-967435_2220_ananya_rank-115.pdf#page=8
Ananya,VisionIAS,GS4,10,The capacity of Citizens' Charter to initiate any transformative process is conditioned upon it being appropriately designed and effectively executed. Discuss. (Answer in 150 words),"Type: question, Word limit: 150, Marks: ",https://cdn.visionias.in/toppersanswerbooklet/09e37-967435_2220_ananya_rank-115.pdf#page=10
Ananya,VisionIAS,GS4,12,The moral fiber and ethical conduct of public officials not only influence the standard of governance but also their own interests and performance. Elaborate. (Answer in 150 words),"Type: question, Word limit: 150, Marks: ",https://cdn.visionias.in/toppersanswerbooklet/09e37-967435_2220_ananya_rank-115.pdf#page=12
Ananya,VisionIAS,GS4,14,The ongoing debate on euthanasia poses several ethical questions. Discuss. (Answer in 150 words),"Type: question, Word limit: 150, Marks: ",https://cdn.visionias.in/toppersanswerbooklet/09e37-967435_2220_ananya_rank-115.pdf#page=14
Ananya,VisionIAS,GS4,16,"Foreign aid is a form of neo-colonialism, as the economically wealthier countries can exploit the developing countries under the cloak of aid. Examine. (Answer in 150 words)","Type: question, Word limit: 150, Marks: ",https://cdn.visionias.in/toppersanswerbooklet/09e37-967435_2220_ananya_rank-115.pdf#page=16
Ananya,VisionIAS,GS4,18,"Throwing light on the idea of Universal Humanism propounded by Rabindranath Tagore, discuss its contemporary relevance. (Answer in 150 words)","Type: question, Word limit: 150, Marks: ",https://cdn.visionias.in/toppersanswerbooklet/09e37-967435_2220_ananya_rank-115.pdf#page=18
Ananya,VisionIAS,GS4,20,Do you agree with the view that it is nature and not nurture which determines the emotional intelligence of a person? (Answer in 150 words),"Type: question, Word limit: 150, Marks: ",https://cdn.visionias.in/toppersanswerbooklet/09e37-967435_2220_ananya_rank-115.pdf#page=20
Ananya,VisionIAS,GS4,22,"Values that guide public administrators can often compete with each other, owing to their relative importance to the larger public interest. Discuss with examples. (Answer in 150 words)","Type: question, Word limit: 150, Marks: ",https://cdn.visionias.in/toppersanswerbooklet/09e37-967435_2220_ananya_rank-115.pdf#page=22
Ananya,VisionIAS,GS4,24,Is it justifiable to say that corruption is a social phenomenon? What are the various ways through which administrative corruption can be tackled? (Answer in 150 words),"Type: question, Word limit: 150, Marks: ",https://cdn.visionias.in/toppersanswerbooklet/09e37-967435_2220_ananya_rank-115.pdf#page=24
Ananya,VisionIAS,GS4,52,Do you think that the current legal and institutional framework is adequate to deal with the menace of hate speech in society? (Answer in 250 words),"Type: question (salvaged), Word limit: 250, Marks: ",https://cdn.visionias.in/toppersanswerbooklet/09e37-967435_2220_ananya_rank-115.pdf#page=52
Manish,VisionIAS,GS4,11,Given below are quotations of moral thinkers/philosophers. Bring out what they mean to you in the present context:,"Type: question, Word limit: , Marks: ",https://cdn.visionias.in/toppersanswerbooklet/2fc6f-810341_1525_manish_rank-283.pdf#page=11
Manish,VisionIAS,GS4,23,"Identify which essential information should be made available to the public via Citizen's Charter? Also, suggest some steps for successful implementation of the Citizen's Charter. (150 words)","Type: question, Word limit: 150, Marks: ",https://cdn.visionias.in/toppersanswerbooklet/2fc6f-810341_1525_manish_rank-283.pdf#page=23
Manish,VisionIAS,GS4,25,Respect for human rights and humanitarian principles is a responsibility for all members of the international community. Discuss in the context of roles and responsibilities of States for protection of refugees. (150 words),"Type: question, Word limit: 150, Marks: ",https://cdn.visionias.in/toppersanswerbooklet/2fc6f-810341_1525_manish_rank-283.pdf#page=25
Manish,VisionIAS,GS4,27,What is red-tapism? Why is it considered a hurdle in the process of transitioning towards citizen centric governance? (150 words),"Type: question, Word limit: 150, Marks: ",https://cdn.visionias.in/toppersanswerbooklet/2fc6f-810341_1525_manish_rank-283.pdf#page=27
Manish,VisionIAS,GS4,37,Discuss the reasons behind such behaviour on part of society towards air pollution.,"Type: question (salvaged), Word limit: , Marks: ",https://cdn.visionias.in/toppersanswerbooklet/2fc6f-810341_1525_manish_rank-283.pdf#page=37
Manish,VisionIAS,GS4,41,Suppose you are a senior IAS officer who is heading a panel set up by the government to bring suitable changes in the conduct rules. Elaborate on how you will respond to the following questions:,"Type: question, Word limit: , Marks: ",https://cdn.visionias.in/toppersanswerbooklet/2fc6f-810341_1525_manish_rank-283.pdf#page=41
Manish,VisionIAS,GS4,45,"Economic growth has been the primary goal of economic policies, and the principal measure of an economy's success. In the last few decades, economic growth benefitted mankind in multiple ways. But alongside these benefits, it has also generated significant issues and a series of converging challenges. In light of this, answer the following: (a) What was the rationale behind GDP growth being considered the pillar of economic policies the world over in the past few decades? (b) Explain the need to go beyond GDP growth and reassess our measures of development. Identify some of the components that need to be complemented with GDP growth going forward.","Type: question, Word limit: , Marks: ",https://cdn.visionias.in/toppersanswerbooklet/2fc6f-810341_1525_manish_rank-283.pdf#page=45
Aprajit,VisionIAS,GS1,3,"Mention the structure and functions of NITI Aayog. Also, comment on its contemporary relevance. (150 words)","Type: question, Word limit: 150, Marks: ",https://cdn.visionias.in/toppersanswerbooklet/50a6a-149136_1247_aprajit_rank_174.pdf#page=3
Aprajit,VisionIAS,GS1,5,Critically discuss the practice of setting up Fast Track Courts to reduce pendency of cases in the judiciary. (150 words),"Type: question, Word limit: 150, Marks: ",https://cdn.visionias.in/toppersanswerbooklet/50a6a-149136_1247_aprajit_rank_174.pdf#page=5
Aprajit,VisionIAS,GS1,7,Highlight the challenges faced by lower judiciary in India and suggest measures for enhancing their productivity. (150 words),"Type: question, Word limit: 150, Marks: ",https://cdn.visionias.in/toppersanswerbooklet/50a6a-149136_1247_aprajit_rank_174.pdf#page=7
Aprajit,VisionIAS,GS1,9,Assess the need to formalise the process of post-legislative scrutiny to improve the effectiveness of laws. (150 words),"Type: question, Word limit: 150, Marks: ",https://cdn.visionias.in/toppersanswerbooklet/50a6a-149136_1247_aprajit_rank_174.pdf#page=9
Aprajit,VisionIAS,GS1,11,Discuss the potential of Artificial Intelligence (AI) in improving the effectiveness of e-governance in India. (150 words),"Type: question, Word limit: 150, Marks: ",https://cdn.visionias.in/toppersanswerbooklet/50a6a-149136_1247_aprajit_rank_174.pdf#page=11
Aprajit,VisionIAS,GS1,13,"Despite various reforms in the public grievance redressal mechanisms, their effectiveness remain limited. Discuss. (150 words)","Type: question, Word limit: 150, Marks: ",https://cdn.visionias.in/toppersanswerbooklet/50a6a-149136_1247_aprajit_rank_174.pdf#page=13
Aprajit,VisionIAS,GS1,15,"Explaining the factors that contribute to trafficking of women and children in India, highlight the steps taken in recent times to combat it. (150 words)","Type: question, Word limit: 150, Marks: ",https://cdn.visionias.in/toppersanswerbooklet/50a6a-149136_1247_aprajit_rank_174.pdf#page=15
Aprajit,VisionIAS,GS1,17,"With Vector-Borne Diseases (VBDs) reaching epidemic proportions in India, highlight the factors that have led to their emergence. Also, suggest some measures for their effective control and management. (150 words)","Type: question, Word limit: 150, Marks: ",https://cdn.visionias.in/toppersanswerbooklet/50a6a-149136_1247_aprajit_rank_174.pdf#page=17
Aprajit,VisionIAS,GS1,19,"After years of neglect, rapidly evolving regional strategic realities are now forcing India and Indonesia to coordinate their policies ever more closely. Discuss. (150 words)","Type: question, Word limit: 150, Marks: ",https://cdn.visionias.in/toppersanswerbooklet/50a6a-149136_1247_aprajit_rank_174.pdf#page=19
Aprajit,VisionIAS,GS1,21,"Despite several attempts at resetting the ties, various barriers continue to be a cause of concern in the India-Nepal bilateral relations. Discuss. (150 words)","Type: question, Word limit: 150, Marks: ",https://cdn.visionias.in/toppersanswerbooklet/50a6a-149136_1247_aprajit_rank_174.pdf#page=21
Aprajit,VisionIAS,GS1,23,"Delineate the differences between pressure groups and interest groups. Citing examples, elaborate on the ways in which pressure groups influence government decisions and policy making in India. (250 words)","Type: question, Word limit: 250, Marks: ",https://cdn.visionias.in/toppersanswerbooklet/50a6a-149136_1247_aprajit_rank_174.pdf#page=23
Aprajit,VisionIAS,GS1,26,"Highlighting the issues faced by the institutions of local self governance in India, suggest measures that can be taken to improve their effectiveness in the delivery of public goods and services at the grassroot level. (250 words)","Type: question, Word limit: 250, Marks: ",https://cdn.visionias.in/toppersanswerbooklet/50a6a-149136_1247_aprajit_rank_174.pdf#page=26
Aprajit,VisionIAS,GS1,29,"The recent amendment to the Right to Information Act, 2005 will weaken the act and undermine the authority of Information Commissioners. Discuss. (250 words)","Type: question, Word limit: 250, Marks: ",https://cdn.visionias.in/toppersanswerbooklet/50a6a-149136_1247_aprajit_rank_174.pdf#page=29
Aprajit,VisionIAS,GS1,32,"Highlight the process of delimitation in India. Also, throw light on the debates surrounding the delimitation exercise in India. (250 words)","Type: question, Word limit: 250, Marks: ",https://cdn.visionias.in/toppersanswerbooklet/50a6a-149136_1247_aprajit_rank_174.pdf#page=32
Aprajit,VisionIAS,GS1,35,"Self Help Groups (SHGs) are vehicles of rural development, which help in the upliftment of marginalized groups. Elucidate. Further, mention the constraints faced by SHGs and how they can be addressed. (250 words)","Type: question, Word limit: 250, Marks: ",https://cdn.visionias.in/toppersanswerbooklet/50a6a-149136_1247_aprajit_rank_174.pdf#page=35
Aprajit,VisionIAS,GS1,38,"With construction of toilets being only one part of the solution for a clean India, it is time that the Swachh Bharat Mission puts more emphasis on the other facets as well. Discuss. (250 words)","Type: question, Word limit: 250, Marks: ",https://cdn.visionias.in/toppersanswerbooklet/50a6a-149136_1247_aprajit_rank_174.pdf#page=38
Aprajit,VisionIAS,GS1,41,Highlight the salient features of Mission Indradhanush. What are the challenges that the mission is facing in its implementation? Suggest measures to address these challenges for progressing towards full immunization coverage. (250 words),"Type: question, Word limit: 250, Marks: ",https://cdn.visionias.in/toppersanswerbooklet/50a6a-149136_1247_aprajit_rank_174.pdf#page=41
Aprajit,VisionIAS,GS1,44,"Assess the importance of skilling in light of changing economic and demographic structure in India. In this regard, how far has the Skill India Mission succeeded in its mandate. (250 words)","Type: question, Word limit: 250, Marks: ",https://cdn.visionias.in/toppersanswerbooklet/50a6a-149136_1247_aprajit_rank_174.pdf#page=44
Aprajit,VisionIAS,GS1,47,"What according to you are the reasons that motivated India to create a dedicated Indo-Pacific division in the MEA recently? Also, highlight the challenges for India in the Indo-Pacific region. (250 words)","Type: question, Word limit: 250, Marks: ",https://cdn.visionias.in/toppersanswerbooklet/50a6a-149136_1247_aprajit_rank_174.pdf#page=47
Aprajit,VisionIAS,GS1,50,"For SCO to become a successful regional grouping, it has to overcome bilateral differences between its members and their respective geopolitical calculations. Comment. Also, discuss the role that SCO can play in enhancing India's interest in the Eurasian region. (250 words)","Type: question, Word limit: 250, Marks: ",https://cdn.visionias.in/toppersanswerbooklet/50a6a-149136_1247_aprajit_rank_174.pdf#page=50
Janhavi,VisionIAS,GS4,7,"With the help of appropriate examples, discuss the ethical challenges involved in policing in India. Also, highlight the reasons behind corruption in the police force. (150 words)","Type: question (salvaged), Word limit: 150, Marks: ",https://cdn.visionias.in/toppersanswerbooklet/d82c3-1264780_1837_janhavi_rank-127.pdf#page=7
Janhavi,VisionIAS,GS4,11,"It is not only public servants, but also the common citizens who play a key role in institutionalising high standards of ethical conduct and good governance. Elaborate. (150 words)","Type: question (salvaged), Word limit: 150, Marks: ",https://cdn.visionias.in/toppersanswerbooklet/d82c3-1264780_1837_janhavi_rank-127.pdf#page=11
Janhavi,VisionIAS,GS4,15,"While emotional intelligence is an essential tool for a public servant, it can also be misused to manipulate people to act against their own interests. Discuss with examples. (150 words)","Type: question (salvaged), Word limit: 150, Marks: ",https://cdn.visionias.in/toppersanswerbooklet/d82c3-1264780_1837_janhavi_rank-127.pdf#page=15
Janhavi,VisionIAS,GS4,23,What do each of the following quotations mean to you?,"Type: question, Word limit: , Marks: ",https://cdn.visionias.in/toppersanswerbooklet/d82c3-1264780_1837_janhavi_rank-127.pdf#page=23
Janhavi,VisionIAS,GS4,23,"What counts in life is not the mere fact that we have lived. It is what difference we have made to the lives of others that will determine the significance of the life we lead."" Nelson Mandela (150 words)","Type: question (salvaged), Word limit: 150, Marks: ",https://cdn.visionias.in/toppersanswerbooklet/d82c3-1264780_1837_janhavi_rank-127.pdf#page=23
Ankur Kaushik,VisionIAS,GS1,3,"There are many challenges in sustainably scaling up renewable energy in India. Analyse. Also, discuss what can be done to address these challenges. (150 words)","Type: question, Word limit: 150, Marks: ",https://cdn.visionias.in/toppersanswerbooklet/26775_1068_Ankur_Kaushik_Rank_37.pdf#page=3
Ankur Kaushik,VisionIAS,GS1,5,"The policies and indicators introduced by the government, in recent times, to finance urban development in India are key in addressing the existing challenges. Discuss with special reference to municipal bonds. (150 words)","Type: question, Word limit: 150, Marks: ",https://cdn.visionias.in/toppersanswerbooklet/26775_1068_Ankur_Kaushik_Rank_37.pdf#page=5
Ankur Kaushik,VisionIAS,GS1,7,"With a number of issues continuing to be a roadblock, a large section of India's rural population is still 'financially excluded'. Discuss. Analyse how these issues can be addressed and the measures taken by the government and RBI recently in this regard. (150 words)","Type: question, Word limit: 150, Marks: ",https://cdn.visionias.in/toppersanswerbooklet/26775_1068_Ankur_Kaushik_Rank_37.pdf#page=7
Ankur Kaushik,VisionIAS,GS1,9,"What do you understand by the term 'Environmental Accounting'? Discussing the rationale behind introducing environmental accounting, highlight its status in India. (150 words)","Type: question, Word limit: 150, Marks: ",https://cdn.visionias.in/toppersanswerbooklet/26775_1068_Ankur_Kaushik_Rank_37.pdf#page=9
Ankur Kaushik,VisionIAS,GS1,11,"While access to irrigation is important, efficiency of water use is equally, if not more, crucial. Examine. (150 words)","Type: question, Word limit: 150, Marks: ",https://cdn.visionias.in/toppersanswerbooklet/26775_1068_Ankur_Kaushik_Rank_37.pdf#page=11
Ankur Kaushik,VisionIAS,GS1,13,"For a holistic approach to disaster risk reduction, there is a need to mainstream indigenous traditional knowledge and link it with modern technologies. Analyse. (150 words)","Type: question, Word limit: 150, Marks: ",https://cdn.visionias.in/toppersanswerbooklet/26775_1068_Ankur_Kaushik_Rank_37.pdf#page=13
Ankur Kaushik,VisionIAS,GS1,15,"What do you understand by food irradiation? Highlighting some of its unique applications, examine its relevance for India. (150 words)","Type: question, Word limit: 150, Marks: ",https://cdn.visionias.in/toppersanswerbooklet/26775_1068_Ankur_Kaushik_Rank_37.pdf#page=15
Ankur Kaushik,VisionIAS,GS1,17,"Whereas misuse of technology has abetted the spread of fake news, it is with the aid of technology that this menace can be curbed. Elaborate. (150 words)","Type: question, Word limit: 150, Marks: ",https://cdn.visionias.in/toppersanswerbooklet/26775_1068_Ankur_Kaushik_Rank_37.pdf#page=17
Ankur Kaushik,VisionIAS,GS1,19,Explain the salient features of the recently established Defence Planning Committee. How can it help in credible defence preparedness? (150 words),"Type: question, Word limit: 150, Marks: ",https://cdn.visionias.in/toppersanswerbooklet/26775_1068_Ankur_Kaushik_Rank_37.pdf#page=19
Ankur Kaushik,VisionIAS,GS1,21,Recent reports of Maoist leaders having amassed huge assets in property and cash underlines the significance of probing the funding network as part of counter-terrorism efforts. Discuss. (150 words),"Type: question, Word limit: 150, Marks: ",https://cdn.visionias.in/toppersanswerbooklet/26775_1068_Ankur_Kaushik_Rank_37.pdf#page=21
Ankur Kaushik,VisionIAS,GS1,23,"Not only do services MSMEs contribute mightily to the overall GDP growth, they have a powerful, multiplier impact on the local economies as well. Elaborating on the statement, highlight the problems faced by service sector MSMEs. How can the government make it easier for MSMEs to start and grow a business? (250 words)","Type: question, Word limit: 250, Marks: ",https://cdn.visionias.in/toppersanswerbooklet/26775_1068_Ankur_Kaushik_Rank_37.pdf#page=23
Ankur Kaushik,VisionIAS,GS1,26,"Contract Farming has many advantages, however it suffers from market failures. Elaborate. What can the government do to correct problems that lead to contract failures? Also, discuss whether the Model Contract Farming Act, 2018 is a step in the right direction. (250 words)","Type: question, Word limit: 250, Marks: ",https://cdn.visionias.in/toppersanswerbooklet/26775_1068_Ankur_Kaushik_Rank_37.pdf#page=26
Ankur Kaushik,VisionIAS,GS1,29,Suggest the measures needed to improve the employability of labour force as well as increasing number of employment opportunities in light of structural changes being brought by disruptive technologies. (250 words),"Type: question, Word limit: 250, Marks: ",https://cdn.visionias.in/toppersanswerbooklet/26775_1068_Ankur_Kaushik_Rank_37.pdf#page=29
Ankur Kaushik,VisionIAS,GS1,32,"India's trade policy in agriculture, marred by ad-hocism and pro-consumer bias, has constrained realization of export potential, and prevented the farmers from reaping the benefits. Examine the statement and discuss ways, including government initiatives, to improve agricultural exports. (250 words)","Type: question, Word limit: 250, Marks: ",https://cdn.visionias.in/toppersanswerbooklet/26775_1068_Ankur_Kaushik_Rank_37.pdf#page=32
Ankur Kaushik,VisionIAS,GS1,35,"Is currency exchange rate a suitable measure of relative economic performance of countries? Despite improving macro-economic fundamentals, trade deficit in India continues to widen. Bring out the factors responsible for this situation. (250 words)","Type: question, Word limit: 250, Marks: ",https://cdn.visionias.in/toppersanswerbooklet/26775_1068_Ankur_Kaushik_Rank_37.pdf#page=35
Ankur Kaushik,VisionIAS,GS1,38,It will take much more than relief packages to address the problems being faced by the sugar industry in India. Discuss. (250 words),"Type: question, Word limit: 250, Marks: ",https://cdn.visionias.in/toppersanswerbooklet/26775_1068_Ankur_Kaushik_Rank_37.pdf#page=38
Ankur Kaushik,VisionIAS,GS1,41,"NAPCC, almost 10 years old and formulated with lofty objectives, has not served as the best answer to cope with the impacts of climate change. Critically discuss. (250 words)","Type: question, Word limit: 250, Marks: ",https://cdn.visionias.in/toppersanswerbooklet/26775_1068_Ankur_Kaushik_Rank_37.pdf#page=41
Ankur Kaushik,VisionIAS,GS1,44,"Proliferation of nuclear weapons and the threat of their use are key concerns for global security nonetheless existing international arrangements seem to be ineffective. Comment. Also, identify the salient features of India's policy in this context and discuss whether India should join the NPT in the current form. (250 words)","Type: question, Word limit: 250, Marks: ",https://cdn.visionias.in/toppersanswerbooklet/26775_1068_Ankur_Kaushik_Rank_37.pdf#page=44
Ankur Kaushik,VisionIAS,GS1,47,The maritime security domain requires collective multilateral and regional cooperation to combat non traditional threats. Discuss in the context of threats in the Western Indian Ocean and the recent amendments in the Djibouti Code of Conduct. (250 words),"Type: question, Word limit: 250, Marks: ",https://cdn.visionias.in/toppersanswerbooklet/26775_1068_Ankur_Kaushik_Rank_37.pdf#page=47
Ankur Kaushik,VisionIAS,GS1,50,"India's space programme was initiated with the vision of utilising outer space for peaceful purposes, however with changing times it has the potential to play a significant role in strengthening security capabilities of India. Discuss with adequate examples. (250 words)","Type: question, Word limit: 250, Marks: ",https://cdn.visionias.in/toppersanswerbooklet/26775_1068_Ankur_Kaushik_Rank_37.pdf#page=50
Muhammed Swalah T A,NextIAS,Essay,7,You can't serve data on a hungry man's plate.,"Type: question, Word limit: , Marks: ",https://next-ias-cf.nextias.com/file_library/pdf/original/d64273bf3cefb73af9bf1580d4ff1a6f/18/mts_2023_unchecked_mt23rcapa056_702.pdf#page=7
Muhammed Swalah T A,NextIAS,Essay,7,AI is overcoming our mental limitation but not expanding our mental horizon.,"Type: question, Word limit: , Marks: ",https://next-ias-cf.nextias.com/file_library/pdf/original/d64273bf3cefb73af9bf1580d4ff1a6f/18/mts_2023_unchecked_mt23rcapa056_702.pdf#page=7
Muhammed Swalah T A,NextIAS,Essay,7,"We are using environment for politics, not politics for environment.","Type: question, Word limit: , Marks: ",https://next-ias-cf.nextias.com/file_library/pdf/original/d64273bf3cefb73af9bf1580d4ff1a6f/18/mts_2023_unchecked_mt23rcapa056_702.pdf#page=7
Muhammed Swalah T A,NextIAS,Essay,7,The worst form of inequality is to try to make unequal things equal.,"Type: question, Word limit: , Marks: ",https://next-ias-cf.nextias.com/file_library/pdf/original/d64273bf3cefb73af9bf1580d4ff1a6f/18/mts_2023_unchecked_mt23rcapa056_702.pdf#page=7
Muhammed Swalah T A,NextIAS,Essay,19,"Existence is a science, living is an art.","Type: question, Word limit: , Marks: ",https://next-ias-cf.nextias.com/file_library/pdf/original/d64273bf3cefb73af9bf1580d4ff1a6f/18/mts_2023_unchecked_mt23rcapa056_702.pdf#page=19
Muhammed Swalah T A,NextIAS,Essay,19,"If the truth shall kill them, let them die.","Type: question, Word limit: , Marks: ",https://next-ias-cf.nextias.com/file_library/pdf/original/d64273bf3cefb73af9bf1580d4ff1a6f/18/mts_2023_unchecked_mt23rcapa056_702.pdf#page=19
Muhammed Swalah T A,NextIAS,Essay,19,"The only way to go beyond things, is to go through them.","Type: question, Word limit: , Marks: ",https://next-ias-cf.nextias.com/file_library/pdf/original/d64273bf3cefb73af9bf1580d4ff1a6f/18/mts_2023_unchecked_mt23rcapa056_702.pdf#page=19
Muhammed Swalah T A,NextIAS,Essay,19,Dream for the best. Be prepared for the worst. Enjoy life in between.,"Type: question, Word limit: , Marks: ",https://next-ias-cf.nextias.com/file_library/pdf/original/d64273bf3cefb73af9bf1580d4ff1a6f/18/mts_2023_unchecked_mt23rcapa056_702.pdf#page=19
Atul Tyagi,VisionIAS,Essay,3,The Way we see the world shapes the way we treat it,"Type: question, Word limit: , Marks: ",https://cdn.visionias.in/toppersanswerbooklet/8f9ef-768483_2122_atul-tyagi_rank-145.pdf#page=3
Anuj Malik,VisionIAS,GS1,25,What do you mean by ‘anonymity in the civil services’? Explain why anonymity and neutrality are considered as important traits for civil servants.,"Type: question, Word limit: , Marks: ",https://cdn.visionias.in/toppersanswerbooklet/26968_760_Anuj_Rank_16.pdf#page=25
Anuj Malik,VisionIAS,GS1,27,Prescription of dresscode for women not only violates their liberty but also reflects outdated views on gender relations as well as proper conduct. Comment.,"Type: question, Word limit: , Marks: ",https://cdn.visionias.in/toppersanswerbooklet/26968_760_Anuj_Rank_16.pdf#page=27
Anuj Malik,VisionIAS,GS1,39,What are the options available to you?,"Type: question, Word limit: , Marks: ",https://cdn.visionias.in/toppersanswerbooklet/26968_760_Anuj_Rank_16.pdf#page=39
Anuj Malik,VisionIAS,GS1,39,"Evaluate each of these options and choose the option which you would adopt, giving reasons.","Type: question, Word limit: , Marks: ",https://cdn.visionias.in/toppersanswerbooklet/26968_760_Anuj_Rank_16.pdf#page=39
Anuj Malik,VisionIAS,GS1,44,What are the immediate steps which should be taken in such a situation?,"Type: question, Word limit: , Marks: ",https://cdn.visionias.in/toppersanswerbooklet/26968_760_Anuj_Rank_16.pdf#page=44
Anuj Malik,VisionIAS,GS1,44,Suggest some long term measures to ensure that such a situation is not repeated.,"Type: question, Word limit: , Marks: ",https://cdn.visionias.in/toppersanswerbooklet/26968_760_Anuj_Rank_16.pdf#page=44
Anuj Malik,VisionIAS,GS1,49,"What are the options available to you? Evaluate each of these options and choose the option which you would adopt, giving reasons.","Type: question, Word limit: , Marks: ",https://cdn.visionias.in/toppersanswerbooklet/26968_760_Anuj_Rank_16.pdf#page=49
Anuj Malik,VisionIAS,GS1,49,Also suggest some long term measures to ensure that such a situation is not repeated.,"Type: question, Word limit: , Marks: ",https://cdn.visionias.in/toppersanswerbooklet/26968_760_Anuj_Rank_16.pdf#page=49
Pavithra P,VisionIAS,GS4,6,"The end cannot justify the means, for the simple and obvious reason that the means employed determine the nature of the ends produced. Discuss with suitable examples. (Answer in 150 words)","Type: question (salvaged), Word limit: 150, Marks: ",https://cdn.visionias.in/toppersanswerbooklet/40aa3-1330430_2931_pavithra-p_rank_42.pdf#page=6
Pavithra P,VisionIAS,GS4,8,Discuss how the relationship between law and ethics is dynamic and continuously shaped by societal changes. Provide examples to illustrate this dynamic relationship. (Answer in 150 words),"Type: question, Word limit: 150, Marks: ",https://cdn.visionias.in/toppersanswerbooklet/40aa3-1330430_2931_pavithra-p_rank_42.pdf#page=8
Pavithra P,VisionIAS,GS4,10,Differentiate between probity and integrity with suitable examples. How do these values contribute to ethical governance and decision-making in the civil services? (Answer in 150 words),"Type: question, Word limit: 150, Marks: ",https://cdn.visionias.in/toppersanswerbooklet/40aa3-1330430_2931_pavithra-p_rank_42.pdf#page=10
Pavithra P,VisionIAS,GS4,12,Discuss the ethical implications of withholding information in public administration. How can transparency enhance accountability and reduce corruption in government institutions? (Answer in 150 words),"Type: question, Word limit: 150, Marks: ",https://cdn.visionias.in/toppersanswerbooklet/40aa3-1330430_2931_pavithra-p_rank_42.pdf#page=12
Pavithra P,VisionIAS,GS4,14,What do each of the following quotations mean to you?,"Type: question, Word limit: , Marks: ",https://cdn.visionias.in/toppersanswerbooklet/40aa3-1330430_2931_pavithra-p_rank_42.pdf#page=14
Pavithra P,VisionIAS,GS4,26,Why is persuasion regarded as an important skill for civil servants? What are the key considerations that should guide persuasion in governance? (Answer in 150 words),"Type: question, Word limit: 150, Marks: ",https://cdn.visionias.in/toppersanswerbooklet/40aa3-1330430_2931_pavithra-p_rank_42.pdf#page=26
Pavithra P,VisionIAS,GS4,28,"What role can ethical leadership play in curbing corruption, especially in public service? (Answer in 150 words)","Type: question, Word limit: 150, Marks: ",https://cdn.visionias.in/toppersanswerbooklet/40aa3-1330430_2931_pavithra-p_rank_42.pdf#page=28
Pavithra P,VisionIAS,GS4,30,What were the major teachings of Swami Dayanand Saraswati? Explain their relevance in addressing the current ethical and social challenges in India. (Answer in 150 words),"Type: question, Word limit: 150, Marks: ",https://cdn.visionias.in/toppersanswerbooklet/40aa3-1330430_2931_pavithra-p_rank_42.pdf#page=30
Pavithra P,VisionIAS,GS4,39,What are the options available to Jay as the Commissioner of the Education Department?,"Type: question (salvaged), Word limit: , Marks: ",https://cdn.visionias.in/toppersanswerbooklet/40aa3-1330430_2931_pavithra-p_rank_42.pdf#page=39
Pavithra P,VisionIAS,GS4,43,Discuss the ethical dilemmas faced by you.,"Type: question (salvaged), Word limit: , Marks: ",https://cdn.visionias.in/toppersanswerbooklet/40aa3-1330430_2931_pavithra-p_rank_42.pdf#page=43
Saumya Sharma,VisionIAS,GS1,3,Centralising recruitment through an All-India Judicial Service (AIJS) will not address the multiple problems in the judiciary and cause new ones instead. Critically evaluate. 12.5X20=250,"Type: question, Word limit: , Marks: ",https://cdn.visionias.in/toppersanswerbooklet/95371_875_Saumya_Rank_9.pdf#page=3
Saumya Sharma,VisionIAS,GS1,6,The roots of the most pertinent challenges faced by Indian politics today can be traced to the lack of intra-party democracy in candidate selection and internal elections. Discuss.,"Type: question, Word limit: , Marks: ",https://cdn.visionias.in/toppersanswerbooklet/95371_875_Saumya_Rank_9.pdf#page=6
Saumya Sharma,VisionIAS,GS1,9,"While the idea behind merger of autonomous bodies in India is to curb overlapping work and reduce expenditure, it may end up doing more harm than good. Discuss.","Type: question, Word limit: , Marks: ",https://cdn.visionias.in/toppersanswerbooklet/95371_875_Saumya_Rank_9.pdf#page=9
Saumya Sharma,VisionIAS,GS1,12,Well-defined electoral laws and greater powers for the Election Commission of India are required as the existing laws and mechanisms are inadequate to deal with new challenges. Analyse.,"Type: question, Word limit: , Marks: ",https://cdn.visionias.in/toppersanswerbooklet/95371_875_Saumya_Rank_9.pdf#page=12
Saumya Sharma,VisionIAS,GS1,15,"Privileges should be defined and delimited for the free and independent functioning of the legislatures. In this context, discuss whether there is a need to re-examine the balance between fundamental rights and parliamentary privileges in India.","Type: question, Word limit: , Marks: ",https://cdn.visionias.in/toppersanswerbooklet/95371_875_Saumya_Rank_9.pdf#page=15
Saumya Sharma,VisionIAS,GS1,18,"The principle of accountability is an essential part of the rule of law. In this context, discuss the lacunae in government's approach and judiciary's response to the phenomenon of extrajudicial killings in India.","Type: question, Word limit: , Marks: ",https://cdn.visionias.in/toppersanswerbooklet/95371_875_Saumya_Rank_9.pdf#page=18
Saumya Sharma,VisionIAS,GS1,21,"Explain the rationale behind enacting the Real Estate (Regulation and Development) Act, 2016. Discuss how it can help in revitalizing consumer confidence in the real estate market. Also highlight the hurdles that remain in implementing it.","Type: question, Word limit: , Marks: ",https://cdn.visionias.in/toppersanswerbooklet/95371_875_Saumya_Rank_9.pdf#page=21
Saumya Sharma,VisionIAS,GS1,24,Moving the subject of water from state list to concurrent list will solve the issues related to governance of water resources. Comment.,"Type: question, Word limit: , Marks: ",https://cdn.visionias.in/toppersanswerbooklet/95371_875_Saumya_Rank_9.pdf#page=24
Saumya Sharma,VisionIAS,GS1,27,Give an account of the areas of potential conflict in the relationship between the political executive and civil servants. Also discuss why a healthy working relationship between the two is critical for good governance.,"Type: question, Word limit: , Marks: ",https://cdn.visionias.in/toppersanswerbooklet/95371_875_Saumya_Rank_9.pdf#page=27
Saumya Sharma,VisionIAS,GS1,30,"Despite their location in the non-political domain of civil society, NGOs have ended up playing a key, if indirect, role in India's politics. Comment.","Type: question, Word limit: , Marks: ",https://cdn.visionias.in/toppersanswerbooklet/95371_875_Saumya_Rank_9.pdf#page=30
Saumya Sharma,VisionIAS,GS1,33,"Magnitude of India's urbanisation is not unusual but the pattern is. In this context, examine the issues in the governance of cities in India. Also suggest the reforms required to make Indian cities dynamos of competitive sub-federalism.","Type: question, Word limit: , Marks: ",https://cdn.visionias.in/toppersanswerbooklet/95371_875_Saumya_Rank_9.pdf#page=33
Saumya Sharma,VisionIAS,GS1,36,"Social boycott should be treated as a criminal offence, rather than being considered as just another form of social evil plaguing the Indian society. Examine.","Type: question, Word limit: , Marks: ",https://cdn.visionias.in/toppersanswerbooklet/95371_875_Saumya_Rank_9.pdf#page=36
Saumya Sharma,VisionIAS,GS1,39,"Human Trafficking in India has emerged as a serious issue, which calls for understanding the complexity of the problem and devising an effective strategy to combat it. Discuss.","Type: question, Word limit: , Marks: ",https://cdn.visionias.in/toppersanswerbooklet/95371_875_Saumya_Rank_9.pdf#page=39
Saumya Sharma,VisionIAS,GS1,42,"A weak teacher education system is at the core of India's problems in school education. Evaluate. In this context, also enumerate the recommendations of the High-Powered Commission on Teacher Education constituted by the Supreme Court of India.","Type: question, Word limit: , Marks: ",https://cdn.visionias.in/toppersanswerbooklet/95371_875_Saumya_Rank_9.pdf#page=42
Saumya Sharma,VisionIAS,GS1,51,"India's contribution to peacekeeping missions of the United Nations has remained steadfast despite changes in the nature, form and variety of UN peace keeping missions. Examine.","Type: question, Word limit: , Marks: ",https://cdn.visionias.in/toppersanswerbooklet/95371_875_Saumya_Rank_9.pdf#page=51
Saumya Sharma,VisionIAS,GS1,54,India's partnership with Africa is an amalgam of African development priorities as well as India's development objectives. Discuss. Also highlight the initiatives taken by India in this context.,"Type: question, Word limit: , Marks: ",https://cdn.visionias.in/toppersanswerbooklet/95371_875_Saumya_Rank_9.pdf#page=54
Saumya Sharma,VisionIAS,GS1,57,"Comment on the role of International Court of Justice in upholding the values of international law. In this context, also highlight the association of India with the ICJ over the years.","Type: question, Word limit: , Marks: ",https://cdn.visionias.in/toppersanswerbooklet/95371_875_Saumya_Rank_9.pdf#page=57
Saumya Sharma,VisionIAS,GS1,60,"In view of the focus on trans-regional economic corridors and changing regional geo-politics and geo-economics, critically discuss the idea of an Indo-Pacific Economic Corridor.","Type: question, Word limit: , Marks: ",https://cdn.visionias.in/toppersanswerbooklet/95371_875_Saumya_Rank_9.pdf#page=60
Manish,VisionIAS,GS4,5,"People's indifference is the best breeding ground for corruption to grow"". Comment. (150 words)","Type: question (salvaged), Word limit: 150, Marks: ",https://cdn.visionias.in/toppersanswerbooklet/0f515-810341_1516_manish_rank-283.pdf#page=5
Manish,VisionIAS,GS4,7,"In the context of COVID-19 pandemic, discuss the importance of Emotional Intelligence among healthcare workers. (150 words)","Type: question (salvaged), Word limit: 150, Marks: ",https://cdn.visionias.in/toppersanswerbooklet/0f515-810341_1516_manish_rank-283.pdf#page=7
Manish,VisionIAS,GS4,11,Ethics does its work in the world by granting and withdrawing legitimacy. Discuss in the context of role of ethics in international relations. (150 words),"Type: question (salvaged), Word limit: 150, Marks: ",https://cdn.visionias.in/toppersanswerbooklet/0f515-810341_1516_manish_rank-283.pdf#page=11
Manish,VisionIAS,GS4,23,What do each of the following quotations mean to you? (a) Every man must decide whether he will walk in the light of creative altruism or the darkness of destructive selfishness. – Martin Luther King Jr. (150 words),"Type: question, Word limit: 150, Marks: ",https://cdn.visionias.in/toppersanswerbooklet/0f515-810341_1516_manish_rank-283.pdf#page=23
Sumit Kumar,VisionIAS,GS4,5,Corruption distorts not only functioning of the Government in India but business and corporate activities as well. Explain and discuss how the state can effectively deal with deficit of ethics in the private sector.,"Type: question (salvaged), Word limit: , Marks: ",https://cdn.visionias.in/toppersanswerbooklet/b0067-22026_1073_sumit_kumar_rank_53.pdf#page=5
Sumit Kumar,VisionIAS,GS4,7,"Given below are two quotations of moral thinkers/ philosophers. For each of these, bring out what it means to you in the present context. (a) ""Silence becomes cowardice when occasion demands speaking out the whole truth and acting accordingly"" - Mahatma Gandhi.","Type: question, Word limit: , Marks: ",https://cdn.visionias.in/toppersanswerbooklet/b0067-22026_1073_sumit_kumar_rank_53.pdf#page=7
Sumit Kumar,VisionIAS,GS4,13,What do you understand by Probity in Governance? Examine whether the recent amendments to Prevention of Corruption Act and the proposed ones in Whistleblower Protection Act undermine it.,"Type: question (salvaged), Word limit: , Marks: ",https://cdn.visionias.in/toppersanswerbooklet/b0067-22026_1073_sumit_kumar_rank_53.pdf#page=13
Sumit Kumar,VisionIAS,GS4,23,"While some ethical approaches consider an action to be ethical based on results, other focus on means. Taking the example of Indian bureaucracy compare and examine how these approaches have played out for the benefit of citizens.","Type: question, Word limit: , Marks: ",https://cdn.visionias.in/toppersanswerbooklet/b0067-22026_1073_sumit_kumar_rank_53.pdf#page=23
Sumit Kumar,VisionIAS,GS4,25,What are the ethical principles that should form the basis of the system permitting organ donation and allocation? Also discuss the importance of regulation for the success of any organ transplant program.,"Type: question, Word limit: , Marks: ",https://cdn.visionias.in/toppersanswerbooklet/b0067-22026_1073_sumit_kumar_rank_53.pdf#page=25
Sumit Kumar,VisionIAS,GS4,27,"Where as some argue that leaks constitute an affront to democracy, others are of the opinion that leaks are a part of democracy. Examine the merits of both the arguments in the context of information attributed to leaks from government offices and whistleblowers.","Type: question, Word limit: , Marks: ",https://cdn.visionias.in/toppersanswerbooklet/b0067-22026_1073_sumit_kumar_rank_53.pdf#page=27
Sumit Kumar,VisionIAS,GS4,34,"According to the WHO suicide is the second leading cause of death in the age group of 15-29 years globally. In India also, instances of young people committing suicide have been reported widely in recent times. It is all the more disturbing that such a phenomenon is increasingly visible in urban and prosperous areas. (a) What are the reasons that render people vulnerable to taking such drastic steps as suicide? (b) Also, discuss the role that you as an individual, the society and the government can play in addressing this issue.","Type: question, Word limit: , Marks: ",https://cdn.visionias.in/toppersanswerbooklet/b0067-22026_1073_sumit_kumar_rank_53.pdf#page=34
Snehith,VisionIAS,GS4,5,Ethics is knowing the difference between what you have the right to do and what is right to do. Discuss. (150 words),"Type: question (salvaged), Word limit: 150, Marks: ",https://cdn.visionias.in/toppersanswerbooklet/6ad20-1370255_1841_snehith__rank_94.pdf#page=5
Snehith,VisionIAS,GS4,15,"Bring out the difference between accountability and responsibility. Also, discuss the significance of accountability in ensuring ethical governance in the context of India. (150 words)","Type: question (salvaged), Word limit: 150, Marks: ",https://cdn.visionias.in/toppersanswerbooklet/6ad20-1370255_1841_snehith__rank_94.pdf#page=15
Snehith,VisionIAS,GS4,23,What do each of the following quotations mean to you?,"Type: question, Word limit: , Marks: ",https://cdn.visionias.in/toppersanswerbooklet/6ad20-1370255_1841_snehith__rank_94.pdf#page=23
Aniket Ranjan,NextIAS,GS3,7,The recent push towards gender budgeting in the Government Budget reflects its importance for women empowerment. What are the recent initiatives towards gender budgeting in India and their importance? (Answer in 150 words),"Type: question, Word limit: 150, Marks: 10",https://cdnstatic.nextias.com/newuploads/Nextias/2026/3/MT25FLTRA061_FLT2503.pdf#page=7
Aniket Ranjan,NextIAS,GS3,9,Port-led development is seen as a key driver of economic growth and regional integration in India. Discuss how the Sagarmala initiative can promote port-led growth and the coastal economy. (Answer in 150 words),"Type: question, Word limit: 150, Marks: 10",https://cdnstatic.nextias.com/newuploads/Nextias/2026/3/MT25FLTRA061_FLT2503.pdf#page=9
Aniket Ranjan,NextIAS,GS3,11,Discuss the importance of livestock farming in a non-farm economy. What is the need for the recently proposed livestock census in promoting animal husbandry? (Answer in 150 words),"Type: question, Word limit: 150, Marks: 10",https://cdnstatic.nextias.com/newuploads/Nextias/2026/3/MT25FLTRA061_FLT2503.pdf#page=11
Aniket Ranjan,NextIAS,GS3,13,How can minimum support prices help in promoting farmers' income? What are the challenges faced by farmers in accessing the benefits of minimum support prices? (Answer in 150 words),"Type: question, Word limit: 150, Marks: 10",https://cdnstatic.nextias.com/newuploads/Nextias/2026/3/MT25FLTRA061_FLT2503.pdf#page=13
Aniket Ranjan,NextIAS,GS3,15,What are artificial neural networks? Discuss their importance in machine learning and artificial intelligence. (Answer in 150 words),"Type: question, Word limit: 150, Marks: 10",https://cdnstatic.nextias.com/newuploads/Nextias/2026/3/MT25FLTRA061_FLT2503.pdf#page=15
Aniket Ranjan,NextIAS,GS3,17,Discuss the importance of Unmanned Aerial Vehicles (UAVs) in the defense sector and modern warfare. (Answer in 150 words),"Type: question, Word limit: 150, Marks: 10",https://cdnstatic.nextias.com/newuploads/Nextias/2026/3/MT25FLTRA061_FLT2503.pdf#page=17
Aniket Ranjan,NextIAS,GS3,19,Examine the environmental impacts of oil spills on marine and coastal ecosystems. What are the various methods used for cleaning-up of oil spills? (Answer in 150 words),"Type: question, Word limit: 150, Marks: 10",https://cdnstatic.nextias.com/newuploads/Nextias/2026/3/MT25FLTRA061_FLT2503.pdf#page=19
Aniket Ranjan,NextIAS,GS3,21,Discuss the vulnerability of northern India to earthquake-related disasters. Highlight India's preparedness in mitigating their impacts. (Answer in 150 words),"Type: question, Word limit: 150, Marks: 10",https://cdnstatic.nextias.com/newuploads/Nextias/2026/3/MT25FLTRA061_FLT2503.pdf#page=21
Aniket Ranjan,NextIAS,GS3,23,Discuss how cryptocurrency and other emerging technologies contribute to the menace of money laundering and terror financing. What steps have been undertaken by the Government of India to tackle this issue? (Answer in 150 words),"Type: question, Word limit: 150, Marks: 10",https://cdnstatic.nextias.com/newuploads/Nextias/2026/3/MT25FLTRA061_FLT2503.pdf#page=23
Aniket Ranjan,NextIAS,GS3,25,What is hybrid warfare? How is it different from conventional warfare? How can't India navigate the challenge of hybrid warfare? (Answer in 150 words),"Type: question, Word limit: 150, Marks: 10",https://cdnstatic.nextias.com/newuploads/Nextias/2026/3/MT25FLTRA061_FLT2503.pdf#page=25
Aniket Ranjan,NextIAS,GS3,27,"Despite India's push for a robust digital economy, India faces challenges with regard to digital inclusion. Discuss. Suggest measures to ensure equitable access to digital resources. (Answer in 250 words)","Type: question, Word limit: 250, Marks: 15",https://cdnstatic.nextias.com/newuploads/Nextias/2026/3/MT25FLTRA061_FLT2503.pdf#page=27
Aniket Ranjan,NextIAS,GS3,30,"As artificial intelligence penetrates into various sectors of the economy, job losses are becoming a reality. Analysing the impacts of AI on employment, suggest measures to navigate this challenge and promote job growth. (Answer in 250 words)","Type: question, Word limit: 250, Marks: 15",https://cdnstatic.nextias.com/newuploads/Nextias/2026/3/MT25FLTRA061_FLT2503.pdf#page=30
Aniket Ranjan,NextIAS,GS3,33,"India's post-harvest losses amount to approximately ₹1,52,790 crore annually. To what extent can post-harvest losses in India be attributed to the constraints in the transport and marketing of agricultural products? (Answer in 250 words)","Type: question, Word limit: 250, Marks: 15",https://cdnstatic.nextias.com/newuploads/Nextias/2026/3/MT25FLTRA061_FLT2503.pdf#page=33
Aniket Ranjan,NextIAS,GS3,36,What are the direct and indirect subsidies in Indian agriculture? How have these subsidies impacted the cropping diversity and farm economy of the country? (Answer in 250 words),"Type: question, Word limit: 250, Marks: 15",https://cdnstatic.nextias.com/newuploads/Nextias/2026/3/MT25FLTRA061_FLT2503.pdf#page=36
Aniket Ranjan,NextIAS,GS3,39,Discuss the potential of reusable launch vehicles in future space operations and missions. What are India's initiatives towards the development of reusable launch vehicles? (Answer in 250 words),"Type: question, Word limit: 250, Marks: 15",https://cdnstatic.nextias.com/newuploads/Nextias/2026/3/MT25FLTRA061_FLT2503.pdf#page=39
Aniket Ranjan,NextIAS,GS3,42,"Explain the aims and objectives of the recently launched BioE3 policy. How can the policy help in ensuring ""green growth"" of the economy? (Answer in 250 words)","Type: question, Word limit: 250, Marks: 15",https://cdnstatic.nextias.com/newuploads/Nextias/2026/3/MT25FLTRA061_FLT2503.pdf#page=42
Aniket Ranjan,NextIAS,GS3,45,What were the various market mechanisms under the Kyoto Protocol? What is Article 6 of the Paris Climate Change Agreement? Explain the significance of the global carbon market in achieving net-zero targets. (Answer in 250 words),"Type: question, Word limit: 250, Marks: 15",https://cdnstatic.nextias.com/newuploads/Nextias/2026/3/MT25FLTRA061_FLT2503.pdf#page=45
Aniket Ranjan,NextIAS,GS3,48,Climate change and rapid urbanization have intensified the impact and frequency of heat waves in India. Discuss. How can Heat Action Plans (HAPs) improve heatwave management in India? (Answer in 250 words),"Type: question, Word limit: 250, Marks: 15",https://cdnstatic.nextias.com/newuploads/Nextias/2026/3/MT25FLTRA061_FLT2503.pdf#page=48
Aniket Ranjan,NextIAS,GS3,51,What are the threats posed to India's internal security by external State and non-state actors? Discuss the strategies necessary to tackle these threats. (Answer in 250 words),"Type: question, Word limit: 250, Marks: 15",https://cdnstatic.nextias.com/newuploads/Nextias/2026/3/MT25FLTRA061_FLT2503.pdf#page=51
Aniket Ranjan,NextIAS,GS3,54,Left-wing extremism (LWE) continues to remain a challenge to India's internal security. Discuss the Government of India's approach towards solving the issue of LWE in the country. (Answer in 250 words),"Type: question, Word limit: 250, Marks: 15",https://cdnstatic.nextias.com/newuploads/Nextias/2026/3/MT25FLTRA061_FLT2503.pdf#page=54
Sonali Dev,VisionIAS,GS1,3,"In the context of protection of monuments, explain the role of the Archaeological Survey of India (ASI). Also, comment on the challenges faced by ASI and measures taken to address these. (150 words)","Type: question, Word limit: 150, Marks: ",https://cdn.visionias.in/toppersanswerbooklet/53a8b-331271_1513_sonali-dev_rank_41.pdf#page=3
Sonali Dev,VisionIAS,GS1,5,Tribal art has a huge potential for acting as an economic resource and a tool for socio-economic transformation of tribals in India. Elucidate. Also highlight the challenges in this context. (150 words),"Type: question, Word limit: 150, Marks: ",https://cdn.visionias.in/toppersanswerbooklet/53a8b-331271_1513_sonali-dev_rank_41.pdf#page=5
Sonali Dev,VisionIAS,GS1,7,"Though the Government of India Act, 1919 proposed some radical administrative changes, it remained short of fulfilling aspirations of Indians. Elaborate. (150 words)","Type: question, Word limit: 150, Marks: ",https://cdn.visionias.in/toppersanswerbooklet/53a8b-331271_1513_sonali-dev_rank_41.pdf#page=7
Sonali Dev,VisionIAS,GS1,9,"Often deemed as the 'forgotten conflict', the Korean War had far-reaching implications. Elucidate. (150 words)","Type: question, Word limit: 150, Marks: ",https://cdn.visionias.in/toppersanswerbooklet/53a8b-331271_1513_sonali-dev_rank_41.pdf#page=9
Sonali Dev,VisionIAS,GS1,11,"Explaining the origin of earth's magnetism, discuss its significance with special reference to its interaction with solar particles. (150 words)","Type: question, Word limit: 150, Marks: ",https://cdn.visionias.in/toppersanswerbooklet/53a8b-331271_1513_sonali-dev_rank_41.pdf#page=11
Sonali Dev,VisionIAS,GS1,13,"Discussing the challenges pertaining to dam safety in India, highlight the potential of Dam Rehabilitation and Improvement Project to address them. (150 words)","Type: question, Word limit: 150, Marks: ",https://cdn.visionias.in/toppersanswerbooklet/53a8b-331271_1513_sonali-dev_rank_41.pdf#page=13
Sonali Dev,VisionIAS,GS1,15,What is understood by Carbon Compensation Depth (CCD)? Discuss the implications of the rise in this depth due to anthropogenic warming as well. (150 words),"Type: question, Word limit: 150, Marks: ",https://cdn.visionias.in/toppersanswerbooklet/53a8b-331271_1513_sonali-dev_rank_41.pdf#page=15
Sonali Dev,VisionIAS,GS1,19,"In view of demographic changes in recent decades, do you think India needs a two-child policy? Discuss in light of various strands of the debate surrounding this issue. (150 words)","Type: question, Word limit: 150, Marks: ",https://cdn.visionias.in/toppersanswerbooklet/53a8b-331271_1513_sonali-dev_rank_41.pdf#page=19
Sonali Dev,VisionIAS,GS1,21,Globalization is incredibly efficient but has so far been incredibly unjust. Examine the statement in the context of developing countries like India. (150 words),"Type: question, Word limit: 150, Marks: ",https://cdn.visionias.in/toppersanswerbooklet/53a8b-331271_1513_sonali-dev_rank_41.pdf#page=21
Sonali Dev,VisionIAS,GS1,23,"""It would not be completely wrong to state that in India, art is religion and religion is art."" In light of the statement, discuss the impact of various religions on art in India, citing relevant examples. (250 words)","Type: question, Word limit: 250, Marks: ",https://cdn.visionias.in/toppersanswerbooklet/53a8b-331271_1513_sonali-dev_rank_41.pdf#page=23
Sonali Dev,VisionIAS,GS1,26,"Despite organizational apathy from the Indian National Congress in its initial years, the working class in various parts of the country subsequently participated overwhelmingly in the nationalist movement. Discuss. (250 words)","Type: question, Word limit: 250, Marks: ",https://cdn.visionias.in/toppersanswerbooklet/53a8b-331271_1513_sonali-dev_rank_41.pdf#page=26
Sonali Dev,VisionIAS,GS1,29,"Though some of his early measures restored faith among the Indians in the liberal tradition of England, Lord Ripon's tenure did not bring about significant changes in the conservative mindset of the colonial bureaucracy. Comment. (250 words)","Type: question, Word limit: 250, Marks: ",https://cdn.visionias.in/toppersanswerbooklet/53a8b-331271_1513_sonali-dev_rank_41.pdf#page=29
Sonali Dev,VisionIAS,GS1,32,The New Social Movements in post-independence period made an important beginning in awakening the society against injustices and deepened the very notion of democracy in India. Discuss. (250 words),"Type: question, Word limit: 250, Marks: ",https://cdn.visionias.in/toppersanswerbooklet/53a8b-331271_1513_sonali-dev_rank_41.pdf#page=32
Sonali Dev,VisionIAS,GS1,35,What are the reasons for recurrent and often catastrophic wildfires in places like Australia and the United States? Are there any lessons to be learnt from these events by India? Explain adequately. (250 words),"Type: question, Word limit: 250, Marks: ",https://cdn.visionias.in/toppersanswerbooklet/53a8b-331271_1513_sonali-dev_rank_41.pdf#page=35
Sonali Dev,VisionIAS,GS1,38,"Discuss why India needs a cross border flood management mechanism. Also, state the major issues in cross border flood management and suggest remedial measures in this context. (250 words)","Type: question, Word limit: 250, Marks: ",https://cdn.visionias.in/toppersanswerbooklet/53a8b-331271_1513_sonali-dev_rank_41.pdf#page=38
Sonali Dev,VisionIAS,GS1,41,Depletion of water resources in India is both a geo-climatic phenomenon as well as a result some short-sighted government policies. Discuss. (250 words),"Type: question, Word limit: 250, Marks: ",https://cdn.visionias.in/toppersanswerbooklet/53a8b-331271_1513_sonali-dev_rank_41.pdf#page=41
Sonali Dev,VisionIAS,GS1,44,What are the major lithospheric plates? How and why do these plates move? (250 words),"Type: question, Word limit: 250, Marks: ",https://cdn.visionias.in/toppersanswerbooklet/53a8b-331271_1513_sonali-dev_rank_41.pdf#page=44
Sonali Dev,VisionIAS,GS1,47,There exists a wide gap between the constitutionally professed secularism and its practice in India. Do you agree? Substantiate with relevant arguments. (250 words),"Type: question, Word limit: 250, Marks: ",https://cdn.visionias.in/toppersanswerbooklet/53a8b-331271_1513_sonali-dev_rank_41.pdf#page=47
Sonali Dev,VisionIAS,GS1,50,"India spends less than one per cent of GDP on care work infrastructure and services. In view of the statement, explain how increased public investment in care economy infrastructure can be instrumental in meeting multiple policy objectives. (250 words)","Type: question, Word limit: 250, Marks: ",https://cdn.visionias.in/toppersanswerbooklet/53a8b-331271_1513_sonali-dev_rank_41.pdf#page=50
Atul Prakash,VisionIAS,GS4,5,What are the factors which drive people to take law in their own hands rather than following the due process of law? Discuss ways to address the problem of mob justice.,"Type: question (salvaged), Word limit: , Marks: ",https://cdn.visionias.in/toppersanswerbooklet/18943_877_Atul_Rank_4.pdf#page=5
Atul Prakash,VisionIAS,GS4,7,"In a democracy, the purpose of the government should be to make it easy for people to do good and difficult to do wrong. Comment.","Type: question (salvaged), Word limit: , Marks: ",https://cdn.visionias.in/toppersanswerbooklet/18943_877_Atul_Rank_4.pdf#page=7
Atul Prakash,VisionIAS,GS4,9,"Discuss John Stuart Mill's idea on freedom of thought and expression. Also, give reasons as to why, according to Mill, representative democracy is the best form of government despite its inherent weaknesses.","Type: question (salvaged), Word limit: , Marks: ",https://cdn.visionias.in/toppersanswerbooklet/18943_877_Atul_Rank_4.pdf#page=9
Atul Prakash,VisionIAS,GS4,19,"Given below are two quotations of moral thinkers/philosophers. For each of these, bring out what it means to you in the present context. (a) ""The greatness of a nation and its moral progress can be judged by the way its animals are treated.""","Type: question, Word limit: , Marks: ",https://cdn.visionias.in/toppersanswerbooklet/18943_877_Atul_Rank_4.pdf#page=19
Atul Prakash,VisionIAS,GS4,23,Ensuring that government decisions are not influenced by public officials' private interests is a growing concern. Discuss in the context of India. Also enumerate the core principles reflected by OECD guidelines for managing conflict of interest in the public sector.,"Type: question, Word limit: , Marks: ",https://cdn.visionias.in/toppersanswerbooklet/18943_877_Atul_Rank_4.pdf#page=23
Atul Prakash,VisionIAS,GS4,25,"Discuss, with examples, the significance of principles of public life as recommended by Nolan committee. Why are these principles considered as an essential set of expectations from public servants?","Type: question, Word limit: , Marks: ",https://cdn.visionias.in/toppersanswerbooklet/18943_877_Atul_Rank_4.pdf#page=25
Atul Prakash,VisionIAS,GS4,27,"A peculiar inhuman situation exists for the people fleeing from war zones - they cannot go back to their homeland for fear of being persecuted and no country is ready to bear their burden due to various reasons. Citing contemporary examples, discuss the ethical issues involved in such situations.","Type: question, Word limit: , Marks: ",https://cdn.visionias.in/toppersanswerbooklet/18943_877_Atul_Rank_4.pdf#page=27
Atul Prakash,VisionIAS,GS4,34,"The excluded and marginalized section of society are worst hit by globalization. Take the case of Particularly Vulnerable Tribal Groups (PVTGs) like Sentinelese of Andaman & Nicobar islands; their population has reduced drastically and they are facing various other problems as well. In this context answer the following questions: 20 (a) What are the challenges faced by PVTGs due to globalisation? (b) If you are posted as a Development Officer in such an area, what will be your priorities to reduce their vulnerabilities and ensure welfare?","Type: question, Word limit: , Marks: ",https://cdn.visionias.in/toppersanswerbooklet/18943_877_Atul_Rank_4.pdf#page=34
Haseen Zahera Rizvi,VisionIAS,GS4,7,The recent decision by the government to ban use of red beacons is only a symbolic gesture and a lot more needs to be done to end the VIP culture in India. Critically discuss.,"Type: question (salvaged), Word limit: , Marks: ",https://cdn.visionias.in/toppersanswerbooklet/4120_873_Haseen_Rank_87.pdf#page=7
Haseen Zahera Rizvi,VisionIAS,GS4,19,"Social attitude towards corruption has become more forgiving with time leading to a view of illegal gains and misappropriation of public assets as a ""rightful"" individual prerogative. Analyse in the context of India.","Type: question, Word limit: , Marks: ",https://cdn.visionias.in/toppersanswerbooklet/4120_873_Haseen_Rank_87.pdf#page=19
Haseen Zahera Rizvi,VisionIAS,GS4,21,What are the factors which draw people to public service? Suggest measures to keep public servants motivated.,"Type: question, Word limit: , Marks: ",https://cdn.visionias.in/toppersanswerbooklet/4120_873_Haseen_Rank_87.pdf#page=21
Haseen Zahera Rizvi,VisionIAS,GS4,23,"Corporate Governance provides a framework that defines the rights, roles, and responsibilities of various groups within an organization. (a) Elaborate the need to incorporate the principles of Corporate Governance to enhance the effectiveness of the public sector enterprises. (b) Identify the challenges specific to the public sector when it comes to the application of good practices of corporate governance.","Type: question, Word limit: , Marks: ",https://cdn.visionias.in/toppersanswerbooklet/4120_873_Haseen_Rank_87.pdf#page=23
Haseen Zahera Rizvi,VisionIAS,GS4,25,"Emotions, earlier considered as an irrational factor in decision-making, are now recognised as a critical factor of judgment. In this regard, answer the following questions: (a) How can Emotional Intelligence help in coping with the intense pressure and occupational stress faced by police officers and armed forces in discharge of their duties? (b) What are the some of the concerns in incorporating and assessment of emotional intelligence skills in public service?","Type: question, Word limit: , Marks: ",https://cdn.visionias.in/toppersanswerbooklet/4120_873_Haseen_Rank_87.pdf#page=25
KUSH MOTWANI,VisionIAS,GS1,2,Enumerate the issues associated with functioning of the Central Information Commission. How can these issues be addressed? (150 words),"Type: question, Word limit: 150, Marks: ",https://cdn.visionias.in/toppersanswerbooklet/3448e-916052_1523_kush_motwani_rank_11.pdf#page=2
KUSH MOTWANI,VisionIAS,GS1,4,"In India, Governor's discretionary powers are wider than those of the President. Elaborate. (150 words)","Type: question, Word limit: 150, Marks: ",https://cdn.visionias.in/toppersanswerbooklet/3448e-916052_1523_kush_motwani_rank_11.pdf#page=4
KUSH MOTWANI,VisionIAS,GS1,6,Highlight the objectives that were sought to be achieved through tribunals. How successful have they been in meeting them? (150 words),"Type: question, Word limit: 150, Marks: ",https://cdn.visionias.in/toppersanswerbooklet/3448e-916052_1523_kush_motwani_rank_11.pdf#page=6
KUSH MOTWANI,VisionIAS,GS1,8,"Instead of the government regulating Over-the-top (OTT) platforms, there have been calls for a self-regulating mechanism for such platforms, as in the case of print media. Discuss. (150 words)","Type: question, Word limit: 150, Marks: ",https://cdn.visionias.in/toppersanswerbooklet/3448e-916052_1523_kush_motwani_rank_11.pdf#page=8
KUSH MOTWANI,VisionIAS,GS1,10,Bring out the arguments surrounding the issue of some states reserving jobs for locals in the private sector. (150 words),"Type: question, Word limit: 150, Marks: ",https://cdn.visionias.in/toppersanswerbooklet/3448e-916052_1523_kush_motwani_rank_11.pdf#page=10
KUSH MOTWANI,VisionIAS,GS1,12,"Identifying the key elements of Mission Karmayogi, briefly explain how it can lead to holistic development of the human resources and state's capacity. (150 words)","Type: question, Word limit: 150, Marks: ",https://cdn.visionias.in/toppersanswerbooklet/3448e-916052_1523_kush_motwani_rank_11.pdf#page=12
KUSH MOTWANI,VisionIAS,GS1,14,"Highlighting the role played by ASHA workers in public health system of India, discuss the challenges faced by them. (150 words)","Type: question, Word limit: 150, Marks: ",https://cdn.visionias.in/toppersanswerbooklet/3448e-916052_1523_kush_motwani_rank_11.pdf#page=14
KUSH MOTWANI,VisionIAS,GS1,16,"While internationalisation of higher education has many potential benefits for India, certain challenges will need to be addressed in this regard. Discuss. (150 words)","Type: question, Word limit: 150, Marks: ",https://cdn.visionias.in/toppersanswerbooklet/3448e-916052_1523_kush_motwani_rank_11.pdf#page=16
KUSH MOTWANI,VisionIAS,GS1,18,"India needs to adopt a more pragmatic stance in the context of the ongoing intra-Afghan talks. Discuss, in the light of India's engagement with Afghanistan. (150 words)","Type: question, Word limit: 150, Marks: ",https://cdn.visionias.in/toppersanswerbooklet/3448e-916052_1523_kush_motwani_rank_11.pdf#page=18
KUSH MOTWANI,VisionIAS,GS1,20,"In the geo-strategic context of West Asia, the recent efforts to normalise relations between Israel and UAE may open new possibilities for India. Analyse. (150 words)","Type: question, Word limit: 150, Marks: ",https://cdn.visionias.in/toppersanswerbooklet/3448e-916052_1523_kush_motwani_rank_11.pdf#page=20
KUSH MOTWANI,VisionIAS,GS1,22,It is not only the content of election manifestos but also the past performance with respect to promises made in election manifestos that need to be regulated. Discuss. (250 words),"Type: question, Word limit: 250, Marks: ",https://cdn.visionias.in/toppersanswerbooklet/3448e-916052_1523_kush_motwani_rank_11.pdf#page=22
KUSH MOTWANI,VisionIAS,GS1,25,"In order to achieve a reduction in the pendency of cases and a return to the Supreme Court's original role as a final appellate court, setting up of a National Court of Appeal is the need of the hour. Discuss. (250 words)","Type: question, Word limit: 250, Marks: ",https://cdn.visionias.in/toppersanswerbooklet/3448e-916052_1523_kush_motwani_rank_11.pdf#page=25
KUSH MOTWANI,VisionIAS,GS1,28,The Constitution of India reflects an amalgamation of spirit of Indian freedom struggle and various administrative provisions of different acts of British rule in India. Explain. (250 words),"Type: question, Word limit: 250, Marks: ",https://cdn.visionias.in/toppersanswerbooklet/3448e-916052_1523_kush_motwani_rank_11.pdf#page=28
KUSH MOTWANI,VisionIAS,GS1,31,"Mention the key components of the SVAMITVA scheme. Also, highlight its intended benefits and discuss the potential issues in its implementation. (250 words)","Type: question, Word limit: 250, Marks: ",https://cdn.visionias.in/toppersanswerbooklet/3448e-916052_1523_kush_motwani_rank_11.pdf#page=31
KUSH MOTWANI,VisionIAS,GS1,34,Sharing of information among all stakeholders in government functioning is a leading practice towards good governance. Discuss with examples. (250 words),"Type: question, Word limit: 250, Marks: ",https://cdn.visionias.in/toppersanswerbooklet/3448e-916052_1523_kush_motwani_rank_11.pdf#page=34
KUSH MOTWANI,VisionIAS,GS1,37,India has an oversized and bloated government which acts as a drag on economic efficiency and growth. Critically evaluate. (250 words),"Type: question, Word limit: 250, Marks: ",https://cdn.visionias.in/toppersanswerbooklet/3448e-916052_1523_kush_motwani_rank_11.pdf#page=37
KUSH MOTWANI,VisionIAS,GS1,40,"Though the National Digital Health Mission is a step in the right direction for both patients and the healthcare system, concerns around data privacy need to be addressed. Examine. (250 words)","Type: question, Word limit: 250, Marks: ",https://cdn.visionias.in/toppersanswerbooklet/3448e-916052_1523_kush_motwani_rank_11.pdf#page=40
KUSH MOTWANI,VisionIAS,GS1,43,One Nation One Ration card has the potential to significantly transform the lives of migrant workers in India. Analyse. (250 words),"Type: question, Word limit: 250, Marks: ",https://cdn.visionias.in/toppersanswerbooklet/3448e-916052_1523_kush_motwani_rank_11.pdf#page=43
KUSH MOTWANI,VisionIAS,GS1,46,The World Trade Organization is buffeted by multiple challenges which have eroded the credibility of the organization. Analyse. (250 words),"Type: question, Word limit: 250, Marks: ",https://cdn.visionias.in/toppersanswerbooklet/3448e-916052_1523_kush_motwani_rank_11.pdf#page=46
KUSH MOTWANI,VisionIAS,GS1,49,BIMSTEC is indispensable for India's efforts in promoting regional cooperation and integration in the neighbourhood. Discuss. (250 words),"Type: question, Word limit: 250, Marks: ",https://cdn.visionias.in/toppersanswerbooklet/3448e-916052_1523_kush_motwani_rank_11.pdf#page=49
GARIMA MUNDRA,VisionIAS,GS1,6,What are the different dimensions of food security? Examine India's status in terms of ensuring food security with regard to these dimensions. (Answer in 150 words),"Type: question, Word limit: 150, Marks: ",https://cdn.visionias.in/toppersanswerbooklet/f3dcf-1026942_2424_garima-_rank_80.pdf#page=6
GARIMA MUNDRA,VisionIAS,GS1,8,Modern technologies such as blockchain and ChatGPT are powerful tools with immense potential to transform agriculture into a more efficient and sustainable sector. Discuss in the context of India. (Answer in 150 words),"Type: question, Word limit: 150, Marks: ",https://cdn.visionias.in/toppersanswerbooklet/f3dcf-1026942_2424_garima-_rank_80.pdf#page=8
GARIMA MUNDRA,VisionIAS,GS1,10,What factors have led to the recent acceleration in the trend towards de-dollarization of the global economy? Do you think the dollar will lose its dominance anytime soon? (Answer in 150 words),"Type: question, Word limit: 150, Marks: ",https://cdn.visionias.in/toppersanswerbooklet/f3dcf-1026942_2424_garima-_rank_80.pdf#page=10
GARIMA MUNDRA,VisionIAS,GS1,12,"Despite significant pressure from the developed countries to alter its food subsidy regime, there is merit in India trying to retain its policy support for the poor in the country. Discuss. (Answer in 150 words)","Type: question, Word limit: 150, Marks: ",https://cdn.visionias.in/toppersanswerbooklet/f3dcf-1026942_2424_garima-_rank_80.pdf#page=12
GARIMA MUNDRA,VisionIAS,GS1,14,"Several initiatives have been taken by the government towards addressing India's water needs, but the issues of water availability and water quality still warrant prioritised intervention. Discuss. (Answer in 150 words)","Type: question, Word limit: 150, Marks: ",https://cdn.visionias.in/toppersanswerbooklet/f3dcf-1026942_2424_garima-_rank_80.pdf#page=14
GARIMA MUNDRA,VisionIAS,GS1,16,What are the major drivers of glacial retreat in the Arctic? Describe the potential impact of the retreat of Arctic glaciers on the ecosystem. (Answer in 150 words),"Type: question, Word limit: 150, Marks: ",https://cdn.visionias.in/toppersanswerbooklet/f3dcf-1026942_2424_garima-_rank_80.pdf#page=16
GARIMA MUNDRA,VisionIAS,GS1,18,"Space tourism, which was viewed as something straight out of a science fiction movie, is now becoming a reality albeit not without hindrances. What are the challenges associated with space tourism? What measures can be taken to address these challenges? (Answer in 150 words)","Type: question, Word limit: 150, Marks: ",https://cdn.visionias.in/toppersanswerbooklet/f3dcf-1026942_2424_garima-_rank_80.pdf#page=18
GARIMA MUNDRA,VisionIAS,GS1,20,Global health experts widely believe that the development of CAR-T cell therapy can be a game changer in the treatment of cancer. How can CAR-T cell therapy overcome the limitations of CRISPR-Cas9 technology? (Answer in 150 words),"Type: question, Word limit: 150, Marks: ",https://cdn.visionias.in/toppersanswerbooklet/f3dcf-1026942_2424_garima-_rank_80.pdf#page=20
GARIMA MUNDRA,VisionIAS,GS1,22,Discuss why the rising deployment of new and emerging technologies by prominent violent extremist organizations demand concerted global efforts. (Answer in 150 words),"Type: question, Word limit: 150, Marks: ",https://cdn.visionias.in/toppersanswerbooklet/f3dcf-1026942_2424_garima-_rank_80.pdf#page=22
GARIMA MUNDRA,VisionIAS,GS1,24,"With the Line of Actual Control (LAC) remaining tense after the Galwan and Yangste incidents and both India and China ramping up infrastructure in the border areas, discuss the role that ITBP plays in the region. (Answer in 150 words)","Type: question, Word limit: 150, Marks: ",https://cdn.visionias.in/toppersanswerbooklet/f3dcf-1026942_2424_garima-_rank_80.pdf#page=24
GARIMA MUNDRA,VisionIAS,GS1,26,Do you think there is a need for a shift from 'land productivity' to 'irrigation water productivity' in India? Justify your answer. What are the challenges in making this shift? Explain. (Answer in 250 words),"Type: question, Word limit: 250, Marks: ",https://cdn.visionias.in/toppersanswerbooklet/f3dcf-1026942_2424_garima-_rank_80.pdf#page=26
GARIMA MUNDRA,VisionIAS,GS1,29,Examine the role that green hydrogen can play in unlocking the energy security of India. How can the National Green Hydrogen Mission help India in achieving its energy goals? (Answer in 250 words),"Type: question, Word limit: 250, Marks: ",https://cdn.visionias.in/toppersanswerbooklet/f3dcf-1026942_2424_garima-_rank_80.pdf#page=29
GARIMA MUNDRA,VisionIAS,GS1,32,The government has been weighing a transition from minimum wage to living wage in recent times. What are the benefits and constraints in the adoption of living wage in India? (Answer in 250 words),"Type: question, Word limit: 250, Marks: ",https://cdn.visionias.in/toppersanswerbooklet/f3dcf-1026942_2424_garima-_rank_80.pdf#page=32
GARIMA MUNDRA,VisionIAS,GS1,35,"The Union Budget affects almost every sector of the Indian economy, yet neither the budgetary processes nor the budget policies come under substantial public scrutiny. Do you agree? Justify your answer. (Answer in 250 words)","Type: question, Word limit: 250, Marks: ",https://cdn.visionias.in/toppersanswerbooklet/f3dcf-1026942_2424_garima-_rank_80.pdf#page=35
GARIMA MUNDRA,VisionIAS,GS1,38,"India has been able to transform itself from a milk deficit country to the world’s biggest milk producer, but the productivity of dairy animals in the country remains a concern. Discuss. (Answer in 250 words)","Type: question, Word limit: 250, Marks: ",https://cdn.visionias.in/toppersanswerbooklet/f3dcf-1026942_2424_garima-_rank_80.pdf#page=38
GARIMA MUNDRA,VisionIAS,GS1,41,"While climate change is responsible for crop failures, the agricultural sector itself is partly responsible for extreme weather events. Discuss. What strategy has been adopted under National Agriculture Disaster Management Plan to strengthen the resilience of the farming community in India? (Answer in 250 words)","Type: question, Word limit: 250, Marks: ",https://cdn.visionias.in/toppersanswerbooklet/f3dcf-1026942_2424_garima-_rank_80.pdf#page=41
GARIMA MUNDRA,VisionIAS,GS1,44,"Some regions in India, including Delhi, are highly vulnerable to the impact of earthquakes originating in the Himalayas. Discuss. What institutional measures have been taken to mitigate earthquake losses in India? Do you think there are significant gaps that still exist? (Answer in 250 words)","Type: question, Word limit: 250, Marks: ",https://cdn.visionias.in/toppersanswerbooklet/f3dcf-1026942_2424_garima-_rank_80.pdf#page=44
GARIMA MUNDRA,VisionIAS,GS1,47,"Recently, scientists announced net energy gain in nuclear fusion reaction, which is considered as a major scientific breakthrough for the future of clean energy. What are the advantages of nuclear fusion based power generation? What are the limitations in using it to generate electricity at a commercial scale? (Answer in 250 words)","Type: question, Word limit: 250, Marks: ",https://cdn.visionias.in/toppersanswerbooklet/f3dcf-1026942_2424_garima-_rank_80.pdf#page=47
GARIMA MUNDRA,VisionIAS,GS1,50,"Keeping in view the recent amendment, examine the efficacy of the Prevention of Money Laundering Act, 2002, in tackling the menace of money laundering in India. (Answer in 250 words)","Type: question, Word limit: 250, Marks: ",https://cdn.visionias.in/toppersanswerbooklet/f3dcf-1026942_2424_garima-_rank_80.pdf#page=50
GARIMA MUNDRA,VisionIAS,GS1,53,"Discuss the security threats present in the Indian Ocean Region (IOR), which have a direct bearing on India's maritime border interests. Suggest a robust strategy to deal with these threats. (Answer in 250 words)","Type: question, Word limit: 250, Marks: ",https://cdn.visionias.in/toppersanswerbooklet/f3dcf-1026942_2424_garima-_rank_80.pdf#page=53
Anusha Jain,VisionIAS,Essay,5,"The world must learn to work together, or finally it will not work at all.","Type: question, Word limit: , Marks: ",https://cdn.visionias.in/toppersanswerbooklet/3fce6-146775_3128_anusha-jain_rank_251.pdf#page=5
Anusha Jain,VisionIAS,Essay,5,"Technology, like art, is a soaring exercise of the human imagination.","Type: question, Word limit: , Marks: ",https://cdn.visionias.in/toppersanswerbooklet/3fce6-146775_3128_anusha-jain_rank_251.pdf#page=5
Anusha Jain,VisionIAS,Essay,5,"We've begun to raise daughters more like sons, but few have the courage to raise our sons more like our daughters.","Type: question, Word limit: , Marks: ",https://cdn.visionias.in/toppersanswerbooklet/3fce6-146775_3128_anusha-jain_rank_251.pdf#page=5
Anusha Jain,VisionIAS,Essay,17,It is the mark of an educated mind to be able to entertain a thought without accepting it.,"Type: question, Word limit: , Marks: ",https://cdn.visionias.in/toppersanswerbooklet/3fce6-146775_3128_anusha-jain_rank_251.pdf#page=17
Anusha Jain,VisionIAS,Essay,17,To be yourself in a world that is constantly trying to make you something else is the greatest accomplishment.,"Type: question, Word limit: , Marks: ",https://cdn.visionias.in/toppersanswerbooklet/3fce6-146775_3128_anusha-jain_rank_251.pdf#page=17
Anusha Jain,VisionIAS,Essay,17,"We don't see things as they are, we see them as we are.","Type: question, Word limit: , Marks: ",https://cdn.visionias.in/toppersanswerbooklet/3fce6-146775_3128_anusha-jain_rank_251.pdf#page=17
Anya Das,VisionIAS,GS1,3,"What is the role that opposition plays in a democracy like India? In this context, discuss whether our Parliament can benefit from a shadow cabinet. (150 words)","Type: question, Word limit: 150, Marks: ",https://cdn.visionias.in/toppersanswerbooklet/77457-25997_1067_anya_das_rank_60.pdf#page=3
Anya Das,VisionIAS,GS1,5,"Where there is a right, there is a remedy. In this context, discuss the nature and significance of writs in India with adequate examples. (150 words)","Type: question, Word limit: 150, Marks: ",https://cdn.visionias.in/toppersanswerbooklet/77457-25997_1067_anya_das_rank_60.pdf#page=5
Anya Das,VisionIAS,GS1,7,"Enumerate the objectives of NITI Aayog. Also, discuss the performance of this body since its inception and suggest measures to make it more effective. (150 words)","Type: question, Word limit: 150, Marks: ",https://cdn.visionias.in/toppersanswerbooklet/77457-25997_1067_anya_das_rank_60.pdf#page=7
Anya Das,VisionIAS,GS1,9,"In view of the political class's inability to develop and maintain conventions relating to the appropriate use of Article 356, the Supreme Court's decision in the Bommai case provided much needed clarity. Comment. (150 words)","Type: question, Word limit: 150, Marks: ",https://cdn.visionias.in/toppersanswerbooklet/77457-25997_1067_anya_das_rank_60.pdf#page=9
Anya Das,VisionIAS,GS1,11,Press freedom and good governance are not mutually exclusive. They support each other while promoting a country's economic and human development. Comment. (150 words),"Type: question, Word limit: 150, Marks: ",https://cdn.visionias.in/toppersanswerbooklet/77457-25997_1067_anya_das_rank_60.pdf#page=11
Anya Das,VisionIAS,GS1,13,"SHGs have succeeded in delivering financial inclusion, but for them to evolve as viable business enterprise requires a different approach. Analyse in the context of the twin goals of rural growth and promotion of women's entrepreneurship. (150 words)","Type: question, Word limit: 150, Marks: ",https://cdn.visionias.in/toppersanswerbooklet/77457-25997_1067_anya_das_rank_60.pdf#page=13
Anya Das,VisionIAS,GS1,15,"The focus of higher education in India has been on a select few Central or autonomous institutions where as the ones in states remain neglected. Commenting on the statement, highlight the significance of Rashtriya Uchchatar Shiksha Abhiyan (RUSA) in this context. (150 words)","Type: question, Word limit: 150, Marks: ",https://cdn.visionias.in/toppersanswerbooklet/77457-25997_1067_anya_das_rank_60.pdf#page=15
Anya Das,VisionIAS,GS1,17,"Discuss the role played by PRIs in political empowerment of women. Also, suggest measures to further increase their political participation. (150 words)","Type: question, Word limit: 150, Marks: ",https://cdn.visionias.in/toppersanswerbooklet/77457-25997_1067_anya_das_rank_60.pdf#page=17
Anya Das,VisionIAS,GS1,19,What is Strategic Autonomy? Critically examine the elements of such a policy in India's contemporary foreign policy in the context of recent developments. (150 words),"Type: question, Word limit: 150, Marks: ",https://cdn.visionias.in/toppersanswerbooklet/77457-25997_1067_anya_das_rank_60.pdf#page=19
Anya Das,VisionIAS,GS1,21,"IBSA and BRICS are both examples of India's quest for multialignment, however there are key differences in their orientation. Discuss in the context of the relevance of these groupings for India. (150 words)","Type: question, Word limit: 150, Marks: ",https://cdn.visionias.in/toppersanswerbooklet/77457-25997_1067_anya_das_rank_60.pdf#page=21
Anya Das,VisionIAS,GS1,23,"What are the various modes of Alternate Dispute Redressal (ADR) mechanisms available in India? Identifying the problems being faced by them, provide suggestions needed to increase their effectiveness. (250 words)","Type: question, Word limit: 250, Marks: ",https://cdn.visionias.in/toppersanswerbooklet/77457-25997_1067_anya_das_rank_60.pdf#page=23
Anya Das,VisionIAS,GS1,26,"While the power to punish for the contempt of court is a much needed tool to protect the administration of justice from being maligned, it is time that it be relooked into. Critically analyse. (250 words)","Type: question, Word limit: 250, Marks: ",https://cdn.visionias.in/toppersanswerbooklet/77457-25997_1067_anya_das_rank_60.pdf#page=26
Anya Das,VisionIAS,GS1,29,"Criminalisation of politics remains a key concern for the Indian political system. In this context, analyse the role played by the Supreme Court and Election Commission over the years. Also, in what ways can the media play a positive role? (250 words)","Type: question, Word limit: 250, Marks: ",https://cdn.visionias.in/toppersanswerbooklet/77457-25997_1067_anya_das_rank_60.pdf#page=29
Anya Das,VisionIAS,GS1,32,"Highlight, in brief, the mandate of the National Commission for Minorities (NCM). Identify the different challenges that the commission faces and suggest measures to address them. (250 words)","Type: question, Word limit: 250, Marks: ",https://cdn.visionias.in/toppersanswerbooklet/77457-25997_1067_anya_das_rank_60.pdf#page=32
Anya Das,VisionIAS,GS1,35,The recent decision of the government to open up positions at the senior levels in bureaucracy through lateral entry is an important but only small step in the direction of much needed reforms in the higher civil services. Analyse. (250 words),"Type: question, Word limit: 250, Marks: ",https://cdn.visionias.in/toppersanswerbooklet/77457-25997_1067_anya_das_rank_60.pdf#page=35
Anya Das,VisionIAS,GS1,38,"Identifying the broad contours of the 'Transformation of Aspirational Districts' programme, explain how it adopts a novel strategy to address backwardness. (250 words)","Type: question, Word limit: 250, Marks: ",https://cdn.visionias.in/toppersanswerbooklet/77457-25997_1067_anya_das_rank_60.pdf#page=38
Anya Das,VisionIAS,GS1,41,"How did India fare on the Millennium Development Goals related to health? In this regard, identify the relevant Sustainable Development Goals and evaluate India's capacity to meet them. (250 words)","Type: question, Word limit: 250, Marks: ",https://cdn.visionias.in/toppersanswerbooklet/77457-25997_1067_anya_das_rank_60.pdf#page=41
Anya Das,VisionIAS,GS1,44,"What are the different rights recognized under the Forest Rights Act, 2006? Highlight the gaps in the implementation of community forest rights and community forest resource rights granted under the Forest Rights Act. Also, suggest measures to address the current scenario. (250 words)","Type: question, Word limit: 250, Marks: ",https://cdn.visionias.in/toppersanswerbooklet/77457-25997_1067_anya_das_rank_60.pdf#page=44
Anya Das,VisionIAS,GS1,47,Progress in India-US ties has been accompanied by equally significant divergences on important issues. Examine in the context of recent developments. (250 words),"Type: question, Word limit: 250, Marks: ",https://cdn.visionias.in/toppersanswerbooklet/77457-25997_1067_anya_das_rank_60.pdf#page=47
Anya Das,VisionIAS,GS1,50,"Despite bonhomie, the structural differences between Indian and Israeli national security situations, their worldviews and absence of explicitly shared enemies limit stronger strategic rapprochement. Critically discuss. (250 words)","Type: question, Word limit: 250, Marks: ",https://cdn.visionias.in/toppersanswerbooklet/77457-25997_1067_anya_das_rank_60.pdf#page=50
SAURABH SHARMA,VisionIAS,GS4,6,"For effective corporate governance to take place in the coming years, why is it important to integrate the ESG (Environmental, Social, and Governance) metrics with the multi-stakeholder approach? What benefits can be accrued by such integration? (Answer in 150 words)","Type: question, Word limit: 150, Marks: ",https://cdn.visionias.in/toppersanswerbooklet/2bb96-1040829_2425_saurabh_rank_23.pdf#page=6
SAURABH SHARMA,VisionIAS,GS4,8,"In acts of corruption, the focus is often only on the demand side of the equation, on public officials who abuse their office for private gain. Frequently, the supply side is given less attention. Those who pay bribes are sometimes depicted as innocent parties and victims of extortionary practices of wily public servants. Do you agree that 'collusive corruption', in which there is a willing bribe-giver, is a formidable challenge for institutions fighting corruption? (Answer in 150 words)","Type: question, Word limit: 150, Marks: ",https://cdn.visionias.in/toppersanswerbooklet/2bb96-1040829_2425_saurabh_rank_23.pdf#page=8
SAURABH SHARMA,VisionIAS,GS4,10,"The Citizens' Charters initiative was a response to the quest for solving the problems, which a citizen encountered, day in and day out, while dealing with the organisations providing public services. But the introduction and implementation of Citizens' Charters in the government of India has been difficult due to the old bureaucratic set up and the rigid attitudes of the work force. Discuss the major obstacles that have been encountered in implementing the Citizens' Charter initiative. (Answer in 150 words)","Type: question, Word limit: 150, Marks: ",https://cdn.visionias.in/toppersanswerbooklet/2bb96-1040829_2425_saurabh_rank_23.pdf#page=10
SAURABH SHARMA,VisionIAS,GS4,12,"Quality of public service delivery is a major determinant of the quality of life of vulnerable sections in a highly unequal society divided along the lines of class, caste, religion, etc. In this background, do you think that public service delivery is efficient and sufficient enough to improve the lives of vulnerable groups in India? Critically examine. (Answer in 150 words)","Type: question, Word limit: 150, Marks: ",https://cdn.visionias.in/toppersanswerbooklet/2bb96-1040829_2425_saurabh_rank_23.pdf#page=12
SAURABH SHARMA,VisionIAS,GS4,14,"What do each of the following quotations mean to you? \""The wise man does not lay up his own treasures. The more he gives to others, the more he has for his own.\"" - Lao Tzu (Answer in 150 words)","Type: question, Word limit: 150, Marks: ",https://cdn.visionias.in/toppersanswerbooklet/2bb96-1040829_2425_saurabh_rank_23.pdf#page=14
SAURABH SHARMA,VisionIAS,GS4,20,Wealthy CEOs and founders of successful businesses around the world are increasingly pledging to give away their wealth in philanthropy. Do you think that such a move is sufficient enough to bring about a positive change in the society? Critically examine. (Answer in 150 words),"Type: question, Word limit: 150, Marks: ",https://cdn.visionias.in/toppersanswerbooklet/2bb96-1040829_2425_saurabh_rank_23.pdf#page=20
SAURABH SHARMA,VisionIAS,GS4,22,"As organizations across the globe begin their artificial intelligence (AI) transformation, the leap into the AI era is expected to be more challenging than any technology that businesses have grappled with yet. In this background, discuss the concerns around fairness, transparency, and job security that may arise. (Answer in 150 words)","Type: question, Word limit: 150, Marks: ",https://cdn.visionias.in/toppersanswerbooklet/2bb96-1040829_2425_saurabh_rank_23.pdf#page=22
SAURABH SHARMA,VisionIAS,GS4,24,"The emphasis of Swami Dayanand Saraswati on education, social equality, and ethical values continues to influence the socio-cultural discourse in contemporary India. Discuss with suitable examples. (Answer in 150 words)","Type: question, Word limit: 150, Marks: ",https://cdn.visionias.in/toppersanswerbooklet/2bb96-1040829_2425_saurabh_rank_23.pdf#page=24
SAURABH SHARMA,VisionIAS,GS4,28,Emotional intelligence may not be singularly associated with emotions or intelligence. It can also include a broad range of personality characteristics that might predict success in professional and everyday life. Discuss. (Answer in 150 words),"Type: question, Word limit: 150, Marks: ",https://cdn.visionias.in/toppersanswerbooklet/2bb96-1040829_2425_saurabh_rank_23.pdf#page=28
SAURABH SHARMA,VisionIAS,GS4,30,"Traditional forms of state-led accountability, also characterised as vertical and horizontal channels of accountability, are increasingly found to be inadequate, and a myriad of multi-stakeholder and bottom-up citizen directed approaches have come to the fore, to supplement or supplant them. Discuss with illustrations. (Answer in 150 words)","Type: question, Word limit: 150, Marks: ",https://cdn.visionias.in/toppersanswerbooklet/2bb96-1040829_2425_saurabh_rank_23.pdf#page=30
SAURABH SHARMA,VisionIAS,GS4,33,"With reference to this case study, answer the following: (a) What are the issues involved in this case? (b) What measures can be taken to minimize the negative implications of adopting such technologies? (Answer in 250 words)","Type: question, Word limit: 250, Marks: ",https://cdn.visionias.in/toppersanswerbooklet/2bb96-1040829_2425_saurabh_rank_23.pdf#page=33
SAURABH SHARMA,VisionIAS,GS4,48,"Additionally, companies like BMW, Volvo, Google and Korean battery maker Samsung SDI, vowed in a statement to not buy metals produced from deep-sea mining until the environmental risks of the activity are ""comprehensively understood."" In the context of the above-stated information, address the following: (a) What are the ethical issues in the given case study? (b) How can the vision of economic development of a nation be achieved without adversely affecting the sustainability of oceans? (Answer in 250 words)","Type: question, Word limit: 250, Marks: ",https://cdn.visionias.in/toppersanswerbooklet/2bb96-1040829_2425_saurabh_rank_23.pdf#page=48
ARPIT KUMAR,VisionIAS,GS4,6,"For effective corporate governance to take place in the coming years, why is it important to integrate the ESG (Environmental, Social, and Governance) metrics with the multi-stakeholder approach? What benefits can be accrued by such integration? (Answer in 150 words)","Type: question, Word limit: 150, Marks: ",https://cdn.visionias.in/toppersanswerbooklet/ef55e-546705_2425_arpit_kumar_rank_136.pdf#page=6
ARPIT KUMAR,VisionIAS,GS4,8,"In acts of corruption, the focus is often only on the demand side of the equation, on public officials who abuse their office for private gain. Frequently, the supply side is given less attention. Those who pay bribes are sometimes depicted as innocent parties and victims of extortionary practices of wily public servants. Do you agree that 'collusive corruption', in which there is a willing bribe-giver, is a formidable challenge for institutions fighting corruption? (Answer in 150 words)","Type: question, Word limit: 150, Marks: ",https://cdn.visionias.in/toppersanswerbooklet/ef55e-546705_2425_arpit_kumar_rank_136.pdf#page=8
ARPIT KUMAR,VisionIAS,GS4,10,"The Citizens' Charters initiative was a response to the quest for solving the problems, which a citizen encountered, day in and day out, while dealing with the organisations providing public services. But the introduction and implementation of Citizens' Charters in the government of India has been difficult due to the old bureaucratic set up and the rigid attitudes of the work force. Discuss the major obstacles that have been encountered in implementing the Citizens' Charter initiative. (Answer in 150 words)","Type: question, Word limit: 150, Marks: ",https://cdn.visionias.in/toppersanswerbooklet/ef55e-546705_2425_arpit_kumar_rank_136.pdf#page=10
ARPIT KUMAR,VisionIAS,GS4,12,"Quality of public service delivery is a major determinant of the quality of life of vulnerable sections in a highly unequal society divided along the lines of class, caste, religion, etc. In this background, do you think that public service delivery is efficient and sufficient enough to improve the lives of vulnerable groups in India? Critically examine. (Answer in 150 words)","Type: question, Word limit: 150, Marks: ",https://cdn.visionias.in/toppersanswerbooklet/ef55e-546705_2425_arpit_kumar_rank_136.pdf#page=12
ARPIT KUMAR,VisionIAS,GS4,20,Wealthy CEOs and founders of successful businesses around the world are increasingly pledging to give away their wealth in philanthropy. Do you think that such a move is sufficient enough to bring about a positive change in the society? Critically examine. (Answer in 150 words),"Type: question, Word limit: 150, Marks: ",https://cdn.visionias.in/toppersanswerbooklet/ef55e-546705_2425_arpit_kumar_rank_136.pdf#page=20
ARPIT KUMAR,VisionIAS,GS4,22,"As organizations across the globe begin their artificial intelligence (AI) transformation, the leap into the AI era is expected to be more challenging than any technology that businesses have grappled with yet. In this background, discuss the concerns around fairness, transparency, and job security that may arise. (Answer in 150 words)","Type: question, Word limit: 150, Marks: ",https://cdn.visionias.in/toppersanswerbooklet/ef55e-546705_2425_arpit_kumar_rank_136.pdf#page=22
ARPIT KUMAR,VisionIAS,GS4,24,"The emphasis of Swami Dayanand Saraswati on education, social equality, and ethical values continues to influence the socio-cultural discourse in contemporary India. Discuss with suitable examples. (Answer in 150 words)","Type: question, Word limit: 150, Marks: ",https://cdn.visionias.in/toppersanswerbooklet/ef55e-546705_2425_arpit_kumar_rank_136.pdf#page=24
ARPIT KUMAR,VisionIAS,GS4,28,Emotional intelligence may not be singularly associated with emotions or intelligence. It can also include a broad range of personality characteristics that might predict success in professional and everyday life. Discuss. (Answer in 150 words),"Type: question, Word limit: 150, Marks: ",https://cdn.visionias.in/toppersanswerbooklet/ef55e-546705_2425_arpit_kumar_rank_136.pdf#page=28
ARPIT KUMAR,VisionIAS,GS4,30,"Traditional forms of state-led accountability, also characterised as vertical and horizontal channels of accountability, are increasingly found to be inadequate, and a myriad of multi-stakeholder and bottom-up citizen directed approaches have come to the fore, to supplement or supplant them. Discuss with illustrations. (Answer in 150 words)","Type: question, Word limit: 150, Marks: ",https://cdn.visionias.in/toppersanswerbooklet/ef55e-546705_2425_arpit_kumar_rank_136.pdf#page=30
ARPIT KUMAR,VisionIAS,GS4,33,"With reference to this case study, answer the following: (a) What are the issues involved in this case? (b) What measures can be taken to minimize the negative implications of adopting such technologies? (Answer in 250 words)","Type: question, Word limit: 250, Marks: ",https://cdn.visionias.in/toppersanswerbooklet/ef55e-546705_2425_arpit_kumar_rank_136.pdf#page=33
ARPIT KUMAR,VisionIAS,GS4,38,"In the given situation: (a) What dilemmas does Rina face? (b) What options does she have? Provide the merits and demerits of each. (c) Highlight the course of action she should adopt, along with justification for the same. (Answer in 250 words)","Type: question, Word limit: 250, Marks: ",https://cdn.visionias.in/toppersanswerbooklet/ef55e-546705_2425_arpit_kumar_rank_136.pdf#page=38
ARPIT KUMAR,VisionIAS,GS4,48,"Additionally, companies like BMW, Volvo, Google and Korean battery maker Samsung SDI, vowed in a statement to not buy metals produced from deep-sea mining until the environmental risks of the activity are ""comprehensively understood."" In the context of the above-stated information, address the following: (a) What are the ethical issues in the given case study? (b) How can the vision of economic development of a nation be achieved without adversely affecting the sustainability of oceans? (Answer in 250 words)","Type: question, Word limit: 250, Marks: ",https://cdn.visionias.in/toppersanswerbooklet/ef55e-546705_2425_arpit_kumar_rank_136.pdf#page=48
ARPIT KUMAR,VisionIAS,GS4,58,"That her wedding will not be held as a private ceremony with only close friends and family, but should be publicised in a grand way, as you had promised earlier to her. Given this situation, answer the following: (a) What are the ethical issues in the above situation? (b) What are the various options that you have, as a father and an ambitious politician? (c) What will be your course of action? Justify with proper reasoning. (Answer in 250 words)","Type: question (salvaged), Word limit: 250, Marks: ",https://cdn.visionias.in/toppersanswerbooklet/ef55e-546705_2425_arpit_kumar_rank_136.pdf#page=58
Sonali Dev,VisionIAS,GS1,3,"Highlighting the changes introduced by the Government of National Capital Territory of Delhi (GNCTD) Amendment Act, 2021, analyse various issues with the amended Act. (150 words)","Type: question, Word limit: 150, Marks: ",https://cdn.visionias.in/toppersanswerbooklet/909be-331271_1514_sonali-dev_rank_41.pdf#page=3
Sonali Dev,VisionIAS,GS1,5,Are there valid arguments for continuing with sedition law in 21st century democratic India? Discuss in light of the debate surrounding it. (150 words),"Type: question, Word limit: 150, Marks: ",https://cdn.visionias.in/toppersanswerbooklet/909be-331271_1514_sonali-dev_rank_41.pdf#page=5
Sonali Dev,VisionIAS,GS1,7,Identify the issues that have contributed to a decline in the performance of Parliamentary Standing Committees. How can these issues be addressed? (150 words),"Type: question, Word limit: 150, Marks: ",https://cdn.visionias.in/toppersanswerbooklet/909be-331271_1514_sonali-dev_rank_41.pdf#page=7
Sonali Dev,VisionIAS,GS1,9,"Despite being a non-constitutional body, the Prime Minister's Office (PMO) has wielded immense decision-making power in India. Discuss the advantages and issues associated with it. (150 words)","Type: question, Word limit: 150, Marks: ",https://cdn.visionias.in/toppersanswerbooklet/909be-331271_1514_sonali-dev_rank_41.pdf#page=9
Sonali Dev,VisionIAS,GS1,11,"Discuss the role of data in governance in India. Also, state the various challenges in this regard and suggest remedial measures. (150 words)","Type: question, Word limit: 150, Marks: ",https://cdn.visionias.in/toppersanswerbooklet/909be-331271_1514_sonali-dev_rank_41.pdf#page=11
Sonali Dev,VisionIAS,GS1,13,"With specific examples, elaborate upon the conditions that led to the emergence of a new civil society in urban India in the last few decades. Also, highlight its contribution towards effecting governance and policy changes. (150 words)","Type: question, Word limit: 150, Marks: ",https://cdn.visionias.in/toppersanswerbooklet/909be-331271_1514_sonali-dev_rank_41.pdf#page=13
Sonali Dev,VisionIAS,GS1,15,The Gati Shakti mission has the potential to not only address the issue of infrastructure bottlenecks but also streamline the governance processes in the country. Elucidate. (150 words),"Type: question, Word limit: 150, Marks: ",https://cdn.visionias.in/toppersanswerbooklet/909be-331271_1514_sonali-dev_rank_41.pdf#page=15
Sonali Dev,VisionIAS,GS1,17,"Giving an account of the issues faced by workers in the informal sector, discuss whether the recently launched e-Shram portal can help in addressing them. (150 words)","Type: question, Word limit: 150, Marks: ",https://cdn.visionias.in/toppersanswerbooklet/909be-331271_1514_sonali-dev_rank_41.pdf#page=17
Sonali Dev,VisionIAS,GS1,19,"Clarifying the significance of the recent developments on the issue of global minimum tax, discuss its prospects and challenges for India. (150 words)","Type: question, Word limit: 150, Marks: ",https://cdn.visionias.in/toppersanswerbooklet/909be-331271_1514_sonali-dev_rank_41.pdf#page=19
Sonali Dev,VisionIAS,GS1,21,"Announcement of the AUKUS security pact heralds a new era of global geo-politics. Comment. Also, discuss how it may affect India's interests. (150 words)","Type: question, Word limit: 150, Marks: ",https://cdn.visionias.in/toppersanswerbooklet/909be-331271_1514_sonali-dev_rank_41.pdf#page=21
Sonali Dev,VisionIAS,GS1,23,Effective devolution of finances is an important requirement for Panchayati Raj Institutions (PRIs) to fulfill their objectives. Discuss while also elaborating on the reasons behind lack of financial resources for PRIs in India. (250 words),"Type: question, Word limit: 250, Marks: ",https://cdn.visionias.in/toppersanswerbooklet/909be-331271_1514_sonali-dev_rank_41.pdf#page=23
Sonali Dev,VisionIAS,GS1,26,"Judicial activism is a necessary tool to guard against ""legislative adventurism and executive excesses"". Critically discuss in the context of the doctrine of separation of powers as provided in the Constitution of India. (250 words)","Type: question, Word limit: 250, Marks: ",https://cdn.visionias.in/toppersanswerbooklet/909be-331271_1514_sonali-dev_rank_41.pdf#page=26
Sonali Dev,VisionIAS,GS1,29,The electoral bond scheme is part of what appears to be a growing trend away from transparency and accountability in electoral funding. Critically analyse. (250 words),"Type: question, Word limit: 250, Marks: ",https://cdn.visionias.in/toppersanswerbooklet/909be-331271_1514_sonali-dev_rank_41.pdf#page=29
Sonali Dev,VisionIAS,GS1,32,The significance of the principle of subsidiarity was well reflected in the management of the COVID-19 pandemic. Analyse. (250 words),"Type: question, Word limit: 250, Marks: ",https://cdn.visionias.in/toppersanswerbooklet/909be-331271_1514_sonali-dev_rank_41.pdf#page=32
Sonali Dev,VisionIAS,GS1,35,Social media has ushered in greater transparency and accountability in governance. But accountability through social media is no alternative to institutional accountability. Analyse. (250 words),"Type: question, Word limit: 250, Marks: ",https://cdn.visionias.in/toppersanswerbooklet/909be-331271_1514_sonali-dev_rank_41.pdf#page=35
Sonali Dev,VisionIAS,GS1,38,"Although the State has the right incentives and intentions to deliver public services efficiently, its capacity to do so is questionable. Critically discuss in the context of India. (250 words)","Type: question, Word limit: 250, Marks: ",https://cdn.visionias.in/toppersanswerbooklet/909be-331271_1514_sonali-dev_rank_41.pdf#page=38
Sonali Dev,VisionIAS,GS1,41,"The problem of hunger in India does not lie in food production but various other underlying issues. Discuss in the wake of decline in India's ranking in the Global Hunger Index, 2021. (250 words)","Type: question, Word limit: 250, Marks: ",https://cdn.visionias.in/toppersanswerbooklet/909be-331271_1514_sonali-dev_rank_41.pdf#page=41
Sonali Dev,VisionIAS,GS1,44,Democratization of primary healthcare is indispensable for fulfilling the objectives of equitable and comprehensive care in India. Discuss. (250 words),"Type: question, Word limit: 250, Marks: ",https://cdn.visionias.in/toppersanswerbooklet/909be-331271_1514_sonali-dev_rank_41.pdf#page=44
Sonali Dev,VisionIAS,GS1,47,"In the context of the evolving discourse on the Indo-Pacific, analyse the factors driving the global shift towards the region. Also, identify India's interests and challenges in this regard. (250 words)","Type: question, Word limit: 250, Marks: ",https://cdn.visionias.in/toppersanswerbooklet/909be-331271_1514_sonali-dev_rank_41.pdf#page=47
Sonali Dev,VisionIAS,GS1,50,India's Afghanistan policy must be based on a clear-eyed understanding of important strategic goals in the region amidst the current regional and global strategic environment. Elaborate. (250 words),"Type: question, Word limit: 250, Marks: ",https://cdn.visionias.in/toppersanswerbooklet/909be-331271_1514_sonali-dev_rank_41.pdf#page=50
Ria Dabi,VisionIAS,GS1,3,"Tenancy reforms are much needed to give a boost to the Indian agricultural sector. Comment. In this context, also discuss the significance of the Model Land Leasing Act, 2016. (150 words)","Type: question, Word limit: 150, Marks: ",https://cdn.visionias.in/toppersanswerbooklet/5da79-62420_1524_ria-dabi_rank_15.pdf#page=3
Ria Dabi,VisionIAS,GS1,7,India's march towards inclusive growth and it achieving the Sustainable Development Goals are intricately linked. Discuss. (150 words),"Type: question, Word limit: 150, Marks: ",https://cdn.visionias.in/toppersanswerbooklet/5da79-62420_1524_ria-dabi_rank_15.pdf#page=7
Ria Dabi,VisionIAS,GS1,9,Highlight the need for evolving an appropriate system of Rules Of Origin in regional trading arrangements. What steps have been taken by India recently in this regard? (150 words),"Type: question, Word limit: 150, Marks: ",https://cdn.visionias.in/toppersanswerbooklet/5da79-62420_1524_ria-dabi_rank_15.pdf#page=9
Ria Dabi,VisionIAS,GS1,11,MSP regime is a creation of an era of scarcity in the 1960s. Discuss its relevance in the current era of surplus agricultural production. (150 words),"Type: question, Word limit: 150, Marks: ",https://cdn.visionias.in/toppersanswerbooklet/5da79-62420_1524_ria-dabi_rank_15.pdf#page=11
Ria Dabi,VisionIAS,GS1,13,Examine the link between the recent locust attack and climate change. (150 words),"Type: question, Word limit: 150, Marks: ",https://cdn.visionias.in/toppersanswerbooklet/5da79-62420_1524_ria-dabi_rank_15.pdf#page=13
Ria Dabi,VisionIAS,GS1,15,"Highlighting the properties of Carbon Nanotubes, discuss its applications. (150 words)","Type: question, Word limit: 150, Marks: ",https://cdn.visionias.in/toppersanswerbooklet/5da79-62420_1524_ria-dabi_rank_15.pdf#page=15
Ria Dabi,VisionIAS,GS1,17,India's domestic patent regime privileges public health over pharmaceutical industry's interests. Comment. (150 words),"Type: question, Word limit: 150, Marks: ",https://cdn.visionias.in/toppersanswerbooklet/5da79-62420_1524_ria-dabi_rank_15.pdf#page=17
Ria Dabi,VisionIAS,GS1,19,Bring out the arguments surrounding the idea of employing the principle of 'one border - one force' on Indian borders. (150 words),"Type: question, Word limit: 150, Marks: ",https://cdn.visionias.in/toppersanswerbooklet/5da79-62420_1524_ria-dabi_rank_15.pdf#page=19
Ria Dabi,VisionIAS,GS1,21,Assess the need to create a new cadre of Indian Frontier Administrative Service to undertake the vital tasks at Indian frontiers. (150 words),"Type: question, Word limit: 150, Marks: ",https://cdn.visionias.in/toppersanswerbooklet/5da79-62420_1524_ria-dabi_rank_15.pdf#page=21
Ria Dabi,VisionIAS,GS1,23,"The main objective of Union Budget 2020-21 is to provide ""Ease of Living"" to all citizens. Analyse the framework proposed in the Budget 2020-21 to achieve this objective. (250 words)","Type: question, Word limit: 250, Marks: ",https://cdn.visionias.in/toppersanswerbooklet/5da79-62420_1524_ria-dabi_rank_15.pdf#page=23
Ria Dabi,VisionIAS,GS1,26,Several challenges are needed to be addressed to realise the full benefits of the recent agricultural marketing reforms. Discuss. (250 words),"Type: question, Word limit: 250, Marks: ",https://cdn.visionias.in/toppersanswerbooklet/5da79-62420_1524_ria-dabi_rank_15.pdf#page=26
Ria Dabi,VisionIAS,GS1,29,Multimodal transport requires multiple integrations across different modes of transportation. Substantiate. What are the challenges and opportunities associated with multimodal transportation for India? (250 words),"Type: question, Word limit: 250, Marks: ",https://cdn.visionias.in/toppersanswerbooklet/5da79-62420_1524_ria-dabi_rank_15.pdf#page=29
Ria Dabi,VisionIAS,GS1,32,"Though COVID-19 pandemic exposes the vulnerability of Informal sector and associated labor force in India, it also presents an opportunity to rebalance formal-informal economy dynamics in the country. Discuss. (250 words)","Type: question, Word limit: 250, Marks: ",https://cdn.visionias.in/toppersanswerbooklet/5da79-62420_1524_ria-dabi_rank_15.pdf#page=32
Ria Dabi,VisionIAS,GS1,35,Highlight the drivers and challenges facing India's ambition to become a gas-based economy. Mention the steps that have been taken by the government recently in this regard. (250 words),"Type: question, Word limit: 250, Marks: ",https://cdn.visionias.in/toppersanswerbooklet/5da79-62420_1524_ria-dabi_rank_15.pdf#page=35
Ria Dabi,VisionIAS,GS1,38,Climate Change and the associated events endanger the marine and coastal ecosystems while increasing the vulnerability of coastal population. Examine. (250 words),"Type: question, Word limit: 250, Marks: ",https://cdn.visionias.in/toppersanswerbooklet/5da79-62420_1524_ria-dabi_rank_15.pdf#page=38
Ria Dabi,VisionIAS,GS1,41,"Using examples, highlight how natural ecosystems perform different hazard mitigation functions. (250 words)","Type: question, Word limit: 250, Marks: ",https://cdn.visionias.in/toppersanswerbooklet/5da79-62420_1524_ria-dabi_rank_15.pdf#page=41
Ria Dabi,VisionIAS,GS1,44,"Explain what genome sequencing is and state the challenges in scaling up genome sequencing projects. Also, throw some light on the recently launched IndiGen Project. (250 words)","Type: question, Word limit: 250, Marks: ",https://cdn.visionias.in/toppersanswerbooklet/5da79-62420_1524_ria-dabi_rank_15.pdf#page=44
Ria Dabi,VisionIAS,GS1,47,"India needs to avert radicalisation and societal dissention, as internal faultlines are a breeding ground for cyber and transnational terrorism. Discuss. (250 words)","Type: question, Word limit: 250, Marks: ",https://cdn.visionias.in/toppersanswerbooklet/5da79-62420_1524_ria-dabi_rank_15.pdf#page=47
Ria Dabi,VisionIAS,GS1,50,"Given the emerging security challenges, discuss why the establishment of Integrated Theatre Commands is being seen as an important defence reform. (250 words)","Type: question, Word limit: 250, Marks: ",https://cdn.visionias.in/toppersanswerbooklet/5da79-62420_1524_ria-dabi_rank_15.pdf#page=50
Uma Haritha N,VisionIAS,GS1,3,Tribal art in India generally reflects the creative energy found in rural areas that acts as an undercurrent to the craftsmanship. Explain with reference to the Worli and Gond paintings. (150 words),"Type: question, Word limit: 150, Marks: ",https://cdn.visionias.in/toppersanswerbooklet/48dec-362399_1242_uma-haritha_rank-3.pdf#page=3
Uma Haritha N,VisionIAS,GS1,5,"Though it had its achievements, the exclusion of Indians from the system was a key feature of judicial reforms introduced by Cornwallis. Analyze. (150 words)","Type: question, Word limit: 150, Marks: ",https://cdn.visionias.in/toppersanswerbooklet/48dec-362399_1242_uma-haritha_rank-3.pdf#page=5
Uma Haritha N,VisionIAS,GS1,9,"The Marshall Plan was important in the recovery of the European states from the aftermath of the Second World War. However, it also became a crucial factor in the creation of two Europes i.e. East and West. Discuss. (150 words)","Type: question, Word limit: 150, Marks: ",https://cdn.visionias.in/toppersanswerbooklet/48dec-362399_1242_uma-haritha_rank-3.pdf#page=9
Uma Haritha N,VisionIAS,GS1,11,"Examine the causes behind the existence of bonded labour in contemporary India. Also, discuss the steps that should be taken for its redress. (150 words)","Type: question, Word limit: 150, Marks: ",https://cdn.visionias.in/toppersanswerbooklet/48dec-362399_1242_uma-haritha_rank-3.pdf#page=11
Uma Haritha N,VisionIAS,GS1,13,State the factors that enhance the risk for initiation or continuation of abuse of drugs by the youth. What measures can be taken to address this issue? (150 words),"Type: question, Word limit: 150, Marks: ",https://cdn.visionias.in/toppersanswerbooklet/48dec-362399_1242_uma-haritha_rank-3.pdf#page=13
Uma Haritha N,VisionIAS,GS1,15,Critically analyze the impact of globalization on culture in the context of India. (150 words),"Type: question, Word limit: 150, Marks: ",https://cdn.visionias.in/toppersanswerbooklet/48dec-362399_1242_uma-haritha_rank-3.pdf#page=15
Uma Haritha N,VisionIAS,GS1,19,How do increasing greenhouse gas (GHG) emissions impact coastal and marine ecosystems? Highlight various measures that can be taken for protection and restoration of such vulnerable ecosystems. (150 words),"Type: question, Word limit: 150, Marks: ",https://cdn.visionias.in/toppersanswerbooklet/48dec-362399_1242_uma-haritha_rank-3.pdf#page=19
Uma Haritha N,VisionIAS,GS1,21,"Explain the phenomenon of a Polar Vortex. Also, comment on the reasons as to why tropical areas as south as Florida have been witnessing sub-zero temperatures in recent years. (150 words)","Type: question, Word limit: 150, Marks: ",https://cdn.visionias.in/toppersanswerbooklet/48dec-362399_1242_uma-haritha_rank-3.pdf#page=21
Uma Haritha N,VisionIAS,GS1,23,The most powerful trend of medieval Indian literature is devotional poetry which dominates almost all the major languages of the country. Elucidate. (250 words),"Type: question, Word limit: 250, Marks: ",https://cdn.visionias.in/toppersanswerbooklet/48dec-362399_1242_uma-haritha_rank-3.pdf#page=23
Uma Haritha N,VisionIAS,GS1,26,"Discuss the major changes introduced by the Government of India Act, 1919 and its significance as a historical landmark in the Indian freedom struggle. (250 words)","Type: question, Word limit: 250, Marks: ",https://cdn.visionias.in/toppersanswerbooklet/48dec-362399_1242_uma-haritha_rank-3.pdf#page=26
Uma Haritha N,VisionIAS,GS1,29,"Multiple factors allowed the British to gain control over India. In this context, highlighting the main developments, trace the course of British conquest of India from 1757 to 1856. (250 words)","Type: question, Word limit: 250, Marks: ",https://cdn.visionias.in/toppersanswerbooklet/48dec-362399_1242_uma-haritha_rank-3.pdf#page=29
Uma Haritha N,VisionIAS,GS1,35,"With India becoming increasingly urban and the urban poor increasing in number, it is imperative that the challenges they face be addressed urgently. Discuss. (250 words)","Type: question, Word limit: 250, Marks: ",https://cdn.visionias.in/toppersanswerbooklet/48dec-362399_1242_uma-haritha_rank-3.pdf#page=35
Uma Haritha N,VisionIAS,GS1,38,Violations of women's sexual and reproductive health rights are often deeply engrained in societal values and traditions. Comment. (250 words),"Type: question, Word limit: 250, Marks: ",https://cdn.visionias.in/toppersanswerbooklet/48dec-362399_1242_uma-haritha_rank-3.pdf#page=38
Uma Haritha N,VisionIAS,GS1,41,What do you understand by the term Land Degradation Neutrality? Highlight its significance and the steps required to achieve it. (250 words),"Type: question, Word limit: 250, Marks: ",https://cdn.visionias.in/toppersanswerbooklet/48dec-362399_1242_uma-haritha_rank-3.pdf#page=41
Uma Haritha N,VisionIAS,GS1,44,State the geographical and economic importance of Hindukush-Himalayan region. How are the critical geographical features of this region changing and what possible consequences will it have? (250 words),"Type: question, Word limit: 250, Marks: ",https://cdn.visionias.in/toppersanswerbooklet/48dec-362399_1242_uma-haritha_rank-3.pdf#page=44
Uma Haritha N,VisionIAS,GS1,47,What is the most accepted reasoning behind occurrence of earth's magnetism? Discuss the factors behind its variation temporally and spatially. (250 words),"Type: question, Word limit: 250, Marks: ",https://cdn.visionias.in/toppersanswerbooklet/48dec-362399_1242_uma-haritha_rank-3.pdf#page=47
Uma Haritha N,VisionIAS,GS1,50,Explain Walker Circulation. Discuss how it influences Indian Monsoon. (250 words),"Type: question, Word limit: 250, Marks: ",https://cdn.visionias.in/toppersanswerbooklet/48dec-362399_1242_uma-haritha_rank-3.pdf#page=50
SWATI SHARMA,VisionIAS,Essay,5,It is easier to build strong children than to repair broken men.,"Type: question, Word limit: , Marks: ",https://cdn.visionias.in/toppersanswerbooklet/1d624-368701_2488_swati_sharma_17.pdf#page=5
SWATI SHARMA,VisionIAS,Essay,5,"A mind all logic is like a knife all blade, it makes the hand bleed that uses it.","Type: question, Word limit: , Marks: ",https://cdn.visionias.in/toppersanswerbooklet/1d624-368701_2488_swati_sharma_17.pdf#page=5
SWATI SHARMA,VisionIAS,Essay,5,"Just when the caterpillar thought the world was over, it became a butterfly.","Type: question, Word limit: , Marks: ",https://cdn.visionias.in/toppersanswerbooklet/1d624-368701_2488_swati_sharma_17.pdf#page=5
SWATI SHARMA,VisionIAS,Essay,6,History is a cyclic poem written by time upon the memories of man.,"Type: question, Word limit: , Marks: ",https://cdn.visionias.in/toppersanswerbooklet/1d624-368701_2488_swati_sharma_17.pdf#page=6
SWATI SHARMA,VisionIAS,Essay,18,The wise man does at once what the fool does finally.,"Type: question, Word limit: , Marks: ",https://cdn.visionias.in/toppersanswerbooklet/1d624-368701_2488_swati_sharma_17.pdf#page=18
SWATI SHARMA,VisionIAS,Essay,18,"The world is a tragedy to those who feel, but a comedy to those who think.","Type: question, Word limit: , Marks: ",https://cdn.visionias.in/toppersanswerbooklet/1d624-368701_2488_swati_sharma_17.pdf#page=18
SWATI SHARMA,VisionIAS,Essay,18,Perfect clarity would profit the intellect but damage the will.,"Type: question, Word limit: , Marks: ",https://cdn.visionias.in/toppersanswerbooklet/1d624-368701_2488_swati_sharma_17.pdf#page=18
SWATI SHARMA,VisionIAS,Essay,18,Keep your face to the sunshine and you cannot see a shadow.,"Type: question, Word limit: , Marks: ",https://cdn.visionias.in/toppersanswerbooklet/1d624-368701_2488_swati_sharma_17.pdf#page=18
Nupur Goel,VisionIAS,GS4,5,"In the quest for scientific and technological development, ethical values should not be neglected. Discuss in the current context.","Type: question (salvaged), Word limit: , Marks: ",https://cdn.visionias.in/toppersanswerbooklet/bf06d-6667_1249_nupur-goel_rank_11.pdf#page=5
Nupur Goel,VisionIAS,GS4,9,Elucidate Swami Vivekananda's ideas on nationalism.,"Type: question (salvaged), Word limit: , Marks: ",https://cdn.visionias.in/toppersanswerbooklet/bf06d-6667_1249_nupur-goel_rank_11.pdf#page=9
Nupur Goel,VisionIAS,GS4,11,Given below are quotations of moral thinkers/philosophers. Bring out what they mean to you in the present context:,"Type: question, Word limit: , Marks: ",https://cdn.visionias.in/toppersanswerbooklet/bf06d-6667_1249_nupur-goel_rank_11.pdf#page=11
Nupur Goel,VisionIAS,GS4,23,The mandatory nature of Corporate Social Responsibility goes against the notion of philanthropy. Discuss.,"Type: question, Word limit: , Marks: ",https://cdn.visionias.in/toppersanswerbooklet/bf06d-6667_1249_nupur-goel_rank_11.pdf#page=23
Nupur Goel,VisionIAS,GS4,25,"There have been arguments that rich countries owe an obligation to people living in poor countries. In this context, discuss the issues associated with foreign aid.","Type: question, Word limit: , Marks: ",https://cdn.visionias.in/toppersanswerbooklet/bf06d-6667_1249_nupur-goel_rank_11.pdf#page=25
Nupur Goel,VisionIAS,GS4,27,It is essential that people have access to information if they are to have the capacity to exercise other rights. Discuss the statement with focus on importance of RTI in governance.,"Type: question, Word limit: , Marks: ",https://cdn.visionias.in/toppersanswerbooklet/bf06d-6667_1249_nupur-goel_rank_11.pdf#page=27
Nupur Goel,VisionIAS,GS4,29,Suggest some measures to make a quick turnaround in terms,"Type: question (salvaged), Word limit: , Marks: ",https://cdn.visionias.in/toppersanswerbooklet/bf06d-6667_1249_nupur-goel_rank_11.pdf#page=29
Nupur Goel,VisionIAS,GS4,54,"Various studies have found out that cases of depression and mental illness have increased exponentially in the recent past. Also, in the age group of 15-30 years, this problem is further pronounced. Furthermore, the rising trend of suicides in this age group has been attributed to depression. Given the situation, answer the following questions: (a) Present an ethical critique of the prevalent societal attitude towards mental illness. (b) Given the magnitude of the problem among younger generation/young adults, analyse the role of the following: i. Parenting ii. Social Media iii. Video Games","Type: question, Word limit: , Marks: ",https://cdn.visionias.in/toppersanswerbooklet/bf06d-6667_1249_nupur-goel_rank_11.pdf#page=54
Aniket Ranjan,NextIAS,GS2,8,The contributions of the founding mothers in the Constituent Assembly and their feminist perspective have shaped India's constitutional discourse. Discuss (Answer in 150 words),"Type: question, Word limit: 150, Marks: 10",https://cdnstatic.nextias.com/newuploads/Nextias/2026/3/MT25FLTRA061_FLT2502.pdf#page=8
Aniket Ranjan,NextIAS,GS2,10,What is a Privilege Motion in the Indian Parliament? How does the Committee of Privileges examine and deal with such motions? (Answer in 150 words),"Type: question, Word limit: 150, Marks: 10",https://cdnstatic.nextias.com/newuploads/Nextias/2026/3/MT25FLTRA061_FLT2502.pdf#page=10
Aniket Ranjan,NextIAS,GS2,12,Compare the powers of the head of state in India and the UK. How do their roles reflect the constitutional principles of their respective systems? (Answer in 150 words),"Type: question, Word limit: 150, Marks: 10",https://cdnstatic.nextias.com/newuploads/Nextias/2026/3/MT25FLTRA061_FLT2502.pdf#page=12
Aniket Ranjan,NextIAS,GS2,14,"""A democracy is only as strong as its Opposition."" In this light, examine the role of the Leader of the Opposition in the Lok Sabha and suggest measures to enhance the effectiveness of this institution in India. (Answer in 150 words)","Type: question, Word limit: 150, Marks: 10",https://cdnstatic.nextias.com/newuploads/Nextias/2026/3/MT25FLTRA061_FLT2502.pdf#page=14
Aniket Ranjan,NextIAS,GS2,16,What are the constitutional provisions related to minority educational institutions in India? How have judicial pronouncements shaped the balance between the right to equality and the right to preserve minority identity in India? (Answer in 150 words),"Type: question, Word limit: 150, Marks: 10",https://cdnstatic.nextias.com/newuploads/Nextias/2026/3/MT25FLTRA061_FLT2502.pdf#page=16
Aniket Ranjan,NextIAS,GS2,18,India is emerging as a global hub for social entrepreneurship. Can social enterprises effectively complement the state in achieving inclusive development? (Answer in 150 words),"Type: question, Word limit: 150, Marks: 10",https://cdnstatic.nextias.com/newuploads/Nextias/2026/3/MT25FLTRA061_FLT2502.pdf#page=18
Aniket Ranjan,NextIAS,GS2,20,The SHG-Bank Linkage Programme has been hailed as an indigenous tool for poverty alleviation in India. Examine its impact on improving rural livelihoods and reducing multi-dimensional poverty. (Answer in 150 words),"Type: question, Word limit: 150, Marks: 10",https://cdnstatic.nextias.com/newuploads/Nextias/2026/3/MT25FLTRA061_FLT2502.pdf#page=20
Aniket Ranjan,NextIAS,GS2,22,How far do you think Citizen-led environmental movements have proven to be effective tools of ecological preservation in recent years? Justify with examples. (Answer in 150 words),"Type: question, Word limit: 150, Marks: 10",https://cdnstatic.nextias.com/newuploads/Nextias/2026/3/MT25FLTRA061_FLT2502.pdf#page=22
Aniket Ranjan,NextIAS,GS2,24,"""Digital governance is emerging as a frontier of the global agenda, and India seeks to lead by example."" Examine (Answer in 150 words)","Type: question, Word limit: 150, Marks: 10",https://cdnstatic.nextias.com/newuploads/Nextias/2026/3/MT25FLTRA061_FLT2502.pdf#page=24
Aniket Ranjan,NextIAS,GS2,26,Examine India's transboundary water-sharing challenges with Pakistan and Bangladesh in light of recent disputes. (Answer in 150 words),"Type: question, Word limit: 150, Marks: 10",https://cdnstatic.nextias.com/newuploads/Nextias/2026/3/MT25FLTRA061_FLT2502.pdf#page=26
Aniket Ranjan,NextIAS,GS2,28,The role of Governors in opposition-ruled States has been a flashpoint in Centre-State relations. Critically discuss how gubernatorial overreach challenges the position of state governments and suggest safeguards to mitigate such conflicts. (Answer in 250 words),"Type: question, Word limit: 250, Marks: 15",https://cdnstatic.nextias.com/newuploads/Nextias/2026/3/MT25FLTRA061_FLT2502.pdf#page=28
Aniket Ranjan,NextIAS,GS2,31,"The evolving relationship between Fundamental Rights and Directive Principles of State Policy has been a dynamic feature of India's constitutional journey, often necessitating judicial interventions and constitutional amendments. Discuss. (Answer in 250 words)","Type: question, Word limit: 250, Marks: 15",https://cdnstatic.nextias.com/newuploads/Nextias/2026/3/MT25FLTRA061_FLT2502.pdf#page=31
Aniket Ranjan,NextIAS,GS2,34,"While cooperative federalism is rooted in the design of the Constitution, political considerations have given rise to competitive and confrontational federalism. Examine the role of constitutional and extra-constitutional institutions in reconciling these trends within India's federal structure. (Answer in 250 words)","Type: question, Word limit: 250, Marks: 15",https://cdnstatic.nextias.com/newuploads/Nextias/2026/3/MT25FLTRA061_FLT2502.pdf#page=34
Aniket Ranjan,NextIAS,GS2,37,"The growing number of undertrial prisoners in India reflects both systemic and procedural lapses within the criminal justice system. In light of recent Supreme Court directions, discuss the underlying challenges and suggest a multi-pronged approach to address this crisis. (Answer in 250 words)","Type: question, Word limit: 250, Marks: 15",https://cdnstatic.nextias.com/newuploads/Nextias/2026/3/MT25FLTRA061_FLT2502.pdf#page=37
Aniket Ranjan,NextIAS,GS2,40,"'The Upper House was envisioned as a reviewing chamber and not a rival to the Lower House.' In light of this statement, do you think the Rajya Sabha continues to fulfil this vision in contemporary Indian polity? (Answer in 250 words)","Type: question, Word limit: 250, Marks: 15",https://cdnstatic.nextias.com/newuploads/Nextias/2026/3/MT25FLTRA061_FLT2502.pdf#page=40
Aniket Ranjan,NextIAS,GS2,43,"Well-executed government initiatives often fail if operations and maintenance are not integral to the programme design. In the context of the Swachh Bharat Mission in India, discuss how collective action and community ownership can ensure its long-term sustainability. (Answer in 250 words)","Type: question, Word limit: 250, Marks: 15",https://cdnstatic.nextias.com/newuploads/Nextias/2026/3/MT25FLTRA061_FLT2502.pdf#page=43
Aniket Ranjan,NextIAS,GS2,46,"Freebies in electoral politics have sparked debate over their impact on governance in India. Differentiate between freebies and welfare measures, and examine their impact on governance. (Answer in 250 words)","Type: question, Word limit: 250, Marks: 15",https://cdnstatic.nextias.com/newuploads/Nextias/2026/3/MT25FLTRA061_FLT2502.pdf#page=46
Aniket Ranjan,NextIAS,GS2,49,"Structural barriers have long impeded the development of a robust research environment, despite the presence of numerous institutions. Discuss how the Anusandhan National Research Foundation (ANRF) seeks to address these structural challenges. (Answer in 250 words)","Type: question, Word limit: 250, Marks: 15",https://cdnstatic.nextias.com/newuploads/Nextias/2026/3/MT25FLTRA061_FLT2502.pdf#page=49
Aniket Ranjan,NextIAS,GS2,52,"India's strategic autonomy remains the guiding principle in navigating relations with the United States and China. In this context, analyse the potential challenges and opportunities for India and how India should navigate this renewed US-China rivalry. (Answer in 250 words)","Type: question, Word limit: 250, Marks: 15",https://cdnstatic.nextias.com/newuploads/Nextias/2026/3/MT25FLTRA061_FLT2502.pdf#page=52
Aniket Ranjan,NextIAS,GS2,55,The launch of the India-Middle East-Europe Economic Corridor (IMEC) marks a turning point in India's connectivity diplomacy. Analyse its strategic relevance for India vis-à-vis China's Belt and Road Initiative (BRI). (Answer in 250 words),"Type: question, Word limit: 250, Marks: 15",https://cdnstatic.nextias.com/newuploads/Nextias/2026/3/MT25FLTRA061_FLT2502.pdf#page=55
Aayushi Bansal,Level Up IAS,Sociology,2,Comment on the following in about 150 words each: 10x5=50 (a) What makes Ghurye’s Indological perspective an account of social integration and social disintegration of Indian society?,"Type: question, Word limit: 150, Marks: ",https://drive.google.com/file/d/1dsmMQd3QQ4h_Kwh2hRfJ6yXJsaBLnnZd/view#page=2
Aayushi Bansal,Level Up IAS,Sociology,2,Caste system studies in India have been dominated by the “book - view” initially. How did the entry of “field view” bring about a balance in the study of Indian caste system? Discuss. (20 marks),"Type: question, Word limit: , Marks: 20",https://drive.google.com/file/d/1dsmMQd3QQ4h_Kwh2hRfJ6yXJsaBLnnZd/view#page=2
Aayushi Bansal,Level Up IAS,Sociology,2,How does Little Tradition and Great Tradition coexist & interact with each other in Indian society? (20 marks),"Type: question, Word limit: , Marks: 20",https://drive.google.com/file/d/1dsmMQd3QQ4h_Kwh2hRfJ6yXJsaBLnnZd/view#page=2
Aayushi Bansal,Level Up IAS,Sociology,2,What makes A.R Desai’s account on Indian nationalism ‘Dialectical’ in nature? (20 marks),"Type: question, Word limit: , Marks: 20",https://drive.google.com/file/d/1dsmMQd3QQ4h_Kwh2hRfJ6yXJsaBLnnZd/view#page=2
Aayushi Bansal,Level Up IAS,Sociology,3,Is Indian society moving from “hierarchy” towards “differentiation”. Illustrate your answer with suitable examples. (20 marks),"Type: question, Word limit: , Marks: 20",https://drive.google.com/file/d/1dsmMQd3QQ4h_Kwh2hRfJ6yXJsaBLnnZd/view#page=3
Aayushi Bansal,Level Up IAS,Sociology,3,How do you compare Gandhi and Ambedkar’s views on caste system? (20 marks),"Type: question, Word limit: , Marks: 20",https://drive.google.com/file/d/1dsmMQd3QQ4h_Kwh2hRfJ6yXJsaBLnnZd/view#page=3
Aayushi Bansal,Level Up IAS,Sociology,3,Describe the sociological dynamics of champaran satyagraha. (20 marks),"Type: question, Word limit: , Marks: 20",https://drive.google.com/file/d/1dsmMQd3QQ4h_Kwh2hRfJ6yXJsaBLnnZd/view#page=3
Riya Saini,Level Up IAS,Sociology,2,Comment on the following in about 150 words each: 10x5=50 (a) How has the scope of Sociology broadened in the global times?,"Type: question, Word limit: 150, Marks: ",https://drive.google.com/file/d/1c6DSsZRWutgcWQVi8wD1bNkPVgtmHclh/view#page=2
Riya Saini,Level Up IAS,Sociology,2,In what way ‘interpretative’ method is different from ‘positivist’ approach in the study of social phenomena? (20 marks),"Type: question, Word limit: , Marks: 20",https://drive.google.com/file/d/1c6DSsZRWutgcWQVi8wD1bNkPVgtmHclh/view#page=2
Riya Saini,Level Up IAS,Sociology,2,What makes Durkheim’s research on Suicide rate a positivist research. Clarify. (20 marks),"Type: question, Word limit: , Marks: 20",https://drive.google.com/file/d/1c6DSsZRWutgcWQVi8wD1bNkPVgtmHclh/view#page=2
Riya Saini,Level Up IAS,Sociology,3,"Answer the following in about 150 words each: 10x5=50 (a) Describe the process of “operationalization of variable “with few examples. (b) While economics is about how people make choice, sociology is about they don’t have any choice to make. What do you understand by the given statement?","Type: question, Word limit: 150, Marks: ",https://drive.google.com/file/d/1c6DSsZRWutgcWQVi8wD1bNkPVgtmHclh/view#page=3
Riya Saini,Level Up IAS,Sociology,3,Explain the different types of non-probability sampling techniques. Bring out the conditions of their usage with appropriate examples. (20marks),"Type: question, Word limit: , Marks: 20",https://drive.google.com/file/d/1c6DSsZRWutgcWQVi8wD1bNkPVgtmHclh/view#page=3
Riya Saini,Level Up IAS,Sociology,3,Discuss the challenges involved in collecting data through Survey (20 marks),"Type: question, Word limit: , Marks: 20",https://drive.google.com/file/d/1c6DSsZRWutgcWQVi8wD1bNkPVgtmHclh/view#page=3
Riya Saini,Level Up IAS,Sociology,3,Is Sociology a Science? Give reasons for your answer. (20 marks),"Type: question, Word limit: , Marks: 20",https://drive.google.com/file/d/1c6DSsZRWutgcWQVi8wD1bNkPVgtmHclh/view#page=3
Shobhika Pathak,Level Up IAS,Sociology,2,Comment on the following in about 150 words each: 10x5=50 (a) How has the scope of Sociology broadened in the global times?,"Type: question, Word limit: 150, Marks: ",https://drive.google.com/file/d/1I--KQHlGfLvJXQ6QewT7TW6GDNqdjtN8/view#page=2
Shobhika Pathak,Level Up IAS,Sociology,2,In what way ‘interpretative’ method is different from ‘positivist’ approach in the study of social phenomena? (20 marks),"Type: question, Word limit: , Marks: 20",https://drive.google.com/file/d/1I--KQHlGfLvJXQ6QewT7TW6GDNqdjtN8/view#page=2
Shobhika Pathak,Level Up IAS,Sociology,2,What makes Durkheim’s research on Suicide rate a positivist research. Clarify. (20 marks),"Type: question, Word limit: , Marks: 20",https://drive.google.com/file/d/1I--KQHlGfLvJXQ6QewT7TW6GDNqdjtN8/view#page=2
Shobhika Pathak,Level Up IAS,Sociology,3,"Answer the following in about 150 words each: 10x5=50 (a) Describe the process of “operationalization of variable “with few examples. (b) While economics is about how people make choice, sociology is about they don’t have any choice to make. What do you understand by the given statement?","Type: question, Word limit: 150, Marks: ",https://drive.google.com/file/d/1I--KQHlGfLvJXQ6QewT7TW6GDNqdjtN8/view#page=3
Shobhika Pathak,Level Up IAS,Sociology,3,Explain the different types of non-probability sampling techniques. Bring out the conditions of their usage with appropriate examples. (20marks),"Type: question, Word limit: , Marks: 20",https://drive.google.com/file/d/1I--KQHlGfLvJXQ6QewT7TW6GDNqdjtN8/view#page=3
Shobhika Pathak,Level Up IAS,Sociology,3,Discuss the challenges involved in collecting data through Survey (20 marks),"Type: question, Word limit: , Marks: 20",https://drive.google.com/file/d/1I--KQHlGfLvJXQ6QewT7TW6GDNqdjtN8/view#page=3
Shobhika Pathak,Level Up IAS,Sociology,3,Is Sociology a Science? Give reasons for your answer. (20 marks),"Type: question, Word limit: , Marks: 20",https://drive.google.com/file/d/1I--KQHlGfLvJXQ6QewT7TW6GDNqdjtN8/view#page=3
Mudita Bansal,Level Up IAS,Sociology,2,Comment on the following in about 150 words each: 10x5=50 (a) How has the scope of Sociology broadened in the global times?,"Type: question, Word limit: 150, Marks: ",https://drive.google.com/file/d/1cfVWDSuMbd0zXFmLOyDqcEg_49kSC9ED/view#page=2
Mudita Bansal,Level Up IAS,Sociology,2,In what way ‘interpretative’ method is different from ‘positivist’ approach in the study of social phenomena? (20 marks),"Type: question, Word limit: , Marks: 20",https://drive.google.com/file/d/1cfVWDSuMbd0zXFmLOyDqcEg_49kSC9ED/view#page=2
Mudita Bansal,Level Up IAS,Sociology,2,What makes Durkheim’s research on Suicide rate a positivist research. Clarify. (20 marks),"Type: question, Word limit: , Marks: 20",https://drive.google.com/file/d/1cfVWDSuMbd0zXFmLOyDqcEg_49kSC9ED/view#page=2
Mudita Bansal,Level Up IAS,Sociology,3,"Answer the following in about 150 words each: 10x5=50 (a) Describe the process of “operationalization of variable “with few examples. (b) While economics is about how people make choice, sociology is about they don’t have any choice to make. What do you understand by the given statement?","Type: question, Word limit: 150, Marks: ",https://drive.google.com/file/d/1cfVWDSuMbd0zXFmLOyDqcEg_49kSC9ED/view#page=3
Mudita Bansal,Level Up IAS,Sociology,3,Explain the different types of non-probability sampling techniques. Bring out the conditions of their usage with appropriate examples. (20marks),"Type: question, Word limit: , Marks: 20",https://drive.google.com/file/d/1cfVWDSuMbd0zXFmLOyDqcEg_49kSC9ED/view#page=3
Mudita Bansal,Level Up IAS,Sociology,3,Discuss the challenges involved in collecting data through Survey (20 marks),"Type: question, Word limit: , Marks: 20",https://drive.google.com/file/d/1cfVWDSuMbd0zXFmLOyDqcEg_49kSC9ED/view#page=3
Mudita Bansal,Level Up IAS,Sociology,3,Is Sociology a Science? Give reasons for your answer. (20 marks),"Type: question, Word limit: , Marks: 20",https://drive.google.com/file/d/1cfVWDSuMbd0zXFmLOyDqcEg_49kSC9ED/view#page=3
Lavanya Gaur,Level Up IAS,Sociology,2,Comment on the following in about 150 words each: 10x5=50 (a) How has the scope of Sociology broadened in the global times?,"Type: question, Word limit: 150, Marks: ",https://drive.google.com/file/d/1gcDTBPScITYexZU7PC6S7nCIkoGbOlIr/view#page=2
Lavanya Gaur,Level Up IAS,Sociology,2,In what way ‘interpretative’ method is different from ‘positivist’ approach in the study of social phenomena? (20 marks),"Type: question, Word limit: , Marks: 20",https://drive.google.com/file/d/1gcDTBPScITYexZU7PC6S7nCIkoGbOlIr/view#page=2
Lavanya Gaur,Level Up IAS,Sociology,2,What makes Durkheim’s research on Suicide rate a positivist research. Clarify. (20 marks),"Type: question, Word limit: , Marks: 20",https://drive.google.com/file/d/1gcDTBPScITYexZU7PC6S7nCIkoGbOlIr/view#page=2
Lavanya Gaur,Level Up IAS,Sociology,3,"Answer the following in about 150 words each: 10x5=50 (a) Describe the process of “operationalization of variable “with few examples. (b) While economics is about how people make choice, sociology is about they don’t have any choice to make. What do you understand by the given statement?","Type: question, Word limit: 150, Marks: ",https://drive.google.com/file/d/1gcDTBPScITYexZU7PC6S7nCIkoGbOlIr/view#page=3
Lavanya Gaur,Level Up IAS,Sociology,3,Explain the different types of non-probability sampling techniques. Bring out the conditions of their usage with appropriate examples. (20marks),"Type: question, Word limit: , Marks: 20",https://drive.google.com/file/d/1gcDTBPScITYexZU7PC6S7nCIkoGbOlIr/view#page=3
Lavanya Gaur,Level Up IAS,Sociology,3,Discuss the challenges involved in collecting data through Survey (20 marks),"Type: question, Word limit: , Marks: 20",https://drive.google.com/file/d/1gcDTBPScITYexZU7PC6S7nCIkoGbOlIr/view#page=3
Lavanya Gaur,Level Up IAS,Sociology,3,Is Sociology a Science? Give reasons for your answer. (20 marks),"Type: question, Word limit: , Marks: 20",https://drive.google.com/file/d/1gcDTBPScITYexZU7PC6S7nCIkoGbOlIr/view#page=3
Neelesh Goyal,Level Up IAS,Sociology,2,Comment on the following in about 150 words each: 10x5=50 (a) Modernity should be seen in the light of its historical context. Explain the origin & nature of modernity in Indian society. ( b ) “Sociology emerged in Europe and flourish ed to begin with on social . reformist to begin with on social reformist orientation in the U.S.A”. - comment. (c) Describe the changing equation of sociology with o,"Type: question, Word limit: 150, Marks: ",https://drive.google.com/file/d/1vsukTnBy-0Xuu2u9Xe-8tXfqtjx3HUzN/view#page=2
Neelesh Goyal,Level Up IAS,Sociology,2,In what way ‘interpretative’ method is different from ‘positivist’ approach in the study of social phenomena? ( 20 marks),"Type: question, Word limit: , Marks: 20",https://drive.google.com/file/d/1vsukTnBy-0Xuu2u9Xe-8tXfqtjx3HUzN/view#page=2
Neelesh Goyal,Level Up IAS,Sociology,2,What makes Durkheim’s research on Suicide rate a positivist research. Clarify . ( 20 marks),"Type: question, Word limit: , Marks: 20",https://drive.google.com/file/d/1vsukTnBy-0Xuu2u9Xe-8tXfqtjx3HUzN/view#page=2
Neelesh Goyal,Level Up IAS,Sociology,3,Examine the problems of maintaining objectivity and value neutrality in social science research? (20 marks),"Type: question, Word limit: , Marks: 20",https://drive.google.com/file/d/1vsukTnBy-0Xuu2u9Xe-8tXfqtjx3HUzN/view#page=3
Neelesh Goyal,Level Up IAS,Sociology,3,"Answer the following in about 150 words each: 10x5=50 (a) Describe the process of “operationalization of variable “with few examples. (b) While economics is about how people make choice, sociology is about they don’t have any choice to make. What do you understand by the given statement?","Type: question, Word limit: 150, Marks: ",https://drive.google.com/file/d/1vsukTnBy-0Xuu2u9Xe-8tXfqtjx3HUzN/view#page=3
Neelesh Goyal,Level Up IAS,Sociology,3,Explain the different types of non - probability sampling techniques. Bring out the conditions of their usage with appropriate examples. ( 20 marks),"Type: question, Word limit: , Marks: 20",https://drive.google.com/file/d/1vsukTnBy-0Xuu2u9Xe-8tXfqtjx3HUzN/view#page=3
Neelesh Goyal,Level Up IAS,Sociology,3,Discuss the challenges involved in collecting data through Survey . ( 20 marks),"Type: question, Word limit: , Marks: 20",https://drive.google.com/file/d/1vsukTnBy-0Xuu2u9Xe-8tXfqtjx3HUzN/view#page=3
Neelesh Goyal,Level Up IAS,Sociology,3,Is Sociology a Science? Give reasons for your answer. ( 20 marks),"Type: question, Word limit: , Marks: 20",https://drive.google.com/file/d/1vsukTnBy-0Xuu2u9Xe-8tXfqtjx3HUzN/view#page=3
Prastuti Upadhyay,Level Up IAS,Sociology,2,Comment on the following in about 150 words each: 10x5=50 (a) How has the scope of Sociology broadened in the global times?,"Type: question, Word limit: 150, Marks: ",https://drive.google.com/file/d/1XhKoomF6qnulGPpban-KCxQVLn528Ehs/view#page=2
Prastuti Upadhyay,Level Up IAS,Sociology,2,In what way ‘interpretative’ method is different from ‘positivist’ approach in the study of social phenomena? (20 marks),"Type: question, Word limit: , Marks: 20",https://drive.google.com/file/d/1XhKoomF6qnulGPpban-KCxQVLn528Ehs/view#page=2
Prastuti Upadhyay,Level Up IAS,Sociology,2,What makes Durkheim’s research on Suicide rate a positivist research. Clarify. (20 marks),"Type: question, Word limit: , Marks: 20",https://drive.google.com/file/d/1XhKoomF6qnulGPpban-KCxQVLn528Ehs/view#page=2
Prastuti Upadhyay,Level Up IAS,Sociology,3,"Answer the following in about 150 words each: 10x5=50 (a) Describe the process of “operationalization of variable “with few examples. (b) While economics is about how people make choice, sociology is about they don’t have any choice to make. What do you understand by the given statement?","Type: question, Word limit: 150, Marks: ",https://drive.google.com/file/d/1XhKoomF6qnulGPpban-KCxQVLn528Ehs/view#page=3
Prastuti Upadhyay,Level Up IAS,Sociology,3,Explain the different types of non-probability sampling techniques. Bring out the conditions of their usage with appropriate examples. (20marks),"Type: question, Word limit: , Marks: 20",https://drive.google.com/file/d/1XhKoomF6qnulGPpban-KCxQVLn528Ehs/view#page=3
Prastuti Upadhyay,Level Up IAS,Sociology,3,Discuss the challenges involved in collecting data through Survey (20 marks),"Type: question, Word limit: , Marks: 20",https://drive.google.com/file/d/1XhKoomF6qnulGPpban-KCxQVLn528Ehs/view#page=3
Prastuti Upadhyay,Level Up IAS,Sociology,3,Is Sociology a Science? Give reasons for your answer. (20 marks),"Type: question, Word limit: , Marks: 20",https://drive.google.com/file/d/1XhKoomF6qnulGPpban-KCxQVLn528Ehs/view#page=3
Ria Kaur,Level Up IAS,Sociology,2,"Comment on the following in about 150 words each: 10x5=50 (a) According to C.W. Mills, ‘Power elite is a Quasi - Hereditary caste’. Clarify. (b) What conditions are responsible for the emergence of ‘ New Religious movements ’ in a society. (c) How does Weber establish the correlation between Power, Domination and legitimacy?","Type: question, Word limit: 150, Marks: ",https://drive.google.com/file/d/1vP4W9IPIf6FiDOM0babxLEr8m2J3Wlzp/view#page=2
Ria Kaur,Level Up IAS,Sociology,2,What is new about ‘new social movements’? Explain using examples. (20 marks),"Type: question, Word limit: , Marks: 20",https://drive.google.com/file/d/1vP4W9IPIf6FiDOM0babxLEr8m2J3Wlzp/view#page=2
Ria Kaur,Level Up IAS,Sociology,2,Is social democracy a prerequisite for a political democracy? Critically analyse. (20 marks),"Type: question, Word limit: , Marks: 20",https://drive.google.com/file/d/1vP4W9IPIf6FiDOM0babxLEr8m2J3Wlzp/view#page=2
Ria Kaur,Level Up IAS,Sociology,2,Durkheim believed that the essence of all world religions could be found by studying its elementary form. Describe his findings on the essence of religion. (20 marks),"Type: question, Word limit: , Marks: 20",https://drive.google.com/file/d/1vP4W9IPIf6FiDOM0babxLEr8m2J3Wlzp/view#page=2
Ria Kaur,Level Up IAS,Sociology,3,Answer the following in about 150 words each: 10x5=50 (a) Describe secularization thesis and its relevance in Indian society. (b) How does Weber establish religion between particular religious values and the rational capitalism?,"Type: question, Word limit: 150, Marks: ",https://drive.google.com/file/d/1vP4W9IPIf6FiDOM0babxLEr8m2J3Wlzp/view#page=3
Ria Kaur,Level Up IAS,Sociology,3,Is religion antithetical to science? Comment. (20 marks),"Type: question, Word limit: , Marks: 20",https://drive.google.com/file/d/1vP4W9IPIf6FiDOM0babxLEr8m2J3Wlzp/view#page=3
Ria Kaur,Level Up IAS,Sociology,3,The term ‘developed’ and ‘underdeveloped’ are western constructions and the world societies are moving towards alternative models of development. Describe the evolution of development discourse. (20 marks),"Type: question, Word limit: , Marks: 20",https://drive.google.com/file/d/1vP4W9IPIf6FiDOM0babxLEr8m2J3Wlzp/view#page=3
Ria Kaur,Level Up IAS,Sociology,3,What do you understand by institutionalisation of ‘live -in- relationship’? How does it alter existing customs associated with sacred union of two individuals? (20 marks),"Type: question, Word limit: , Marks: 20",https://drive.google.com/file/d/1vP4W9IPIf6FiDOM0babxLEr8m2J3Wlzp/view#page=3
Devyanshi Verma,Sleepy Classes,Sociology,7,"The twin shackles Gupta. Examine the statement in their rigorous hold""- Dipankar","Type: question, Word limit: , Marks: ",https://sleepyclasses.com/wp-content/uploads/2026/04/hlt-3-a1-b6_lyst1753372115321-compressed.pdf#page=7
Devyanshi Verma,Sleepy Classes,Sociology,9,How has B.R. Ambedkar identified the features of the caste system? How is it different from the mainstream treatment of caste features? (10 Marks),"Type: question, Word limit: , Marks: 10",https://sleepyclasses.com/wp-content/uploads/2026/04/hlt-3-a1-b6_lyst1753372115321-compressed.pdf#page=9
Devyanshi Verma,Sleepy Classes,Sociology,17,Discuss the societal implication of theservice sector revolution on the gender-based division of labour. (10 Marks),"Type: question, Word limit: , Marks: 10",https://sleepyclasses.com/wp-content/uploads/2026/04/hlt-3-a1-b6_lyst1753372115321-compressed.pdf#page=17
Devyanshi Verma,Sleepy Classes,Sociology,19,Identify and analyze theprimary challengeshindering in enacting a uniform Civil Code in India. (10 Marks),"Type: question, Word limit: , Marks: 10",https://sleepyclasses.com/wp-content/uploads/2026/04/hlt-3-a1-b6_lyst1753372115321-compressed.pdf#page=19
Siddharth Singh,Level Up IAS,Sociology,2,Comment on the following in about 150 words each: 10x5=50 (a) How has the scope of Sociology broadened in the global times?,"Type: question, Word limit: 150, Marks: ",https://drive.google.com/file/d/1L--o4CTomf0z9b9JhWwMljdV1_88gvg2/view#page=2
Siddharth Singh,Level Up IAS,Sociology,2,In what way ‘interpretative’ method is different from ‘positivist’ approach in the study of social phenomena? (20 marks),"Type: question, Word limit: , Marks: 20",https://drive.google.com/file/d/1L--o4CTomf0z9b9JhWwMljdV1_88gvg2/view#page=2
Siddharth Singh,Level Up IAS,Sociology,2,What makes Durkheim’s research on Suicide rate a positivist research. Clarify. (20 marks),"Type: question, Word limit: , Marks: 20",https://drive.google.com/file/d/1L--o4CTomf0z9b9JhWwMljdV1_88gvg2/view#page=2
Siddharth Singh,Level Up IAS,Sociology,3,"Answer the following in about 150 words each: 10x5=50 (a) Describe the process of “operationalization of variable “with few examples. (b) While economics is about how people make choice, sociology is about they don’t have any choice to make. What do you understand by the given statement?","Type: question, Word limit: 150, Marks: ",https://drive.google.com/file/d/1L--o4CTomf0z9b9JhWwMljdV1_88gvg2/view#page=3
Siddharth Singh,Level Up IAS,Sociology,3,Explain the different types of non-probability sampling techniques. Bring out the conditions of their usage with appropriate examples. (20marks),"Type: question, Word limit: , Marks: 20",https://drive.google.com/file/d/1L--o4CTomf0z9b9JhWwMljdV1_88gvg2/view#page=3
Siddharth Singh,Level Up IAS,Sociology,3,Discuss the challenges involved in collecting data through Survey (20 marks),"Type: question, Word limit: , Marks: 20",https://drive.google.com/file/d/1L--o4CTomf0z9b9JhWwMljdV1_88gvg2/view#page=3
Siddharth Singh,Level Up IAS,Sociology,3,Is Sociology a Science? Give reasons for your answer. (20 marks),"Type: question, Word limit: , Marks: 20",https://drive.google.com/file/d/1L--o4CTomf0z9b9JhWwMljdV1_88gvg2/view#page=3
Ravish Mittal,Level Up IAS,Sociology,2,Comment on the following in about 150 words each: 10x5=50 (a) sociology developed to study social forces causing changes in Europe. Comment. ( b) Discuss how the subject matter of sociology has expanded in the global times. ( c) How does Weber describe the ‘Spirit’ of capitalism?,"Type: question, Word limit: 150, Marks: ",https://drive.google.com/file/d/1Xwyf_yTTcKv27BGqX26wTPH0HuZNCXzc/view#page=2
Ravish Mittal,Level Up IAS,Sociology,2,Phenomenological perspective in sociology rejects many of the assumptions of positivism. Comment . (20 marks),"Type: question, Word limit: , Marks: 20",https://drive.google.com/file/d/1Xwyf_yTTcKv27BGqX26wTPH0HuZNCXzc/view#page=2
Ravish Mittal,Level Up IAS,Sociology,3,What is Weberian critique of Marxist notion of social stratification? (20 marks),"Type: question, Word limit: , Marks: 20",https://drive.google.com/file/d/1Xwyf_yTTcKv27BGqX26wTPH0HuZNCXzc/view#page=3
Ravish Mittal,Level Up IAS,Sociology,3,Answer the following in about 150 words each: 10x5=50 (a) Discuss the changing nature of kinship relations in the contemporary world. ( b) Critically assess relevance of Marxian and Pareto’s theory of Power. ( c) Describe significance of Parsons’ notion of pattern variables to explain social change in society. Illu strate with suitable examples from Indian society. ( d) Distinguish between sects a,"Type: question, Word limit: 150, Marks: ",https://drive.google.com/file/d/1Xwyf_yTTcKv27BGqX26wTPH0HuZNCXzc/view#page=3
Ravish Mittal,Level Up IAS,Sociology,3,What are the new forms of family in developed societies? Discuss . ( 20 marks),"Type: question, Word limit: , Marks: 20",https://drive.google.com/file/d/1Xwyf_yTTcKv27BGqX26wTPH0HuZNCXzc/view#page=3
Ravish Mittal,Level Up IAS,Sociology,3,How does New Education policy help us in addressing inequalities in society? (20 marks),"Type: question, Word limit: , Marks: 20",https://drive.google.com/file/d/1Xwyf_yTTcKv27BGqX26wTPH0HuZNCXzc/view#page=3
Ravish Mittal,Level Up IAS,Sociology,3,Describe Weber’s understanding on social action. Are our actions increasingly becoming instrumental in the contemporary societies? Discuss it keeping the growth of artificial Intelligence in perspective. (20 marks),"Type: question, Word limit: , Marks: 20",https://drive.google.com/file/d/1Xwyf_yTTcKv27BGqX26wTPH0HuZNCXzc/view#page=3
Aman Pratap Singh,Level Up IAS,Sociology,2,Comment on the following in about 150 words each: 10x5=50 (a) Highlight the conceptual issues around the concept of Dominant Caste. (b ) Compare the pressing problems of a Dalit poor family living in an urban slum with a similar type of family living in a rural setting (c ) Describe the issues associated with same sex marriage (d ) Is social democracy a precondition for political democracy?,"Type: question, Word limit: 150, Marks: ",https://drive.google.com/file/d/1v5yWjjvVnibCK-MdN5eTmjEnD9hbQEX9/view#page=2
Aman Pratap Singh,Level Up IAS,Sociology,2,What is POSH Act? “Identification of tormentor by women at workplace does no t come easily even today.” Examine the statement with substantive examples from India. ( 20 marks),"Type: question, Word limit: , Marks: 20",https://drive.google.com/file/d/1v5yWjjvVnibCK-MdN5eTmjEnD9hbQEX9/view#page=2
Aman Pratap Singh,Level Up IAS,Sociology,2,Has caste system hindered democracy and adult franchise in India? ( 20 marks),"Type: question, Word limit: , Marks: 20",https://drive.google.com/file/d/1v5yWjjvVnibCK-MdN5eTmjEnD9hbQEX9/view#page=2
Aman Pratap Singh,Level Up IAS,Sociology,3,Is wage for housework (WFH) solution to existing disparity in entitlement? Will it empower women or reproduce status quo? Examine. ( 20 marks),"Type: question, Word limit: , Marks: 20",https://drive.google.com/file/d/1v5yWjjvVnibCK-MdN5eTmjEnD9hbQEX9/view#page=3
Aman Pratap Singh,Level Up IAS,Sociology,3,Answer the following in about 150 words each: 10x5=50 (a) Discuss the grounds for the mode of production debate in Indian agriculture. ( b ) Has green revolution led to the formation of new power elite in rural India?,"Type: question, Word limit: 150, Marks: ",https://drive.google.com/file/d/1v5yWjjvVnibCK-MdN5eTmjEnD9hbQEX9/view#page=3
Aman Pratap Singh,Level Up IAS,Sociology,3,How have the struggles against untouchability changed their forms and perspectives from Gandhian to Ambedkarite positions? ( 20 marks),"Type: question, Word limit: , Marks: 20",https://drive.google.com/file/d/1v5yWjjvVnibCK-MdN5eTmjEnD9hbQEX9/view#page=3
Aman Pratap Singh,Level Up IAS,Sociology,3,What do you understand by discrete castes and muddled hierarchies? ( 20 marks),"Type: question, Word limit: , Marks: 20",https://drive.google.com/file/d/1v5yWjjvVnibCK-MdN5eTmjEnD9hbQEX9/view#page=3
Virender Singh,Level Up IAS,Sociology,2,Comment on the following in about 150 words each: 10x5=50 (a) Modernity should be seen in the light of its historical context. Explain the origin & nature of modernity in Indian society. ( b ) “Sociology emerged in Europe and flourish ed to begin with on social . reformist to begin with on social reformist orientation in the U.S.A”. - comment. (c) Describe the changing equation of sociology with o,"Type: question, Word limit: 150, Marks: ",https://drive.google.com/file/d/1S4g8qGDZpqAtpu3e6xCuNy80YV6QcN3o/view#page=2
Virender Singh,Level Up IAS,Sociology,2,In what way ‘interpretative’ method is different from ‘positivist’ approach in the study of social phenomena? ( 20 marks),"Type: question, Word limit: , Marks: 20",https://drive.google.com/file/d/1S4g8qGDZpqAtpu3e6xCuNy80YV6QcN3o/view#page=2
Virender Singh,Level Up IAS,Sociology,2,What makes Durkheim’s research on Suicide rate a positivist research. Clarify . ( 20 marks),"Type: question, Word limit: , Marks: 20",https://drive.google.com/file/d/1S4g8qGDZpqAtpu3e6xCuNy80YV6QcN3o/view#page=2
Virender Singh,Level Up IAS,Sociology,3,Examine the problems of maintaining objectivity and value neutrality in social science research? (20 marks),"Type: question, Word limit: , Marks: 20",https://drive.google.com/file/d/1S4g8qGDZpqAtpu3e6xCuNy80YV6QcN3o/view#page=3
Virender Singh,Level Up IAS,Sociology,3,"Answer the following in about 150 words each: 10x5=50 (a) Describe the process of “operationalization of variable “with few examples. (b) While economics is about how people make choice, sociology is about they don’t have any choice to make. What do you understand by the given statement?","Type: question, Word limit: 150, Marks: ",https://drive.google.com/file/d/1S4g8qGDZpqAtpu3e6xCuNy80YV6QcN3o/view#page=3
Virender Singh,Level Up IAS,Sociology,3,Explain the different types of non - probability sampling techniques. Bring out the conditions of their usage with appropriate examples. ( 20 marks),"Type: question, Word limit: , Marks: 20",https://drive.google.com/file/d/1S4g8qGDZpqAtpu3e6xCuNy80YV6QcN3o/view#page=3
Virender Singh,Level Up IAS,Sociology,3,Discuss the challenges involved in collecting data through Survey . ( 20 marks),"Type: question, Word limit: , Marks: 20",https://drive.google.com/file/d/1S4g8qGDZpqAtpu3e6xCuNy80YV6QcN3o/view#page=3
Virender Singh,Level Up IAS,Sociology,3,Is Sociology a Science? Give reasons for your answer. ( 20 marks),"Type: question, Word limit: , Marks: 20",https://drive.google.com/file/d/1S4g8qGDZpqAtpu3e6xCuNy80YV6QcN3o/view#page=3
Aaryan Chetiwal,Sleepy Classes,Sociology,2,How is the understanding of social action of Parsons and Weber different? (10 Marks),"Type: question, Word limit: , Marks: 10",https://sleepyclasses.com/wp-content/uploads/2025/06/Aaryan-Chetiwal-Mains-2024-FLT-1.pdf#page=2
Aaryan Chetiwal,Sleepy Classes,Sociology,2,How does Marx view social conflict as an essential element in social change? (10 Marks),"Type: question, Word limit: , Marks: 10",https://sleepyclasses.com/wp-content/uploads/2025/06/Aaryan-Chetiwal-Mains-2024-FLT-1.pdf#page=2
Aaryan Chetiwal,Sleepy Classes,Sociology,2,Farmer suicides is a major issue facing Indian agricultural society. Evaluate the same using Durkheim's theory of suicide and offer ways out of this issue. (10 Marks),"Type: question, Word limit: 150, Marks: 10",https://sleepyclasses.com/wp-content/uploads/2025/06/Aaryan-Chetiwal-Mains-2024-FLT-1.pdf#page=2
REKHA MEENA,IAS Delhi Institute,Medical Science,41,What is intraepithelial neoplasia (CIS)? Classify carcinoma of cervix. Give C. pathology of it. (15 M),"Type: question, Word limit: , Marks: 15",https://drive.google.com/file/d/1z6qyGLim0Y-IdWGvSsk_86MgJZ0x2_ur/view#page=41
REKHA MEENA,IAS Delhi Institute,Medical Science,41,"How the iron absorbed, transported & stored in our body? What are the tests to assess status of iron in body? (10 M)","Type: question, Word limit: , Marks: 10",https://drive.google.com/file/d/15P_ASx_JeUGjLhY6vg9g4zyQlxX3RNMw/view#page=41
REKHA MEENA,IAS Delhi Institute,Medical Science,50,"Define synapse, enumerate the steps of synaptic transmission. What is the significance of synaptic delay?","Type: question, Word limit: , Marks: 8",https://drive.google.com/file/d/15P_ASx_JeUGjLhY6vg9g4zyQlxX3RNMw/view#page=50
KUNAL AGARWAL,IAS Delhi Institute,PSIR,5,Post-Behaviouralism as “credo of relevance”. Comment (15 Marks),"Type: question, Word limit: , Marks: 15",https://drive.google.com/file/d/1DLIw9j7insmEZ6UR2UYJmP_9fX-W05Iw/view#page=5
KUNAL AGARWAL,IAS Delhi Institute,PSIR,13,“Each man is an end in itself. No one ought to treat the other as a means to an end” – Immanuel Kant. Critically analyse with respect to Aristotle’s Theory of Slavery. (15 Marks),"Type: question, Word limit: , Marks: 15",https://drive.google.com/file/d/1DLIw9j7insmEZ6UR2UYJmP_9fX-W05Iw/view#page=13
KUNAL AGARWAL,IAS Delhi Institute,PSIR,16,"“Feeling of inequality, howsoever real or imagined, is the most common cause behind any revolution.” - Aristotle. Comment (15 Marks)","Type: question, Word limit: , Marks: 15",https://drive.google.com/file/d/1DLIw9j7insmEZ6UR2UYJmP_9fX-W05Iw/view#page=16
